state,vegetable,fork-ranger-name,January,February,March,April,May,June,July,August,September,October,November,December
alabama,apples,Apple,,,,,,,Starting Now,Prime Time,Prime Time,Last Chance,,
alabama,arugula,Rocket,,,Starting Now,Prime Time,Prime Time,Prime Time,Prime Time,Prime Time,Prime Time,Prime Time,Last Chance,
alabama,asian-pears,?,,,,,,,,Starting Now,Prime Time,Last Chance,,
alabama,asparagus,Asparagus,,,Starting Now,Prime Time,Prime Time,Last Chance,,,,,,
alabama,basil,-,,,,,Starting Now,Prime Time,Prime Time,Prime Time,Prime Time,Last Chance,,
alabama,beets,Beetroot,,,,Starting Now,Prime Time,Prime Time,Last Chance,,,,,
alabama,black-eyed-peas,-,,,,,Starting Now,Prime Time,Prime Time,Prime Time,Prime Time,Last Chance,,
alabama,blackberries,Blackberry,,,,,,Starting Now,Prime Time,Prime Time,Last Chance,,,
alabama,blueberries,Blueberry,,,,,Starting Now,Prime Time,Prime Time,Last Chance,,,,
alabama,bok-choy,Bok Choy?,,,,Starting Now,Prime Time,Prime Time,Prime Time,Prime Time,Prime Time,Last Chance,,
alabama,boysenberries,?,,,,,,Starting Now,Prime Time,Prime Time,Last Chance,,,
alabama,brambles,--BROAD-CATEGORY--,,,,,,Starting Now,Prime Time,Prime Time,Last Chance,,,
alabama,broccoli,Broccoli,,,,,Starting Now,Prime Time,Prime Time,Last Chance,,,,
alabama,brussels-sprouts,Brussels sprouts,,,,,,,,,,Starting Now,Last Chance,
alabama,cabbage,White cabbage,,,,Starting Now,Prime Time,Prime Time,Prime Time,Prime Time,Prime Time,Last Chance,,
alabama,cantaloupe,Cantaloupe?,,,,,,Starting Now,Prime Time,Prime Time,Last Chance,,,
alabama,cardoons,Cardoon?,,,,,,,,,,Starting Now,Prime Time,Last Chance
alabama,carrots,Carrot,Prime Time,Prime Time,Prime Time,Prime Time,Prime Time,Prime Time,Prime Time,Prime Time,Prime Time,Prime Time,Prime Time,Prime Time
alabama,cauliflower,Cauliflower,,,Starting Now,Prime Time,Prime Time,Prime Time,Last Chance,,,,,
alabama,celery,Celery,Prime Time,Prime Time,Last Chance,,,,,,,,Starting Now,Prime Time
alabama,celery-root,-,Prime Time,Prime Time,Last Chance,,,,,,,,Starting Now,Prime Time
alabama,chard,Swiss chard?,Prime Time,Prime Time,Prime Time,Prime Time,Prime Time,Last Chance,,,,Starting Now,Prime Time,Prime Time
alabama,cherries,Cherry,,,,,,Starting Now,Last Chance,,,,,
alabama,chicories,?,Prime Time,Last Chance,,,,,,,Starting Now,Prime Time,Prime Time,Prime Time
alabama,chili-peppers,-,,,,,,Starting Now,Prime Time,Prime Time,Prime Time,Last Chance,,
alabama,chives,-,,,Starting Now,Prime Time,Prime Time,Prime Time,Prime Time,Prime Time,Prime Time,Last Chance,,
alabama,cilantro,-,Prime Time,Prime Time,Prime Time,Prime Time,Prime Time,Prime Time,Prime Time,Prime Time,Prime Time,Prime Time,Prime Time,Prime Time
alabama,citrus,--BROAD-CATEGORY--,,,,,,,,,,Starting Now,Prime Time,Last Chance
alabama,clementines,Clementine,,,,,,,,,,Starting Now,Prime Time,Last Chance
alabama,collard-greens,Collard greens?,Prime Time,Prime Time,Prime Time,Prime Time,Prime Time,Prime Time,Prime Time,Prime Time,Prime Time,Prime Time,Prime Time,Prime Time
alabama,corn,Corn,,,,,Starting Now,Prime Time,Prime Time,Prime Time,Last Chance,,,
alabama,cucumbers,Cucumber,,,,,Starting Now,Prime Time,Prime Time,Prime Time,Prime Time,Prime Time,Last Chance,
alabama,edamame,-,,,,,,Starting Now,Prime Time,Prime Time,Last Chance,,,
alabama,eggplant,Aubergine,,,,,Starting Now,Prime Time,Prime Time,Prime Time,Prime Time,Last Chance,,
alabama,endive,Endive,Prime Time,Last Chance,,,,,,,Starting Now,Prime Time,Prime Time,Prime Time
alabama,fava-beans,-,,Starting Now,Prime Time,Prime Time,Last Chance,,,,,,,
alabama,fennel,Fennel,Prime Time,Prime Time,Prime Time,Last Chance,,,,,,Starting Now,Prime Time,Prime Time
alabama,figs,Fig,,,,,,,Starting Now,Prime Time,Prime Time,Last Chance,,
alabama,garlic,-,,,,,,Starting Now,Prime Time,Last Chance,,,,
alabama,garlic-scapes,-,,,,,Prime Time,,,,,,,
alabama,gooseberries,Gooseberries,,,,,,,Starting Now,Last Chance,,,,
alabama,grapefruit,Grapefruit,,,,,,,,,,Starting Now,Prime Time,Last Chance
alabama,grapes,Grapes,,,,,,,Starting Now,Prime Time,Prime Time,Last Chance,,
alabama,green-beans,Green bean,,,,,Starting Now,Prime Time,Prime Time,Prime Time,Prime Time,Prime Time,Last Chance,
alabama,green-onions,-,Starting Now,Prime Time,Prime Time,Prime Time,Prime Time,Prime Time,Last Chance,,,,,
alabama,ground-cherries,-,,,,,,Starting Now,Prime Time,Prime Time,Prime Time,Last Chance,,
alabama,horseradish,Horseradish?,Prime Time,Last Chance,,,,,,,,,,Starting Now
alabama,kale,Kale,Prime Time,Prime Time,Prime Time,Prime Time,Prime Time,Last Chance,,,,Starting Now,Prime Time,Prime Time
alabama,kohlrabi,Kohlrabi,Prime Time,,,,,,,,,,,
alabama,lamb's-quarters,-,,,,Starting Now,Prime Time,Prime Time,Prime Time,Prime Time,Prime Time,Last Chance,,
alabama,lavender,-,,,,,,,Starting Now,Prime Time,Prime Time,Last Chance,,
alabama,leeks,Leek,,,,Starting Now,Prime Time,Prime Time,Prime Time,Last Chance,,,,
alabama,lemons,-,,,,,,,,,,Starting Now,Prime Time,Last Chance
alabama,lettuce,Lettuce,,,Starting Now,Prime Time,Prime Time,Prime Time,Prime Time,Prime Time,Prime Time,Prime Time,Last Chance,
alabama,lima-beans,-,,,,,,,Starting Now,Prime Time,Prime Time,Prime Time,Last Chance,
alabama,loquats,Loquat?,,,,Prime Time,,,,,,,,
alabama,mandarins,Mandarin oranges?,,,,,,,,,,Starting Now,Prime Time,Last Chance
alabama,melons,--BROAD-CATEGORY--,,,,,,Starting Now,Prime Time,Prime Time,Last Chance,,,
alabama,mint,-,Prime Time,Prime Time,Prime Time,Prime Time,Prime Time,Prime Time,Prime Time,Prime Time,Prime Time,Prime Time,Prime Time,Prime Time
alabama,mushrooms,-,,,Starting Now,Prime Time,Prime Time,Prime Time,Prime Time,Prime Time,Prime Time,Prime Time,Last Chance,
alabama,mustard-greens,-,Prime Time,Prime Time,Prime Time,Prime Time,Prime Time,Prime Time,Prime Time,Prime Time,Prime Time,Prime Time,Prime Time,Prime Time
alabama,nectarines,Nectarine,,,,,Starting Now,Prime Time,Prime Time,Prime Time,Prime Time,Prime Time,Prime Time,Last Chance
alabama,nettles,-,,,Starting Now,Last Chance,,,,,,,,
alabama,okra,Okra?,,,,,,Starting Now,Prime Time,Prime Time,Prime Time,Last Chance,,
alabama,onions,-,,,,Starting Now,Prime Time,Prime Time,Prime Time,Prime Time,Prime Time,Prime Time,Last Chance,
alabama,oranges,Orange,,,,,,,,,,Starting Now,Prime Time,Last Chance
alabama,oregano,-,Prime Time,Prime Time,Prime Time,Prime Time,Prime Time,Prime Time,Prime Time,Prime Time,Prime Time,Prime Time,Prime Time,Prime Time
alabama,parsley,-,Prime Time,Prime Time,Last Chance,,,,,,,,Starting Now,Prime Time
alabama,parsnips,Parsnip,Prime Time,Prime Time,Prime Time,Prime Time,Prime Time,Prime Time,Prime Time,Prime Time,Prime Time,Prime Time,Prime Time,Prime Time
alabama,pawpaw,Pawpaw?,,,,,,,,Starting Now,Last Chance,,,
alabama,pea-shoots,?,,,Starting Now,Prime Time,Last Chance,,,,,,,
alabama,peaches,Peach,,,,,Starting Now,Prime Time,Prime Time,Prime Time,Last Chance,,,
alabama,pears,Pear,,,,,,,,Starting Now,Prime Time,Prime Time,Last Chance,
alabama,peas,Peas,,,,Starting Now,Prime Time,Prime Time,Prime Time,Prime Time,Prime Time,Last Chance,,
alabama,pecans,-,Prime Time,Prime Time,Prime Time,Prime Time,Prime Time,Prime Time,Prime Time,Prime Time,Prime Time,Prime Time,Prime Time,Prime Time
alabama,peppers,--BROAD-CATEGORY--,,,,,,Starting Now,Prime Time,Prime Time,Prime Time,Last Chance,,
alabama,persimmons,Persimmon,,,,,,,,,Starting Now,Prime Time,Prime Time,Last Chance
alabama,plums,Plum,,,,,,,Starting Now,Last Chance,,,,
alabama,potatoes,Potato,,,,,Starting Now,Prime Time,Prime Time,Last Chance,,,,
alabama,pummelo,?,,,,,,,,,,Starting Now,Prime Time,Last Chance
alabama,pumpkin,Pumpkin,,,,,,,,,Starting Now,Prime Time,Last Chance,
alabama,purslane,-,,,,Starting Now,Prime Time,Prime Time,Prime Time,Prime Time,Prime Time,Last Chance,,
alabama,quince,-,,,,,,,,,,,Prime Time,
alabama,radicchio,Radicchio?,Prime Time,Last Chance,,,,,,,Starting Now,Prime Time,Prime Time,Prime Time
alabama,radishes,Radish?,,,Starting Now,Prime Time,Prime Time,Last Chance,,,,,,
alabama,rapini,Rapini,Starting Now,Prime Time,Prime Time,Last Chance,,,,,,,,
alabama,raspberries,Raspberry,,,,,,Starting Now,Prime Time,Prime Time,Last Chance,,,
alabama,rhubarb,Rhubarb?,,Starting Now,Prime Time,Prime Time,Last Chance,,,,,,,
alabama,rosemary,-,Prime Time,Prime Time,Prime Time,Prime Time,Prime Time,Prime Time,Prime Time,Prime Time,Prime Time,Prime Time,Prime Time,Prime Time
alabama,rutabaga,?,,,,,,,,,Starting Now,Prime Time,Prime Time,Last Chance
alabama,sage,-,Prime Time,Prime Time,Prime Time,Prime Time,Prime Time,Prime Time,Prime Time,Prime Time,Prime Time,Prime Time,Prime Time,Prime Time
alabama,shallots,?,,Starting Now,Last Chance,,,Starting Now,Last Chance,,,,,
alabama,shell-beans,-,,,,,,,Starting Now,Prime Time,Prime Time,Prime Time,Last Chance,
alabama,snap-peas,?,,,,Starting Now,Prime Time,Prime Time,Last Chance,,,,,
alabama,snow-peas,?,,,,Starting Now,Prime Time,Prime Time,Last Chance,,,,,
alabama,sorrel,-,,,,Starting Now,Prime Time,Prime Time,Last Chance,,,,,
alabama,spinach,Spinach,,,,Starting Now,Prime Time,Prime Time,Last Chance,,,,,
alabama,sprouts,-,Prime Time,Prime Time,Prime Time,Prime Time,Prime Time,Prime Time,Prime Time,Prime Time,Prime Time,Prime Time,Prime Time,Prime Time
alabama,strawberries,Strawberry,,,Starting Now,Prime Time,Prime Time,Prime Time,Last Chance,,,,,
alabama,summer-squash,Summer squash,,,,Starting Now,Prime Time,Prime Time,Prime Time,Prime Time,Last Chance,,,
alabama,sunchokes,-,Starting Now,Last Chance,,,Starting Now,Prime Time,Last Chance,,,,,
alabama,sweet-potatoes,Sweet potato,,,,,,,Starting Now,Prime Time,Prime Time,Prime Time,Last Chance,
alabama,tangerines,-,,,,,,,,,,Starting Now,Prime Time,Last Chance
alabama,tarragon,-,Prime Time,Prime Time,Prime Time,Prime Time,Prime Time,Prime Time,Prime Time,Prime Time,Prime Time,Prime Time,Prime Time,Prime Time
alabama,thyme,-,Prime Time,Prime Time,Prime Time,Prime Time,Prime Time,Prime Time,Prime Time,Prime Time,Prime Time,Prime Time,Prime Time,Prime Time
alabama,tomatillos,?,,,,,,Starting Now,Prime Time,Prime Time,Prime Time,Last Chance,,
alabama,tomatoes,Tomato,,,,,,Starting Now,Prime Time,Prime Time,Prime Time,Last Chance,,
alabama,turnips,Turnip,Starting Now,Prime Time,Prime Time,Last Chance,,,,,,,,
alabama,watercress,?,,,,Starting Now,Prime Time,Prime Time,Last Chance,,,,,
alabama,watermelon,Watermelon,,,,,,Starting Now,Prime Time,Prime Time,Last Chance,,,
alabama,winter-squash,Winter squash,,,,,,,,Starting Now,Prime Time,Prime Time,Prime Time,Last Chance
alabama,yams,Yam,Prime Time,Prime Time,Prime Time,Prime Time,Prime Time,Prime Time,Prime Time,Prime Time,Prime Time,Prime Time,Prime Time,Prime Time
alabama,zucchini,Zucchini,,,,Starting Now,Prime Time,Prime Time,Prime Time,Prime Time,Last Chance,,,
alaska,apples,Apple,,,,,,,Starting Now,Prime Time,Last Chance,,,
alaska,apricots,Apricot,,,,,,,Starting Now,Last Chance,,,,
alaska,arugula,Rocket,,,,,Starting Now,Prime Time,Prime Time,Prime Time,Prime Time,Last Chance,,
alaska,asian-pears,?,,,,,,,,Starting Now,Last Chance,,,
alaska,asparagus,Asparagus,,,,,Starting Now,Last Chance,,,,,,
alaska,basil,-,,,,,,Starting Now,Prime Time,Prime Time,Prime Time,Last Chance,,
alaska,beets,Beetroot,,,,,,,Starting Now,Prime Time,Prime Time,Prime Time,Last Chance,
alaska,blackberries,Blackberry,,,,,,,Starting Now,Last Chance,,,,
alaska,blueberries,Blueberry,,,,,,,Starting Now,Prime Time,Last Chance,,,
alaska,bok-choy,Bok Choy?,,,,,,,Starting Now,Prime Time,Prime Time,Prime Time,Last Chance,
alaska,brambles,--BROAD-CATEGORY--,,,,,,,Starting Now,Last Chance,,,,
alaska,broccoli,Broccoli,,,,,,Starting Now,Prime Time,Prime Time,Last Chance,,,
alaska,brussels-sprouts,Brussels sprouts,,,,,,,,Starting Now,Prime Time,Prime Time,Last Chance,
alaska,cabbage,White cabbage,,,,,,,Starting Now,Prime Time,Prime Time,Prime Time,Last Chance,
alaska,cantaloupe,Cantaloupe?,,,,,,,Starting Now,Prime Time,Last Chance,,,
alaska,carrots,Carrot,,,,,,,,Starting Now,Prime Time,Prime Time,Last Chance,
alaska,cauliflower,Cauliflower,,,,,,,Starting Now,Prime Time,Last Chance,,,
alaska,celery,Celery,,,,,,,,Starting Now,Last Chance,,,
alaska,celery-root,-,,,,,,,,Starting Now,Last Chance,,,
alaska,chard,Swiss chard?,,,,,,Starting Now,Prime Time,Prime Time,Prime Time,Last Chance,,
alaska,cherries,Cherry,,,,,,Starting Now,Last Chance,,,,,
alaska,chicories,?,Prime Time,Prime Time,Prime Time,Last Chance,,,,,,Starting Now,Prime Time,Prime Time
alaska,chili-peppers,-,,,,,,Starting Now,Prime Time,Last Chance,,,,
alaska,chives,-,,,,Starting Now,Prime Time,Prime Time,Prime Time,Prime Time,Last Chance,,,
alaska,collard-greens,Collard greens?,,,,,,Starting Now,Prime Time,Prime Time,Prime Time,Prime Time,Last Chance,
alaska,corn,Corn,,,,,,,,Starting Now,Last Chance,,,
alaska,cucumbers,Cucumber,,,,,,Starting Now,Prime Time,Prime Time,Prime Time,Last Chance,,
alaska,currants,Currants,,,,,,,Starting Now,Prime Time,Last Chance,,,
alaska,eggplant,Aubergine,,,,,,,Starting Now,Prime Time,Last Chance,,,
alaska,endive,Endive,Prime Time,Prime Time,Prime Time,Last Chance,,,,,,Starting Now,Prime Time,Prime Time
alaska,garlic,-,,,,,,,,Starting Now,Prime Time,Prime Time,Prime Time,Last Chance
alaska,grapes,Grapes,,,,,,,Starting Now,Last Chance,,,,
alaska,green-beans,Green bean,,,,,,,Starting Now,Prime Time,Last Chance,,,
alaska,green-onions,-,,,,,,Starting Now,Prime Time,Prime Time,Last Chance,,,
alaska,ground-cherries,-,,,,,,,Starting Now,Prime Time,Last Chance,,,
alaska,kale,Kale,,,,,,Starting Now,Prime Time,Prime Time,Prime Time,Prime Time,Last Chance,
alaska,lamb's-quarters,-,,,,,,Starting Now,Prime Time,Prime Time,Last Chance,,,
alaska,leeks,Leek,,,,,,,,,Starting Now,Prime Time,Last Chance,
alaska,lettuce,Lettuce,,,,,Starting Now,Prime Time,Prime Time,Prime Time,Prime Time,Last Chance,,
alaska,lima-beans,-,,,,,,,Starting Now,Prime Time,Last Chance,,,
alaska,mushrooms,-,Prime Time,Prime Time,Prime Time,Prime Time,Prime Time,Prime Time,Prime Time,Prime Time,Prime Time,Prime Time,Prime Time,Prime Time
alaska,mustard-greens,-,,,,,,Starting Now,Prime Time,Prime Time,Prime Time,Prime Time,Last Chance,
alaska,nectarines,Nectarine,,,,,,,Starting Now,Last Chance,,,,
alaska,onions,-,,,,,,Starting Now,Prime Time,Prime Time,Prime Time,Prime Time,Last Chance,
alaska,parsnips,Parsnip,,,,,,,,Starting Now,Prime Time,Prime Time,Last Chance,
alaska,pea-shoots,?,,,,,,,Starting Now,Last Chance,,,,
alaska,pears,Pear,,,,,,,,Starting Now,Last Chance,,,
alaska,peas,Peas,,,,,,,Starting Now,Last Chance,,,,
alaska,peppers,--BROAD-CATEGORY--,,,,,,,Starting Now,Prime Time,Last Chance,,,
alaska,plums,Plum,,,,,,,,,Prime Time,,,
alaska,potatoes,Potato,,,,,Starting Now,Prime Time,Prime Time,Prime Time,Prime Time,Prime Time,Last Chance,
alaska,pumpkin,Pumpkin,,,,,,,,,Starting Now,Last Chance,,
alaska,purslane,-,,,,,,Starting Now,Prime Time,Prime Time,Last Chance,,,
alaska,quince,-,,,,,,,,,,Prime Time,,
alaska,radicchio,Radicchio?,Prime Time,Prime Time,Prime Time,Last Chance,,,,,,Starting Now,Prime Time,Prime Time
alaska,radishes,Radish?,,,,,,Starting Now,Prime Time,Prime Time,Prime Time,Last Chance,,
alaska,rapini,Rapini,,,,,,,Starting Now,Prime Time,Prime Time,Prime Time,Last Chance,
alaska,raspberries,Raspberry,,,,,,,Starting Now,Last Chance,,,,
alaska,rhubarb,Rhubarb?,,,,,Starting Now,Prime Time,Prime Time,Prime Time,Prime Time,Last Chance,,
alaska,rosemary,-,,,,Starting Now,Prime Time,Prime Time,Prime Time,Prime Time,Last Chance,,,
alaska,rutabaga,?,,,,,,,,Starting Now,Last Chance,,,
alaska,sage,-,,,,Starting Now,Prime Time,Prime Time,Prime Time,Prime Time,Last Chance,,,
alaska,shallots,?,,,,,,,Starting Now,Prime Time,Prime Time,Last Chance,,
alaska,shell-beans,-,,,,,,,Starting Now,Prime Time,Last Chance,,,
alaska,snap-peas,?,,,,,,,Starting Now,Prime Time,Last Chance,,,
alaska,snow-peas,?,,,,,,,Starting Now,Prime Time,Last Chance,,,
alaska,sorrel,-,,,,,,Starting Now,Prime Time,Prime Time,Last Chance,,,
alaska,spinach,Spinach,,,,,,Starting Now,Prime Time,Prime Time,Last Chance,,,
alaska,sprouts,-,Prime Time,Prime Time,Prime Time,Prime Time,Prime Time,Prime Time,Prime Time,Prime Time,Prime Time,Prime Time,Prime Time,Prime Time
alaska,strawberries,Strawberry,,,,,,,Starting Now,Prime Time,Last Chance,,,
alaska,summer-squash,Summer squash,,,,,,,Starting Now,Prime Time,Last Chance,,,
alaska,sunchokes,-,Starting Now,Prime Time,Last Chance,,Starting Now,Prime Time,Prime Time,Last Chance,,,,
alaska,tarragon,-,,,,Starting Now,Prime Time,Last Chance,,,,,,
alaska,thyme,-,,,,,,Starting Now,Prime Time,Prime Time,Last Chance,,,
alaska,tomatillos,?,,,,,Starting Now,Prime Time,Prime Time,Prime Time,Prime Time,Prime Time,Last Chance,
alaska,tomatoes,Tomato,,,,,Starting Now,Prime Time,Prime Time,Prime Time,Prime Time,Prime Time,Last Chance,
alaska,turnips,Turnip,,,,,,,Starting Now,Prime Time,Prime Time,Prime Time,Last Chance,
alaska,watercress,?,,,,Starting Now,Prime Time,Prime Time,Last Chance,,,,,
alaska,winter-squash,Winter squash,,,,,,,,Starting Now,Prime Time,Last Chance,,
alaska,zucchini,Zucchini,,,,,,,Starting Now,Prime Time,Last Chance,,,
arizona,apples,Apple,,,,,,,,Starting Now,Prime Time,Prime Time,Prime Time,Last Chance
arizona,apricots,Apricot,,,,,Starting Now,Last Chance,,,,,,
arizona,arugula,Rocket,Prime Time,Prime Time,Prime Time,Last Chance,,,,,,,Starting Now,Prime Time
arizona,asparagus,Asparagus,,Starting Now,Prime Time,Prime Time,Last Chance,,,,,,,
arizona,basil,-,,,,,,,,Starting Now,Prime Time,Prime Time,Last Chance,
arizona,beets,Beetroot,Prime Time,Prime Time,Last Chance,,,,,,,,Starting Now,Prime Time
arizona,black-eyed-peas,-,,,,,,,Starting Now,Prime Time,Last Chance,,,
arizona,blackberries,Blackberry,,,,,Starting Now,Last Chance,,,,,,
arizona,blueberries,Blueberry,,,,,,Starting Now,Last Chance,,,,,
arizona,bok-choy,Bok Choy?,Prime Time,Prime Time,Last Chance,,,,,,,,Starting Now,Prime Time
arizona,boysenberries,?,,,,,Starting Now,Last Chance,,,,,,
arizona,brambles,--BROAD-CATEGORY--,,,,,Starting Now,Last Chance,,,,,,
arizona,broccoli,Broccoli,Prime Time,Prime Time,Last Chance,,,,,,,Starting Now,Prime Time,Prime Time
arizona,brussels-sprouts,Brussels sprouts,Prime Time,Prime Time,Last Chance,,,,,,,,,Starting Now
arizona,cabbage,White cabbage,Prime Time,Prime Time,Prime Time,Prime Time,Prime Time,Prime Time,Prime Time,Prime Time,Prime Time,Prime Time,Prime Time,Prime Time
arizona,cantaloupe,Cantaloupe?,,,,,Starting Now,Prime Time,Prime Time,Prime Time,Prime Time,Prime Time,Last Chance,
arizona,cardoons,Cardoon?,,,,,,,,,,Starting Now,Prime Time,Last Chance
arizona,carrots,Carrot,Prime Time,Prime Time,Prime Time,Prime Time,Prime Time,Prime Time,Prime Time,Prime Time,Prime Time,Prime Time,Prime Time,Prime Time
arizona,cauliflower,Cauliflower,Prime Time,Prime Time,Prime Time,Last Chance,,,,,,,Starting Now,Prime Time
arizona,celery,Celery,Prime Time,Prime Time,Last Chance,,,,,,,,Starting Now,Prime Time
arizona,celery-root,-,Prime Time,Prime Time,Last Chance,,,,,,,,Starting Now,Prime Time
arizona,chard,Swiss chard?,Prime Time,Prime Time,Prime Time,Last Chance,,,,,,,Starting Now,Prime Time
arizona,cherries,Cherry,,,,,,Prime Time,,,,,,
arizona,chicories,?,Prime Time,Prime Time,Prime Time,Last Chance,,,,,,,Starting Now,Prime Time
arizona,chili-peppers,-,,,,,,,Starting Now,Prime Time,Last Chance,,,
arizona,chives,-,,,Starting Now,Prime Time,Prime Time,Prime Time,Prime Time,Prime Time,Prime Time,Last Chance,,
arizona,cilantro,-,Prime Time,Prime Time,Prime Time,Last Chance,,,,,,,Starting Now,Prime Time
arizona,citrus,--BROAD-CATEGORY--,Prime Time,Prime Time,Prime Time,Prime Time,Prime Time,Prime Time,Last Chance,,,,Starting Now,Prime Time
arizona,clementines,Clementine,Prime Time,Prime Time,Last Chance,,,,,,,,,Starting Now
arizona,collard-greens,Collard greens?,Prime Time,Prime Time,Prime Time,Last Chance,,,,,,,Starting Now,Prime Time
arizona,corn,Corn,,,,,Starting Now,Prime Time,Prime Time,Prime Time,Prime Time,Prime Time,Last Chance,
arizona,cucumbers,Cucumber,Prime Time,Prime Time,Prime Time,Prime Time,Prime Time,Prime Time,Prime Time,Prime Time,Prime Time,Prime Time,Prime Time,Prime Time
arizona,dates,Dates,,,,,,,,,Starting Now,Last Chance,,
arizona,endive,Endive,Prime Time,Prime Time,Last Chance,,,,,,,,Starting Now,Prime Time
arizona,fava-beans,-,,Starting Now,Prime Time,Last Chance,,,,,,,,
arizona,figs,Fig,,,,,Starting Now,Last Chance,,,,,,
arizona,garlic,-,,Starting Now,Prime Time,Prime Time,Prime Time,Prime Time,Last Chance,,,,,
arizona,garlic-scapes,-,,Starting Now,Prime Time,Prime Time,Prime Time,Last Chance,,,,,,
arizona,grapefruit,Grapefruit,Prime Time,Prime Time,Prime Time,Prime Time,Prime Time,Prime Time,Prime Time,Prime Time,Prime Time,Prime Time,Prime Time,Prime Time
arizona,grapes,Grapes,,,,,Starting Now,Prime Time,Prime Time,Prime Time,Last Chance,,,
arizona,green-beans,Green bean,,,,,Starting Now,Last Chance,,,Prime Time,,,
arizona,green-onions,-,Prime Time,Prime Time,Prime Time,Prime Time,Last Chance,,,,Starting Now,Prime Time,Prime Time,Prime Time
arizona,ground-cherries,-,Prime Time,Prime Time,Prime Time,Prime Time,Prime Time,Prime Time,Prime Time,Prime Time,Prime Time,Prime Time,Prime Time,Prime Time
arizona,horseradish,Horseradish?,Prime Time,Last Chance,,,,,,,,,,Starting Now
arizona,kale,Kale,Prime Time,Prime Time,Prime Time,Last Chance,,,,,,,Starting Now,Prime Time
arizona,kohlrabi,Kohlrabi,Prime Time,Prime Time,Last Chance,,,,,,,,,Starting Now
arizona,lamb's-quarters,-,,,,,,Starting Now,Prime Time,Prime Time,Last Chance,,,
arizona,lavender,-,,,,,,,Starting Now,Prime Time,Prime Time,Last Chance,,
arizona,leeks,Leek,Prime Time,Prime Time,Last Chance,,,,,,,,Starting Now,Prime Time
arizona,lemons,-,Prime Time,Prime Time,Last Chance,,,,,Starting Now,Prime Time,Prime Time,Prime Time,Prime Time
arizona,lettuce,Lettuce,Prime Time,Prime Time,Prime Time,Last Chance,,,,,,,Starting Now,Prime Time
arizona,lima-beans,-,,,,,,,Starting Now,Prime Time,Prime Time,Last Chance,,
arizona,loquats,Loquat?,Starting Now,Prime Time,Prime Time,Prime Time,Prime Time,Last Chance,,,,,,
arizona,mandarins,Mandarin oranges?,Prime Time,Prime Time,Last Chance,,,,,Starting Now,Prime Time,Prime Time,Prime Time,Prime Time
arizona,melons,--BROAD-CATEGORY--,,,,,Starting Now,Prime Time,Prime Time,Prime Time,Prime Time,Last Chance,,
arizona,mint,-,,,,Starting Now,Prime Time,Prime Time,Prime Time,Prime Time,Prime Time,Last Chance,,
arizona,mushrooms,-,Prime Time,Prime Time,Prime Time,Prime Time,Prime Time,Prime Time,Prime Time,Prime Time,Prime Time,Prime Time,Prime Time,Prime Time
arizona,mustard-greens,-,Prime Time,Prime Time,Prime Time,Last Chance,,,,,,,Starting Now,Prime Time
arizona,nectarines,Nectarine,,,,,Starting Now,Prime Time,Last Chance,,,,,
arizona,nopales,Prickly pear,,,,,,,,,Starting Now,Prime Time,Prime Time,Last Chance
arizona,okra,Okra?,,,,,,,Starting Now,Prime Time,Last Chance,,,
arizona,onions,-,,,,Starting Now,Prime Time,Prime Time,Prime Time,Last Chance,,,,
arizona,oranges,Orange,Prime Time,Prime Time,Last Chance,,,,,,,,Starting Now,Prime Time
arizona,oregano,-,,,,Starting Now,Prime Time,Prime Time,Prime Time,Prime Time,Prime Time,Last Chance,,
arizona,parsley,-,Prime Time,Prime Time,Prime Time,Last Chance,,,,,,Starting Now,Prime Time,Prime Time
arizona,parsnips,Parsnip,,,,,Starting Now,Last Chance,,,,,,
arizona,pea-shoots,?,,,,Starting Now,Prime Time,Prime Time,Prime Time,Prime Time,Last Chance,,,
arizona,peaches,Peach,,,,,Starting Now,Last Chance,,Prime Time,,,,
arizona,pears,Pear,,,,,,,,Prime Time,,,,
arizona,peas,Peas,,,,Starting Now,Prime Time,Prime Time,Prime Time,Prime Time,Last Chance,,,
arizona,pecans,-,Last Chance,,,,,,,,,,Starting Now,Prime Time
arizona,peppers,--BROAD-CATEGORY--,,,,,,Starting Now,Prime Time,Prime Time,Prime Time,Prime Time,Last Chance,
arizona,pistachios,-,,,,,,,,Starting Now,Last Chance,,,
arizona,plums,Plum,,,,,,Starting Now,Prime Time,Last Chance,,,,
arizona,potatoes,Potato,,,,Starting Now,Prime Time,Prime Time,Last Chance,,,,,
arizona,pummelo,?,Prime Time,Prime Time,Prime Time,Prime Time,Prime Time,Prime Time,Prime Time,Prime Time,Prime Time,Prime Time,Prime Time,Prime Time
arizona,pumpkin,Pumpkin,,,,,,,,,Starting Now,Last Chance,,
arizona,purslane,-,,,,,,Starting Now,Prime Time,Prime Time,Last Chance,,,
arizona,quince,-,,,,,,,,,,,Prime Time,
arizona,radicchio,Radicchio?,Prime Time,Prime Time,Last Chance,,,,,,,,,Starting Now
arizona,radishes,Radish?,Prime Time,Prime Time,Prime Time,Prime Time,Last Chance,,,,,Starting Now,Prime Time,Prime Time
arizona,rapini,Rapini,Prime Time,Prime Time,Last Chance,,,,,,,,,Starting Now
arizona,raspberries,Raspberry,,,,,Starting Now,Last Chance,,,,,,
arizona,rosemary,-,,,,Starting Now,Prime Time,Prime Time,Prime Time,Prime Time,Prime Time,Prime Time,Last Chance,
arizona,rutabaga,?,Prime Time,Prime Time,Last Chance,,,,,,,,,Starting Now
arizona,sage,-,,,,Starting Now,Prime Time,Prime Time,Prime Time,Prime Time,Prime Time,Prime Time,Last Chance,
arizona,salsify,-,Last Chance,,,,,,,,,Starting Now,Prime Time,Prime Time
arizona,shallots,?,,,,,Starting Now,Prime Time,Prime Time,Prime Time,Prime Time,Last Chance,,
arizona,shell-beans,-,,,,,,,Starting Now,Prime Time,Prime Time,Last Chance,,
arizona,sorrel,-,Prime Time,Prime Time,Last Chance,,,,,,,Starting Now,Prime Time,Prime Time
arizona,spinach,Spinach,Prime Time,Prime Time,Last Chance,,,,,,,Starting Now,Prime Time,Prime Time
arizona,sprouts,-,Prime Time,Prime Time,Prime Time,Prime Time,Prime Time,Prime Time,Prime Time,Prime Time,Prime Time,Prime Time,Prime Time,Prime Time
arizona,strawberries,Strawberry,,Starting Now,Prime Time,Last Chance,,,,,,,,
arizona,summer-squash,Summer squash,,,,,,Starting Now,Prime Time,Prime Time,Prime Time,Last Chance,,
arizona,sunchokes,-,Starting Now,Prime Time,Last Chance,,Starting Now,Prime Time,Last Chance,,,,,
arizona,sweet-potatoes,Sweet potato,Prime Time,Prime Time,Last Chance,,,,,,,,,Starting Now
arizona,tangerines,-,,,,,,,,,,,Starting Now,Last Chance
arizona,tarragon,-,,,,Starting Now,Prime Time,Last Chance,,,,,,
arizona,thyme,-,Prime Time,Prime Time,Prime Time,Prime Time,Prime Time,Prime Time,Prime Time,Prime Time,Prime Time,Prime Time,Prime Time,Prime Time
arizona,tomatillos,?,Prime Time,Prime Time,Prime Time,Prime Time,Prime Time,Prime Time,Prime Time,Prime Time,Prime Time,Prime Time,Prime Time,Prime Time
arizona,tomatoes,Tomato,Prime Time,Prime Time,Prime Time,Prime Time,Prime Time,Prime Time,Prime Time,Prime Time,Prime Time,Prime Time,Prime Time,Prime Time
arizona,turnips,Turnip,Prime Time,Prime Time,Prime Time,Last Chance,,,,,,,Starting Now,Prime Time
arizona,watercress,?,,,,Starting Now,Prime Time,Prime Time,Last Chance,,,,,
arizona,watermelon,Watermelon,,,,,Starting Now,Prime Time,Prime Time,Prime Time,Prime Time,Prime Time,Last Chance,
arizona,winter-squash,Winter squash,,,,,,,,,Starting Now,Prime Time,Last Chance,
arizona,zucchini,Zucchini,,,,Starting Now,Prime Time,Prime Time,Prime Time,Prime Time,Last Chance,,,
arkansas,apples,Apple,,,,,,,Starting Now,Prime Time,Prime Time,Last Chance,,
arkansas,arugula,Rocket,,,,Starting Now,Prime Time,Prime Time,Prime Time,Last Chance,,,,
arkansas,asian-pears,?,,,,,,,,Starting Now,Prime Time,Last Chance,,
arkansas,asparagus,Asparagus,,,,Starting Now,Last Chance,,,,,,,
arkansas,basil,-,,,,,Starting Now,Prime Time,Prime Time,Prime Time,Prime Time,Last Chance,,
arkansas,beets,Beetroot,,,,Starting Now,Last Chance,,,,,,Starting Now,Last Chance
arkansas,black-eyed-peas,-,,,,Starting Now,Prime Time,Prime Time,Last Chance,,,,,
arkansas,blackberries,Blackberry,,,,,,Starting Now,Last Chance,,,,,
arkansas,blueberries,Blueberry,,,,,,Starting Now,Last Chance,,,,,
arkansas,bok-choy,Bok Choy?,Last Chance,,,,Starting Now,Last Chance,,,,,Starting Now,Prime Time
arkansas,boysenberries,?,,,,,,Starting Now,Last Chance,,,,,
arkansas,brambles,--BROAD-CATEGORY--,,,,,,Starting Now,Last Chance,,,,,
arkansas,broccoli,Broccoli,,,,,Starting Now,Prime Time,Last Chance,,,,Starting Now,Last Chance
arkansas,brussels-sprouts,Brussels sprouts,,,,,,,,,,Starting Now,Prime Time,Last Chance
arkansas,cabbage,White cabbage,Last Chance,,,,Starting Now,Last Chance,,,,,Starting Now,Prime Time
arkansas,cantaloupe,Cantaloupe?,,,,,,,Starting Now,Prime Time,Prime Time,Last Chance,,
arkansas,cardoons,Cardoon?,,,,,,,,,,Starting Now,Prime Time,Last Chance
arkansas,carrots,Carrot,,,,,Starting Now,Last Chance,,,,,Prime Time,
arkansas,cauliflower,Cauliflower,,,,,Prime Time,,,,,,,
arkansas,celery,Celery,Prime Time,Prime Time,Last Chance,,,,,,,,Starting Now,Prime Time
arkansas,celery-root,-,Prime Time,Prime Time,Last Chance,,,,,,,,Starting Now,Prime Time
arkansas,chard,Swiss chard?,,,,Prime Time,,,,,,,Prime Time,
arkansas,cherries,Cherry,,,,,,Starting Now,Last Chance,,,,,
arkansas,chicories,?,Prime Time,Prime Time,Last Chance,,,,,,,,Starting Now,Prime Time
arkansas,chili-peppers,-,,,,,,Starting Now,Prime Time,Prime Time,Last Chance,,,
arkansas,chives,-,,,Starting Now,Prime Time,Prime Time,Prime Time,Prime Time,Prime Time,Prime Time,Last Chance,,
arkansas,cilantro,-,Prime Time,Prime Time,Prime Time,Last Chance,,,,,,,Starting Now,Prime Time
arkansas,collard-greens,Collard greens?,Prime Time,Prime Time,Prime Time,Prime Time,Last Chance,,,,,,Starting Now,Prime Time
arkansas,corn,Corn,,,,,,Starting Now,Prime Time,Prime Time,Last Chance,,,
arkansas,cucumbers,Cucumber,,,,,Starting Now,Prime Time,Prime Time,Prime Time,Prime Time,Last Chance,,
arkansas,edamame,-,,,,,,Starting Now,Prime Time,Prime Time,Last Chance,,,
arkansas,eggplant,Aubergine,,,,,,Starting Now,Prime Time,Prime Time,Prime Time,Last Chance,,
arkansas,endive,Endive,Prime Time,Prime Time,Last Chance,,,,,,,,Starting Now,Prime Time
arkansas,fava-beans,-,,Starting Now,Prime Time,Prime Time,Last Chance,,,,,,,
arkansas,fennel,Fennel,Prime Time,Prime Time,Prime Time,Last Chance,,,,,,Starting Now,Prime Time,Prime Time
arkansas,garlic,-,,,,,Starting Now,Prime Time,Last Chance,,,,,
arkansas,garlic-scapes,-,,,,,,Prime Time,,,,,,
arkansas,gooseberries,Gooseberries,,,,,,Starting Now,Last Chance,,,,,
arkansas,grapes,Grapes,,,,,,,Starting Now,Prime Time,Last Chance,,,
arkansas,green-beans,Green bean,,,,,,Starting Now,Prime Time,Prime Time,Prime Time,Last Chance,,
arkansas,green-onions,-,Starting Now,Prime Time,Prime Time,Prime Time,Prime Time,Last Chance,,,,,,
arkansas,ground-cherries,-,,,,,Starting Now,Prime Time,Prime Time,Prime Time,Prime Time,Last Chance,,
arkansas,horseradish,Horseradish?,Prime Time,Last Chance,,,,,,,,,,Starting Now
arkansas,kale,Kale,,,Starting Now,Last Chance,,,,,,,Starting Now,Last Chance
arkansas,kohlrabi,Kohlrabi,Prime Time,Prime Time,Prime Time,Last Chance,,,,,,,Starting Now,Prime Time
arkansas,lamb's-quarters,-,,,Starting Now,Prime Time,Prime Time,Prime Time,Prime Time,Prime Time,Prime Time,Prime Time,Last Chance,
arkansas,lavender,-,,,,,,,Starting Now,Prime Time,Prime Time,Last Chance,,
arkansas,leeks,Leek,,,,Starting Now,Prime Time,Prime Time,Prime Time,Last Chance,,,,
arkansas,lettuce,Lettuce,,,,Starting Now,Prime Time,Prime Time,Prime Time,Last Chance,,,,
arkansas,lima-beans,-,,,,,,,Starting Now,Prime Time,Prime Time,Last Chance,,
arkansas,melons,--BROAD-CATEGORY--,,,,,,Starting Now,Prime Time,Prime Time,Last Chance,,,
arkansas,mint,-,,,,Starting Now,Prime Time,Prime Time,Prime Time,Prime Time,Prime Time,Last Chance,,
arkansas,morels,-,,,Starting Now,Prime Time,Last Chance,,,,,,,
arkansas,mushrooms,-,,,Starting Now,Prime Time,Prime Time,Prime Time,Prime Time,Prime Time,Prime Time,Last Chance,,
arkansas,mustard-greens,-,Prime Time,Prime Time,Prime Time,Prime Time,Last Chance,,,,,,Starting Now,Prime Time
arkansas,nectarines,Nectarine,,,,,,Starting Now,Prime Time,Last Chance,,,,
arkansas,nettles,-,,,Starting Now,Last Chance,,,,,,,,
arkansas,okra,Okra?,,,,,,Starting Now,Prime Time,Prime Time,Prime Time,Last Chance,,
arkansas,onions,-,,,,,Starting Now,Last Chance,,,,,,
arkansas,oregano,-,,,,Starting Now,Prime Time,Prime Time,Prime Time,Prime Time,Prime Time,Last Chance,,
arkansas,parsley,-,,,,,Starting Now,Prime Time,Prime Time,Prime Time,Last Chance,,,
arkansas,parsnips,Parsnip,Prime Time,Prime Time,Last Chance,,,,,,,,Starting Now,Prime Time
arkansas,pawpaw,Pawpaw?,,,,,,,,Starting Now,Last Chance,,,
arkansas,pea-shoots,?,,,,Starting Now,Last Chance,,,,,,,
arkansas,peaches,Peach,,,,,,Starting Now,Prime Time,Last Chance,,,,
arkansas,pears,Pear,,,,,,,,Starting Now,Prime Time,Prime Time,Last Chance,
arkansas,peas,Peas,,,,Starting Now,Last Chance,,,,,,Starting Now,Last Chance
arkansas,pecans,-,Prime Time,Prime Time,Prime Time,Prime Time,Prime Time,Prime Time,Prime Time,Prime Time,Prime Time,Prime Time,Prime Time,Prime Time
arkansas,peppers,--BROAD-CATEGORY--,,,,,,Starting Now,Prime Time,Prime Time,Prime Time,Last Chance,,
arkansas,plums,Plum,,,,,,Starting Now,Prime Time,Last Chance,,,,
arkansas,potatoes,Potato,,,,,Starting Now,Prime Time,Last Chance,,,,,
arkansas,pumpkin,Pumpkin,,,,,,,,,Starting Now,Prime Time,Last Chance,
arkansas,purslane,-,,,Starting Now,Prime Time,Prime Time,Prime Time,Prime Time,Prime Time,Prime Time,Prime Time,Last Chance,
arkansas,radicchio,Radicchio?,Prime Time,Prime Time,Last Chance,,,,,,,,Starting Now,Prime Time
arkansas,radishes,Radish?,,,Starting Now,Prime Time,Prime Time,Last Chance,,,,,Starting Now,Last Chance
arkansas,rapini,Rapini,Last Chance,,,,Starting Now,Last Chance,,,,Starting Now,Prime Time,Prime Time
arkansas,raspberries,Raspberry,,,,,,Prime Time,,,,,,
arkansas,rhubarb,Rhubarb?,,Starting Now,Prime Time,Prime Time,Prime Time,Last Chance,,,,,,
arkansas,rosemary,-,,,,Starting Now,Prime Time,Prime Time,Prime Time,Prime Time,Prime Time,Last Chance,,
arkansas,rutabaga,?,,,,,,,,,Starting Now,Prime Time,Prime Time,Last Chance
arkansas,sage,-,,,,Starting Now,Prime Time,Prime Time,Prime Time,Prime Time,Prime Time,Last Chance,,
arkansas,salsify,-,Last Chance,,,,,,,,,Starting Now,Prime Time,Prime Time
arkansas,shallots,?,,,,,,Starting Now,Last Chance,,,,,
arkansas,shell-beans,-,,,,,,,Starting Now,Prime Time,Prime Time,Last Chance,,
arkansas,snap-peas,?,,,,Starting Now,Prime Time,Prime Time,Last Chance,,,,,
arkansas,snow-peas,?,,,,Starting Now,Prime Time,Prime Time,Last Chance,,,,,
arkansas,sorrel,-,,,,Starting Now,Prime Time,Prime Time,Prime Time,Prime Time,Prime Time,Last Chance,,
arkansas,spinach,Spinach,,,Starting Now,Last Chance,,,,,,,Starting Now,Last Chance
arkansas,sprouts,-,Prime Time,Prime Time,Prime Time,Prime Time,Prime Time,Prime Time,Prime Time,Prime Time,Prime Time,Prime Time,Prime Time,Prime Time
arkansas,strawberries,Strawberry,,,,,Starting Now,Last Chance,,,,,,
arkansas,summer-squash,Summer squash,,,,,,Starting Now,Prime Time,Last Chance,,,,
arkansas,sunchokes,-,Starting Now,Last Chance,,,,Starting Now,Last Chance,,,,,
arkansas,sweet-potatoes,Sweet potato,,,,,,,,Starting Now,Prime Time,Last Chance,,
arkansas,tarragon,-,,,,Starting Now,Prime Time,Last Chance,,,,,,
arkansas,thyme,-,,,,Starting Now,Prime Time,Prime Time,Prime Time,Prime Time,Prime Time,Last Chance,,
arkansas,tomatillos,?,,,,,Starting Now,Prime Time,Prime Time,Prime Time,Prime Time,Last Chance,,
arkansas,tomatoes,Tomato,,,,,Starting Now,Prime Time,Prime Time,Prime Time,Prime Time,Last Chance,,
arkansas,turnips,Turnip,Prime Time,Prime Time,Prime Time,Prime Time,Last Chance,,,,,,Starting Now,Prime Time
arkansas,watercress,?,,,,Starting Now,Prime Time,Prime Time,Last Chance,,,,,
arkansas,watermelon,Watermelon,,,,,,,Starting Now,Prime Time,Last Chance,,,
arkansas,winter-squash,Winter squash,,,,,,,,Starting Now,Prime Time,Prime Time,Prime Time,Last Chance
arkansas,zucchini,Zucchini,,,,,,Starting Now,Prime Time,Prime Time,Last Chance,,,
northern-california,apples,Apple,,,,,,,,Starting Now,Prime Time,Prime Time,Last Chance,
northern-california,apricots,Apricot,,,,,Starting Now,Prime Time,Last Chance,,,,,
northern-california,artichokes,Artichoke,,,Starting Now,Prime Time,Prime Time,Last Chance,,,Starting Now,Prime Time,Prime Time,Last Chance
northern-california,arugula,Rocket,Prime Time,Prime Time,Prime Time,Prime Time,Prime Time,Prime Time,Prime Time,Prime Time,Prime Time,Prime Time,Prime Time,Prime Time
northern-california,asian-pears,?,Prime Time,Prime Time,Prime Time,Last Chance,,,,,Starting Now,Prime Time,Prime Time,Prime Time
northern-california,asparagus,Asparagus,,Starting Now,Prime Time,Prime Time,Prime Time,Last Chance,,,,,,
northern-california,avocados,Avocado,,Starting Now,Prime Time,Prime Time,Prime Time,Prime Time,Prime Time,Prime Time,Prime Time,Prime Time,Last Chance,
northern-california,beets,Beetroot,Prime Time,Prime Time,Prime Time,Prime Time,Prime Time,Prime Time,Prime Time,Prime Time,Prime Time,Prime Time,Prime Time,Prime Time
northern-california,blackberries,Blackberry,,,,,Starting Now,Prime Time,Prime Time,Prime Time,Prime Time,Last Chance,,
northern-california,blueberries,Blueberry,,,,,Starting Now,Prime Time,Prime Time,Last Chance,,,,
northern-california,bok-choy,Bok Choy?,Prime Time,Prime Time,Prime Time,Prime Time,Prime Time,Prime Time,Prime Time,Prime Time,Prime Time,Prime Time,Prime Time,Prime Time
northern-california,boysenberries,?,,,,,,Starting Now,Last Chance,,,,,
northern-california,brambles,--BROAD-CATEGORY--,,,,,,Starting Now,Prime Time,Last Chance,,,,
northern-california,broccoli,Broccoli,Prime Time,Prime Time,Prime Time,Prime Time,Prime Time,Prime Time,Prime Time,Prime Time,Prime Time,Prime Time,Prime Time,Prime Time
northern-california,brussels-sprouts,Brussels sprouts,Prime Time,Prime Time,Prime Time,Prime Time,Last Chance,,,,Starting Now,Prime Time,Prime Time,Prime Time
northern-california,burdock,Burdock,,,,,,,Starting Now,Prime Time,Prime Time,Prime Time,Prime Time,Last Chance
northern-california,cabbage,White cabbage,Prime Time,Prime Time,Prime Time,Prime Time,Prime Time,Prime Time,Prime Time,Prime Time,Prime Time,Prime Time,Prime Time,Prime Time
northern-california,cactus-pears,-,,,,,Starting Now,Prime Time,Prime Time,Prime Time,Prime Time,Prime Time,Last Chance,
northern-california,cantaloupe,Cantaloupe?,,,,,Starting Now,Prime Time,Prime Time,Prime Time,Prime Time,Prime Time,Last Chance,
northern-california,cardoons,Cardoon?,Prime Time,Prime Time,Prime Time,Prime Time,Prime Time,Last Chance,,,,,Starting Now,Prime Time
northern-california,carrots,Carrot,Prime Time,Prime Time,Prime Time,Prime Time,Prime Time,Prime Time,Prime Time,Prime Time,Prime Time,Prime Time,Prime Time,Prime Time
northern-california,cauliflower,Cauliflower,Prime Time,Prime Time,Prime Time,Prime Time,Prime Time,Prime Time,Prime Time,Prime Time,Prime Time,Prime Time,Prime Time,Prime Time
northern-california,celery,Celery,Prime Time,Prime Time,Prime Time,Prime Time,Prime Time,Prime Time,Prime Time,Prime Time,Prime Time,Prime Time,Prime Time,Prime Time
northern-california,celery-root,-,,,,Starting Now,Prime Time,Prime Time,Prime Time,Prime Time,Prime Time,Prime Time,Prime Time,Last Chance
northern-california,chard,Swiss chard?,Prime Time,Prime Time,Prime Time,Prime Time,Prime Time,Prime Time,Prime Time,Prime Time,Prime Time,Prime Time,Prime Time,Prime Time
northern-california,cherimoyas,Cherimoya,Prime Time,Prime Time,Prime Time,Prime Time,Last Chance,,,,,,Starting Now,Prime Time
northern-california,cherries,Cherry,,,,Starting Now,Prime Time,Prime Time,Last Chance,,,,,
northern-california,chestnuts,-,,,,,,,,,Starting Now,Prime Time,Prime Time,Last Chance
northern-california,chickpeas,-,,,,Starting Now,Last Chance,,,,,,,
northern-california,chicories,?,Prime Time,Prime Time,Prime Time,Prime Time,Last Chance,,,,,Starting Now,Prime Time,Prime Time
northern-california,chives,-,,,Starting Now,Prime Time,Prime Time,Prime Time,Prime Time,Prime Time,Prime Time,Prime Time,Last Chance,
northern-california,cilantro,-,Prime Time,Prime Time,Prime Time,Prime Time,Prime Time,Prime Time,Prime Time,Prime Time,Prime Time,Prime Time,Prime Time,Prime Time
northern-california,citrus,--BROAD-CATEGORY--,Prime Time,Prime Time,Prime Time,Prime Time,Prime Time,Prime Time,Prime Time,Prime Time,Prime Time,Prime Time,Prime Time,Prime Time
northern-california,clementines,Clementine,Prime Time,Last Chance,,,,,,,,,,Starting Now
northern-california,collard-greens,Collard greens?,Prime Time,Prime Time,Prime Time,Prime Time,Prime Time,Prime Time,Prime Time,Prime Time,Prime Time,Prime Time,Prime Time,Prime Time
northern-california,corn,Corn,,,,,,Starting Now,Prime Time,Prime Time,Prime Time,Last Chance,,
northern-california,cucumbers,Cucumber,,,,Starting Now,Prime Time,Prime Time,Prime Time,Prime Time,Prime Time,Prime Time,Prime Time,Last Chance
northern-california,dates,Dates,,,,,,,,,Starting Now,Prime Time,Last Chance,
northern-california,edamame,-,,,,,,,,,Starting Now,Prime Time,Last Chance,
northern-california,eggplant,Aubergine,,,,,,Starting Now,Prime Time,Prime Time,Prime Time,Last Chance,,
northern-california,endive,Endive,Prime Time,Prime Time,Prime Time,Prime Time,Prime Time,Prime Time,Prime Time,Prime Time,Prime Time,Prime Time,Prime Time,Prime Time
northern-california,fava-beans,-,,,Starting Now,Prime Time,Prime Time,Prime Time,Last Chance,,,,,
northern-california,fennel,Fennel,Prime Time,Prime Time,Prime Time,Prime Time,Prime Time,Prime Time,Prime Time,Prime Time,Prime Time,Prime Time,Prime Time,Prime Time
northern-california,fiddleheads,Fiddleheads,,,Starting Now,Prime Time,Last Chance,,,,,,,
northern-california,figs,Fig,,,,,,Starting Now,Last Chance,,Starting Now,Last Chance,,
northern-california,garlic,-,Prime Time,Prime Time,Prime Time,Prime Time,Prime Time,Prime Time,Prime Time,Prime Time,Prime Time,Prime Time,Prime Time,Prime Time
northern-california,garlic-scapes,-,,Starting Now,Prime Time,Prime Time,Prime Time,Last Chance,,,,,,
northern-california,ginger,-,Prime Time,Last Chance,,,,,,Starting Now,Prime Time,Prime Time,Prime Time,Prime Time
northern-california,gooseberries,Gooseberries,,,,,,Starting Now,Prime Time,Last Chance,,,,
northern-california,grapefruit,Grapefruit,Prime Time,Prime Time,Prime Time,Last Chance,,,,,,,,Starting Now
northern-california,grapes,Grapes,,,,,,,Starting Now,Prime Time,Prime Time,Prime Time,Prime Time,Last Chance
northern-california,green-beans,Green bean,,,,,,Starting Now,Prime Time,Prime Time,Last Chance,,,
northern-california,green-onions,-,Prime Time,Prime Time,Prime Time,Prime Time,Prime Time,Prime Time,Prime Time,Prime Time,Prime Time,Prime Time,Prime Time,Prime Time
northern-california,guava,Guava,,,,,,,,,,,Starting Now,Last Chance
northern-california,horseradish,Horseradish?,,Starting Now,Prime Time,Prime Time,Prime Time,Prime Time,Prime Time,Prime Time,Prime Time,Prime Time,Last Chance,
northern-california,kale,Kale,Prime Time,Prime Time,Prime Time,Prime Time,Prime Time,Prime Time,Prime Time,Prime Time,Prime Time,Prime Time,Prime Time,Prime Time
northern-california,kiwi,Kiwi,Prime Time,Prime Time,Last Chance,,,,,,Starting Now,Prime Time,Prime Time,Prime Time
northern-california,kohlrabi,Kohlrabi,Prime Time,Prime Time,Prime Time,Last Chance,,,,,,,Starting Now,Prime Time
northern-california,kumquats,?,Starting Now,Prime Time,Prime Time,Last Chance,,,,,,,,
northern-california,lamb's-quarters,-,Prime Time,Prime Time,Prime Time,Prime Time,Prime Time,Prime Time,Prime Time,Prime Time,Prime Time,Prime Time,Prime Time,Prime Time
northern-california,lavender,-,,,,,,,Starting Now,Prime Time,Prime Time,Last Chance,,
northern-california,leeks,Leek,Prime Time,Prime Time,Prime Time,Prime Time,Prime Time,Prime Time,Prime Time,Prime Time,Prime Time,Prime Time,Prime Time,Prime Time
northern-california,lemongrass,-,,,,,,Starting Now,Prime Time,Prime Time,Prime Time,Prime Time,Last Chance,
northern-california,lemons,-,Prime Time,Prime Time,Prime Time,Prime Time,Prime Time,Prime Time,Prime Time,Prime Time,Prime Time,Prime Time,Prime Time,Prime Time
northern-california,lettuce,Lettuce,Prime Time,Prime Time,Prime Time,Prime Time,Prime Time,Prime Time,Prime Time,Prime Time,Prime Time,Prime Time,Prime Time,Prime Time
northern-california,limes,-,Prime Time,Prime Time,Prime Time,Last Chance,,,,,,Starting Now,Prime Time,Prime Time
northern-california,loquats,Loquat?,,,,,Starting Now,Last Chance,,,,,,
northern-california,mandarins,Mandarin oranges?,Prime Time,Prime Time,Prime Time,Prime Time,Last Chance,,,,,,Starting Now,Prime Time
northern-california,mangoes,Mango,,,,,,Starting Now,Prime Time,Last Chance,,,,
northern-california,melons,--BROAD-CATEGORY--,,,,,,Starting Now,Prime Time,Prime Time,Prime Time,Last Chance,,
northern-california,mint,-,Prime Time,Prime Time,Prime Time,Prime Time,Prime Time,Prime Time,Prime Time,Prime Time,Prime Time,Prime Time,Prime Time,Prime Time
northern-california,moringa,?,Prime Time,Prime Time,Prime Time,Prime Time,Prime Time,Prime Time,Prime Time,Prime Time,Prime Time,Prime Time,Prime Time,Prime Time
northern-california,mushrooms,-,Prime Time,Prime Time,Prime Time,Prime Time,Prime Time,Prime Time,Prime Time,Prime Time,Prime Time,Prime Time,Prime Time,Prime Time
northern-california,mustard-greens,-,Prime Time,Prime Time,Prime Time,Prime Time,Prime Time,Prime Time,Prime Time,Prime Time,Prime Time,Prime Time,Prime Time,Prime Time
northern-california,nectarines,Nectarine,,,,,Starting Now,Prime Time,Prime Time,Prime Time,Prime Time,Last Chance,,
northern-california,nettles,-,Prime Time,Prime Time,Prime Time,Prime Time,Prime Time,Prime Time,Last Chance,,,,,Starting Now
northern-california,nopales,Prickly pear,,,,,Starting Now,Prime Time,Prime Time,Prime Time,Prime Time,Last Chance,,
northern-california,okra,Okra?,,,,,,Starting Now,Prime Time,Prime Time,Prime Time,Prime Time,Last Chance,
northern-california,olives,-,,,,,,,,Starting Now,Prime Time,Prime Time,Last Chance,
northern-california,onions,-,Prime Time,Prime Time,Prime Time,Prime Time,Prime Time,Prime Time,Prime Time,Prime Time,Prime Time,Prime Time,Prime Time,Prime Time
northern-california,orach,-,Prime Time,Prime Time,Prime Time,Prime Time,Prime Time,Prime Time,Prime Time,Prime Time,Prime Time,Prime Time,Prime Time,Prime Time
northern-california,oranges,Orange,Prime Time,Prime Time,Prime Time,Prime Time,Prime Time,Prime Time,Prime Time,Prime Time,Prime Time,Prime Time,Prime Time,Prime Time
northern-california,oregano,-,Prime Time,Prime Time,Prime Time,Prime Time,Prime Time,Prime Time,Prime Time,Prime Time,Prime Time,Prime Time,Prime Time,Prime Time
northern-california,parsley,-,Prime Time,Prime Time,Prime Time,Prime Time,Prime Time,Prime Time,Prime Time,Prime Time,Prime Time,Prime Time,Prime Time,Prime Time
northern-california,parsnips,Parsnip,Prime Time,Prime Time,Prime Time,Last Chance,,,,,,Starting Now,Prime Time,Prime Time
northern-california,peaches,Peach,,,,,Starting Now,Prime Time,Prime Time,Prime Time,Prime Time,Last Chance,,
northern-california,peanuts,-,,,,,,,Starting Now,Last Chance,,,,
northern-california,pears,Pear,Starting Now,Prime Time,Prime Time,Last Chance,,,,Starting Now,Prime Time,Prime Time,Last Chance,
northern-california,peas,Peas,,,,Starting Now,Prime Time,Prime Time,Prime Time,Prime Time,Prime Time,Prime Time,Last Chance,
northern-california,pecans,-,,,,,,,,,Starting Now,Prime Time,Last Chance,
northern-california,peppers,--BROAD-CATEGORY--,,,,,Starting Now,Prime Time,Prime Time,Prime Time,Prime Time,Prime Time,Prime Time,Last Chance
northern-california,persimmons,Persimmon,Prime Time,Prime Time,Last Chance,,,,,,Starting Now,Prime Time,Prime Time,Prime Time
northern-california,pigeon-peas,-,,,,,,,,,Starting Now,Prime Time,Prime Time,Last Chance
northern-california,pistachios,-,,,,,,,,,Starting Now,Prime Time,Last Chance,
northern-california,plums,Plum,,,,,Starting Now,Prime Time,Prime Time,Prime Time,Prime Time,Prime Time,Last Chance,
northern-california,pomegranates,Pomegranate,,,,,,,,,Starting Now,Prime Time,Prime Time,Last Chance
northern-california,potatoes,Potato,Prime Time,Prime Time,Prime Time,Prime Time,Prime Time,Prime Time,Prime Time,Prime Time,Prime Time,Prime Time,Prime Time,Prime Time
northern-california,pummelo,?,Prime Time,Prime Time,Prime Time,Last Chance,,,,,,,Starting Now,Prime Time
northern-california,purslane,-,,,,Starting Now,Prime Time,Prime Time,Prime Time,Prime Time,Prime Time,Prime Time,Last Chance,
northern-california,quince,-,,,,,,,,,Starting Now,Prime Time,Last Chance,
northern-california,radicchio,Radicchio?,Prime Time,Prime Time,Prime Time,Prime Time,Prime Time,Prime Time,Prime Time,Prime Time,Prime Time,Prime Time,Prime Time,Prime Time
northern-california,radishes,Radish?,Prime Time,Prime Time,Prime Time,Prime Time,Prime Time,Prime Time,Prime Time,Prime Time,Prime Time,Prime Time,Prime Time,Prime Time
northern-california,rapini,Rapini,Prime Time,Prime Time,Prime Time,Prime Time,Prime Time,Last Chance,,,Starting Now,Prime Time,Prime Time,Prime Time
northern-california,raspberries,Raspberry,,,,,Starting Now,Prime Time,Prime Time,Prime Time,Prime Time,Prime Time,Last Chance,
northern-california,rhubarb,Rhubarb?,,,,Starting Now,Prime Time,Prime Time,Prime Time,Prime Time,Prime Time,Prime Time,Last Chance,
northern-california,rosemary,-,Prime Time,Prime Time,Prime Time,Prime Time,Prime Time,Prime Time,Prime Time,Prime Time,Prime Time,Prime Time,Prime Time,Prime Time
northern-california,rutabaga,?,Prime Time,Prime Time,Prime Time,Last Chance,,,,,,Starting Now,Prime Time,Prime Time
northern-california,sage,-,Prime Time,Prime Time,Prime Time,Prime Time,Prime Time,Prime Time,Prime Time,Prime Time,Prime Time,Prime Time,Prime Time,Prime Time
northern-california,salsify,-,,,,,,,,Starting Now,Prime Time,Prime Time,Prime Time,Last Chance
northern-california,shallots,?,Prime Time,Prime Time,Prime Time,Prime Time,Prime Time,Prime Time,Prime Time,Prime Time,Prime Time,Prime Time,Prime Time,Prime Time
northern-california,shell-beans,-,,,,,,,,Starting Now,Prime Time,Last Chance,,
northern-california,sorrel,-,Prime Time,Prime Time,Prime Time,Prime Time,Prime Time,Prime Time,Prime Time,Prime Time,Prime Time,Prime Time,Prime Time,Prime Time
northern-california,spinach,Spinach,Prime Time,Prime Time,Prime Time,Prime Time,Prime Time,Prime Time,Prime Time,Prime Time,Prime Time,Prime Time,Prime Time,Prime Time
northern-california,sprouts,-,Prime Time,Prime Time,Prime Time,Prime Time,Prime Time,Prime Time,Prime Time,Prime Time,Prime Time,Prime Time,Prime Time,Prime Time
northern-california,strawberries,Strawberry,,,Starting Now,Prime Time,Prime Time,Prime Time,Prime Time,Prime Time,Prime Time,Prime Time,Last Chance,
northern-california,summer-squash,Summer squash,,,,,,Starting Now,Prime Time,Prime Time,Prime Time,Last Chance,,
northern-california,sunchokes,-,Prime Time,Prime Time,Prime Time,Last Chance,,,,,Starting Now,Prime Time,Prime Time,Prime Time
northern-california,sweet-potatoes,Sweet potato,,,,,,,,,Starting Now,Prime Time,Prime Time,Last Chance
northern-california,tangerines,-,Prime Time,Prime Time,Last Chance,,,,,,,,Starting Now,Prime Time
northern-california,tarragon,-,Prime Time,Prime Time,Prime Time,Prime Time,Prime Time,Prime Time,Prime Time,Prime Time,Prime Time,Prime Time,Prime Time,Prime Time
northern-california,thyme,-,Prime Time,Prime Time,Prime Time,Prime Time,Prime Time,Prime Time,Prime Time,Prime Time,Prime Time,Prime Time,Prime Time,Prime Time
northern-california,tomatillos,?,,,,,,Starting Now,Prime Time,Prime Time,Prime Time,Prime Time,Last Chance,
northern-california,tomatoes,Tomato,,,,Starting Now,Prime Time,Prime Time,Prime Time,Prime Time,Prime Time,Prime Time,Last Chance,
northern-california,turnips,Turnip,Prime Time,Prime Time,Prime Time,Prime Time,Prime Time,Prime Time,Prime Time,Prime Time,Prime Time,Prime Time,Prime Time,Prime Time
northern-california,watercress,?,Prime Time,Prime Time,Prime Time,Prime Time,Prime Time,Prime Time,Prime Time,Prime Time,Prime Time,Prime Time,Prime Time,Prime Time
northern-california,watermelon,Watermelon,,,,,,,Starting Now,Prime Time,Prime Time,Prime Time,Last Chance,
northern-california,white-sapote,?,Starting Now,Prime Time,Last Chance,,,,,,,,,
northern-california,winter-squash,Winter squash,,,,,,,,,,Starting Now,Prime Time,Last Chance
northern-california,yacon,Yacon,,,,,,,,,,,Starting Now,Last Chance
southern-california,apples,Apple,,,,,,,Starting Now,Prime Time,Prime Time,Prime Time,Prime Time,Last Chance
southern-california,apricots,Apricot,,,Starting Now,Prime Time,Prime Time,Last Chance,,,,,,
southern-california,artichokes,Artichoke,,Starting Now,Prime Time,Prime Time,Prime Time,Last Chance,,,,,,
southern-california,asian-pears,?,,,,,,,,,,Starting Now,Last Chance,
southern-california,asparagus,Asparagus,,Starting Now,Prime Time,Prime Time,Last Chance,,,,,,,
southern-california,avocados,Avocado,Prime Time,Prime Time,Prime Time,Prime Time,Prime Time,Prime Time,Prime Time,Prime Time,Prime Time,Prime Time,Prime Time,Prime Time
southern-california,basil,-,,,,Starting Now,Prime Time,Prime Time,Prime Time,Prime Time,Prime Time,Prime Time,Prime Time,Last Chance
southern-california,beets,Beetroot,Prime Time,Prime Time,Prime Time,Prime Time,Prime Time,Prime Time,Last Chance,,,Starting Now,Prime Time,Prime Time
southern-california,blackberries,Blackberry,,,,,,Starting Now,Prime Time,Last Chance,,,,
southern-california,boysenberries,?,,,,,,Starting Now,Prime Time,Last Chance,,,,
southern-california,brambles,--BROAD-CATEGORY--,,,,,,Starting Now,Prime Time,Last Chance,,,,
southern-california,broccoli,Broccoli,Prime Time,Prime Time,Prime Time,Prime Time,Prime Time,Last Chance,,,,Starting Now,Prime Time,Prime Time
southern-california,brussels-sprouts,Brussels sprouts,Prime Time,Prime Time,Last Chance,,,,,,,,,Starting Now
southern-california,cabbage,White cabbage,Prime Time,Prime Time,Prime Time,Prime Time,Prime Time,Last Chance,,,,Starting Now,Prime Time,Prime Time
southern-california,cantaloupe,Cantaloupe?,,,,,Starting Now,Prime Time,Prime Time,Prime Time,Prime Time,Prime Time,Last Chance,
southern-california,carrots,Carrot,Prime Time,Prime Time,Prime Time,Prime Time,Last Chance,,,,Starting Now,Prime Time,Prime Time,Prime Time
southern-california,cauliflower,Cauliflower,Prime Time,Prime Time,Prime Time,Prime Time,Prime Time,Prime Time,Prime Time,Prime Time,Prime Time,Prime Time,Prime Time,Prime Time
southern-california,celery,Celery,Prime Time,Prime Time,Prime Time,Prime Time,Prime Time,Prime Time,Prime Time,Prime Time,Prime Time,Prime Time,Prime Time,Prime Time
southern-california,chard,Swiss chard?,Prime Time,Prime Time,Prime Time,Prime Time,Last Chance,,,,,,Starting Now,Prime Time
southern-california,cherimoyas,Cherimoya,Prime Time,Prime Time,Prime Time,Prime Time,Prime Time,Last Chance,,,,,Starting Now,Prime Time
southern-california,cherries,Cherry,,,,Starting Now,Prime Time,Prime Time,Last Chance,,,,,
southern-california,chickpeas,-,,,,Starting Now,Last Chance,,,,,,,
southern-california,chicories,?,Prime Time,Prime Time,Prime Time,Prime Time,Last Chance,,,,,Starting Now,Prime Time,Prime Time
southern-california,chives,-,,,Starting Now,Prime Time,Prime Time,Prime Time,Prime Time,Prime Time,Prime Time,Prime Time,Last Chance,
southern-california,cilantro,-,Prime Time,Prime Time,Prime Time,Prime Time,Prime Time,Prime Time,Prime Time,Prime Time,Prime Time,Prime Time,Prime Time,Prime Time
southern-california,citrus,--BROAD-CATEGORY--,Prime Time,Prime Time,Prime Time,Prime Time,Prime Time,Prime Time,Prime Time,Prime Time,Prime Time,Prime Time,Prime Time,Prime Time
southern-california,clementines,Clementine,Prime Time,Last Chance,,,,,,,,,,Starting Now
southern-california,collard-greens,Collard greens?,Prime Time,Prime Time,Prime Time,Prime Time,Last Chance,,,,,,,Starting Now
southern-california,corn,Corn,,,,,Starting Now,Prime Time,Prime Time,Prime Time,Prime Time,Last Chance,,
southern-california,cucumbers,Cucumber,,,,Starting Now,Prime Time,Prime Time,Prime Time,Prime Time,Prime Time,Last Chance,,
southern-california,dates,Dates,,,,,,,,,Starting Now,Prime Time,Prime Time,Last Chance
southern-california,edamame,-,,,,,,,,,Starting Now,Prime Time,Last Chance,
southern-california,eggplant,Aubergine,,,,,Starting Now,Prime Time,Prime Time,Prime Time,Prime Time,Last Chance,,
southern-california,fiddleheads,Fiddleheads,,,Starting Now,Prime Time,Last Chance,,,,,,,
southern-california,figs,Fig,,,,,,Starting Now,Prime Time,Prime Time,Prime Time,Last Chance,,
southern-california,gooseberries,Gooseberries,,,,,,Starting Now,Prime Time,Last Chance,,,,
southern-california,grapefruit,Grapefruit,Starting Now,Prime Time,Prime Time,Prime Time,Prime Time,Prime Time,Prime Time,Prime Time,Last Chance,,,
southern-california,grapes,Grapes,,,,,,Starting Now,Prime Time,Prime Time,Prime Time,Prime Time,Last Chance,
southern-california,green-beans,Green bean,,,Starting Now,Prime Time,Prime Time,Prime Time,Prime Time,Prime Time,Prime Time,Prime Time,Last Chance,
southern-california,green-onions,-,Prime Time,Prime Time,Prime Time,Prime Time,Prime Time,Prime Time,Prime Time,Prime Time,Prime Time,Prime Time,Prime Time,Prime Time
southern-california,guava,Guava,Prime Time,Prime Time,Prime Time,Prime Time,Prime Time,Prime Time,Prime Time,Prime Time,Prime Time,Prime Time,Prime Time,Prime Time
southern-california,kale,Kale,Prime Time,Prime Time,Prime Time,Prime Time,Last Chance,,,,,,,Starting Now
southern-california,kiwi,Kiwi,Prime Time,Prime Time,Prime Time,Last Chance,,,,,,Starting Now,Prime Time,Prime Time
southern-california,kumquats,?,Prime Time,Prime Time,Prime Time,Last Chance,,,,,,,Starting Now,Prime Time
southern-california,lavender,-,,,,,,,Starting Now,Prime Time,Prime Time,Last Chance,,
southern-california,lemongrass,-,,,,,,Starting Now,Prime Time,Prime Time,Prime Time,Prime Time,Last Chance,
southern-california,lemons,-,Prime Time,Prime Time,Prime Time,Prime Time,Prime Time,Prime Time,Prime Time,Prime Time,Prime Time,Prime Time,Prime Time,Prime Time
southern-california,lettuce,Lettuce,Prime Time,Prime Time,Prime Time,Prime Time,Prime Time,Last Chance,,,,Starting Now,Prime Time,Prime Time
southern-california,limes,-,Prime Time,Prime Time,Prime Time,Last Chance,,,,,,Starting Now,Prime Time,Prime Time
southern-california,longan,??,,,,,,,Starting Now,Prime Time,Prime Time,Last Chance,,
southern-california,loquats,Loquat?,,,,Starting Now,Prime Time,Last Chance,,,,,,
southern-california,lychee,Lychee,,,,,,,,Starting Now,Last Chance,,,
southern-california,malabar-spinach,?,,,,,,,Starting Now,Last Chance,,,,
southern-california,mandarins,Mandarin oranges?,Prime Time,Prime Time,Last Chance,,,,,,,,Starting Now,Prime Time
southern-california,mangoes,Mango,,,,,,Starting Now,Prime Time,Last Chance,,,,
southern-california,melons,--BROAD-CATEGORY--,,,,,Starting Now,Prime Time,Prime Time,Prime Time,Prime Time,Prime Time,Last Chance,
southern-california,mint,-,Prime Time,Prime Time,Prime Time,Prime Time,Prime Time,Prime Time,Prime Time,Prime Time,Prime Time,Prime Time,Prime Time,Prime Time
southern-california,moringa,?,Prime Time,Prime Time,Prime Time,Prime Time,Prime Time,Prime Time,Prime Time,Prime Time,Prime Time,Prime Time,Prime Time,Prime Time
southern-california,okra,Okra?,,,,,Starting Now,Prime Time,Prime Time,Prime Time,Prime Time,Last Chance,,
southern-california,onions,-,,,,Starting Now,Prime Time,Prime Time,Prime Time,Prime Time,Prime Time,Prime Time,Last Chance,
southern-california,orach,-,Prime Time,Prime Time,Last Chance,,,,,,,Starting Now,Prime Time,Prime Time
southern-california,oranges,Orange,Prime Time,Prime Time,Prime Time,Last Chance,,,,,,,Starting Now,Prime Time
southern-california,oregano,-,Prime Time,Prime Time,Prime Time,Prime Time,Prime Time,Prime Time,Prime Time,Prime Time,Prime Time,Prime Time,Prime Time,Prime Time
southern-california,parsley,-,Prime Time,Prime Time,Prime Time,Prime Time,Prime Time,Prime Time,Prime Time,Prime Time,Prime Time,Prime Time,Prime Time,Prime Time
southern-california,passionfruit,-,,,,,,Starting Now,Prime Time,Prime Time,Prime Time,Prime Time,Prime Time,Last Chance
southern-california,peaches,Peach,,,,,Starting Now,Prime Time,Prime Time,Prime Time,Prime Time,Last Chance,,
southern-california,pears,Pear,,,,,,,,Starting Now,Prime Time,Last Chance,,
southern-california,peas,Peas,Prime Time,Prime Time,Prime Time,Prime Time,Last Chance,,,,,,,Starting Now
southern-california,pecans,-,,,,,,,,,Starting Now,Prime Time,Last Chance,
southern-california,peppers,--BROAD-CATEGORY--,,,,,,Starting Now,Prime Time,Prime Time,Prime Time,Prime Time,Prime Time,Last Chance
southern-california,persimmons,Persimmon,,,,,,,,,Starting Now,Prime Time,Prime Time,Last Chance
southern-california,pigeon-peas,-,,,,,,,,,Starting Now,Prime Time,Prime Time,Last Chance
southern-california,pistachios,-,,,,,,,,,Starting Now,Prime Time,Last Chance,
southern-california,plums,Plum,,,,,Starting Now,Prime Time,Prime Time,Prime Time,Last Chance,,,
southern-california,potatoes,Potato,Prime Time,Prime Time,Prime Time,Prime Time,Prime Time,Prime Time,Prime Time,Prime Time,Prime Time,Prime Time,Prime Time,Prime Time
southern-california,pummelo,?,Prime Time,Prime Time,Prime Time,Last Chance,,,,,,,Starting Now,Prime Time
southern-california,pumpkin,Pumpkin,,,,,,,,,Starting Now,Prime Time,Last Chance,
southern-california,radishes,Radish?,Prime Time,Prime Time,Prime Time,Prime Time,Last Chance,,,,,Starting Now,Prime Time,Prime Time
southern-california,raspberries,Raspberry,,,,Starting Now,Prime Time,Prime Time,Prime Time,Prime Time,Prime Time,Last Chance,,
southern-california,rhubarb,Rhubarb?,Starting Now,Prime Time,Last Chance,,,,,,,,,
southern-california,rosemary,-,Prime Time,Prime Time,Prime Time,Prime Time,Prime Time,Prime Time,Prime Time,Prime Time,Prime Time,Prime Time,Prime Time,Prime Time
southern-california,sage,-,Prime Time,Prime Time,Prime Time,Prime Time,Prime Time,Prime Time,Prime Time,Prime Time,Prime Time,Prime Time,Prime Time,Prime Time
southern-california,snap-peas,?,Starting Now,Prime Time,Prime Time,Prime Time,Last Chance,,,,,,,
southern-california,snow-peas,?,Starting Now,Prime Time,Prime Time,Prime Time,Last Chance,,,,,,,
southern-california,sorrel,-,Prime Time,Prime Time,Prime Time,Prime Time,Prime Time,Prime Time,Prime Time,Prime Time,Prime Time,Prime Time,Prime Time,Prime Time
southern-california,spinach,Spinach,Prime Time,Prime Time,Prime Time,Prime Time,Prime Time,Last Chance,,,,Starting Now,Prime Time,Prime Time
southern-california,strawberries,Strawberry,,Starting Now,Prime Time,Prime Time,Prime Time,Prime Time,Prime Time,Prime Time,Prime Time,Last Chance,,
southern-california,summer-squash,Summer squash,,,,Starting Now,Prime Time,Prime Time,Prime Time,Prime Time,Prime Time,Prime Time,Last Chance,
southern-california,sweet-potatoes,Sweet potato,,,,,,,,Starting Now,Prime Time,Prime Time,Prime Time,Last Chance
southern-california,tangerines,-,Prime Time,Prime Time,Last Chance,,,,,,,,Starting Now,Prime Time
southern-california,tarragon,-,Prime Time,Prime Time,Prime Time,Prime Time,Prime Time,Prime Time,Prime Time,Prime Time,Prime Time,Prime Time,Prime Time,Prime Time
southern-california,thyme,-,Prime Time,Prime Time,Prime Time,Prime Time,Prime Time,Prime Time,Prime Time,Prime Time,Prime Time,Prime Time,Prime Time,Prime Time
southern-california,tomatillos,?,,,,Starting Now,Prime Time,Prime Time,Prime Time,Prime Time,Prime Time,Last Chance,,
southern-california,tomatoes,Tomato,,,,,Starting Now,Prime Time,Prime Time,Prime Time,Prime Time,Prime Time,Prime Time,Last Chance
southern-california,turnips,Turnip,Prime Time,Prime Time,Prime Time,Last Chance,,,,,,,Starting Now,Prime Time
southern-california,watermelon,Watermelon,,,,,,,Starting Now,Prime Time,Prime Time,Prime Time,Last Chance,
southern-california,white-sapote,?,Prime Time,Last Chance,,,,,,,,Starting Now,Prime Time,Prime Time
southern-california,winter-squash,Winter squash,Prime Time,Last Chance,,,,,,,Starting Now,Prime Time,Prime Time,Prime Time
southern-california,yacon,Yacon,,,,,,,,,,Starting Now,Prime Time,Last Chance
southern-california,zucchini,Zucchini,,,,Starting Now,Prime Time,Prime Time,Prime Time,Prime Time,Prime Time,Prime Time,Last Chance,
colorado,apples,Apple,,,,,,,Starting Now,Prime Time,Prime Time,Prime Time,Last Chance,
colorado,apricots,Apricot,,,,,,,Starting Now,Prime Time,Last Chance,,,
colorado,arugula,Rocket,,,,,Starting Now,Prime Time,Prime Time,Prime Time,Prime Time,Last Chance,,
colorado,asparagus,Asparagus,,,,,Starting Now,Last Chance,,,,,,
colorado,basil,-,,,,,,Starting Now,Prime Time,Prime Time,Last Chance,,,
colorado,beets,Beetroot,,,,,,,Starting Now,Prime Time,Prime Time,Last Chance,,
colorado,black-eyed-peas,-,,,,,,Starting Now,Last Chance,,,,,
colorado,blackberries,Blackberry,,,,,,,Starting Now,Prime Time,Last Chance,,,
colorado,blueberries,Blueberry,,,,,,Starting Now,Prime Time,Last Chance,,,,
colorado,bok-choy,Bok Choy?,,,,,,Starting Now,Prime Time,Prime Time,Prime Time,Last Chance,,
colorado,boysenberries,?,,,,,,,Starting Now,Prime Time,Last Chance,,,
colorado,brambles,--BROAD-CATEGORY--,,,,,,,Starting Now,Prime Time,Last Chance,,,
colorado,broccoli,Broccoli,,,,,,Starting Now,Prime Time,Prime Time,Prime Time,Last Chance,,
colorado,brussels-sprouts,Brussels sprouts,,,,,,,,,Starting Now,Prime Time,Prime Time,Last Chance
colorado,cabbage,White cabbage,,,,,,,Starting Now,Prime Time,Prime Time,Last Chance,,
colorado,cantaloupe,Cantaloupe?,,,,,,,Starting Now,Prime Time,Last Chance,,,
colorado,cardoons,Cardoon?,,,,,,,,,,Starting Now,Prime Time,Last Chance
colorado,carrots,Carrot,,,,,,,Starting Now,Prime Time,Prime Time,Prime Time,Last Chance,
colorado,cauliflower,Cauliflower,,,,,,Starting Now,Prime Time,Prime Time,Prime Time,Last Chance,,
colorado,celery,Celery,,,,,,,Starting Now,Prime Time,Prime Time,Last Chance,,
colorado,celery-root,-,,,,,,,Starting Now,Prime Time,Prime Time,Last Chance,,
colorado,chard,Swiss chard?,,,Starting Now,Prime Time,Prime Time,Prime Time,Prime Time,Prime Time,Prime Time,Last Chance,,
colorado,cherries,Cherry,,,,,,Starting Now,Prime Time,Prime Time,Prime Time,Last Chance,,
colorado,chickpeas,-,,,,,,,,,Starting Now,Prime Time,Last Chance,
colorado,chili-peppers,-,,,,,,,,Starting Now,Prime Time,Last Chance,,
colorado,chives,-,,,Starting Now,Prime Time,Prime Time,Prime Time,Prime Time,Prime Time,Prime Time,Prime Time,Last Chance,
colorado,cilantro,-,,,,,,,,Starting Now,Prime Time,Last Chance,,
colorado,collard-greens,Collard greens?,,,,,Starting Now,Prime Time,Prime Time,Prime Time,Prime Time,Last Chance,,
colorado,corn,Corn,,,,,,Starting Now,Prime Time,Prime Time,Prime Time,Last Chance,,
colorado,cucumbers,Cucumber,,,,,Starting Now,Prime Time,Prime Time,Prime Time,Prime Time,Prime Time,Last Chance,
colorado,eggplant,Aubergine,,,,,,,Starting Now,Prime Time,Prime Time,Last Chance,,
colorado,endive,Endive,,,,,,,,Starting Now,Prime Time,Prime Time,Last Chance,
colorado,fava-beans,-,,,,,Prime Time,,,,,,,
colorado,fennel,Fennel,,,,,,Starting Now,Prime Time,Prime Time,Last Chance,,,
colorado,garlic,-,,,,,,Starting Now,Prime Time,Last Chance,,,,
colorado,garlic-scapes,-,,,,,Starting Now,Last Chance,,,,,,
colorado,gooseberries,Gooseberries,,,,,,,Starting Now,Last Chance,,,,
colorado,grapes,Grapes,,,,,,,,,Starting Now,Last Chance,,
colorado,green-beans,Green bean,,,,,,,Starting Now,Prime Time,Prime Time,Last Chance,,
colorado,green-onions,-,,,,,,Starting Now,Prime Time,Prime Time,Prime Time,Last Chance,,
colorado,ground-cherries,-,,,,,Starting Now,Prime Time,Prime Time,Prime Time,Prime Time,Last Chance,,
colorado,horseradish,Horseradish?,Prime Time,Prime Time,Prime Time,Last Chance,,,,,,Starting Now,Prime Time,Prime Time
colorado,kale,Kale,,,,,Starting Now,Prime Time,Prime Time,Prime Time,Prime Time,Last Chance,,
colorado,kohlrabi,Kohlrabi,,,,,,,,,Starting Now,Prime Time,Last Chance,
colorado,lamb's-quarters,-,,,,,Starting Now,Prime Time,Prime Time,Prime Time,Prime Time,Last Chance,,
colorado,lavender,-,,,,,,,Starting Now,Prime Time,Prime Time,Last Chance,,
colorado,leeks,Leek,,,,,,,,Starting Now,Prime Time,Prime Time,Last Chance,
colorado,lettuce,Lettuce,,,,,Starting Now,Prime Time,Prime Time,Prime Time,Prime Time,Last Chance,,
colorado,lima-beans,-,,,,,Starting Now,Prime Time,Prime Time,Prime Time,Prime Time,Prime Time,Prime Time,Last Chance
colorado,melons,--BROAD-CATEGORY--,,,,,,,,Starting Now,Prime Time,Last Chance,,
colorado,mint,-,,,,,Starting Now,Prime Time,Prime Time,Prime Time,Prime Time,Last Chance,,
colorado,morels,-,,,,,Starting Now,Last Chance,,,,,,
colorado,mushrooms,-,,,,,Starting Now,Prime Time,Prime Time,Prime Time,Prime Time,Prime Time,Last Chance,
colorado,mustard-greens,-,,,,,Starting Now,Prime Time,Prime Time,Prime Time,Prime Time,Last Chance,,
colorado,nectarines,Nectarine,,,,,,Starting Now,Prime Time,Prime Time,Last Chance,,,
colorado,nettles,-,,,,,Starting Now,Prime Time,Last Chance,,,,,
colorado,nopales,Prickly pear,,,,,,,,,Starting Now,Prime Time,Prime Time,Last Chance
colorado,okra,Okra?,,,,,,,Starting Now,Prime Time,Last Chance,,,
colorado,onions,-,,,,,,,Starting Now,Prime Time,Prime Time,Prime Time,Last Chance,
colorado,oregano,-,,,,,,,,Starting Now,Last Chance,,,
colorado,parsley,-,,,,,,,,Starting Now,Prime Time,Last Chance,,
colorado,parsnips,Parsnip,,,,,,,,Starting Now,Prime Time,Last Chance,,
colorado,pea-shoots,?,,,,,Prime Time,,,,,,,
colorado,peaches,Peach,,,,,,Starting Now,Prime Time,Prime Time,Prime Time,Prime Time,Last Chance,
colorado,pears,Pear,,,,,,,,Starting Now,Prime Time,Last Chance,,
colorado,peas,Peas,,,,,Starting Now,Prime Time,Last Chance,,,,,
colorado,peppers,--BROAD-CATEGORY--,,,,,,,Starting Now,Prime Time,Prime Time,Last Chance,,
colorado,plums,Plum,,,,,,Starting Now,Prime Time,Prime Time,Last Chance,,,
colorado,potatoes,Potato,,,,,Starting Now,Prime Time,Prime Time,Prime Time,Prime Time,Prime Time,Last Chance,
colorado,pumpkin,Pumpkin,,,,,,,,,Starting Now,Last Chance,,
colorado,purslane,-,,,,,Starting Now,Prime Time,Prime Time,Prime Time,Prime Time,Last Chance,,
colorado,quince,-,,,,,,,,,,Starting Now,Last Chance,
colorado,radicchio,Radicchio?,,,,,,,,Starting Now,Prime Time,Prime Time,Last Chance,
colorado,radishes,Radish?,,,,,Starting Now,Prime Time,Prime Time,Prime Time,Prime Time,Prime Time,Last Chance,
colorado,rapini,Rapini,,,,,,,,,Starting Now,Last Chance,,
colorado,raspberries,Raspberry,,,,,,,Starting Now,Prime Time,Prime Time,Last Chance,,
colorado,rhubarb,Rhubarb?,,,,,Starting Now,Prime Time,Prime Time,Prime Time,Last Chance,,,
colorado,rosemary,-,,,,,,,,Starting Now,Prime Time,Last Chance,,
colorado,rutabaga,?,,,,,,,,,,Starting Now,Last Chance,
colorado,sage,-,,,,,,,,Starting Now,Prime Time,Last Chance,,
colorado,salsify,-,Last Chance,,,,,,,,,Starting Now,Prime Time,Prime Time
colorado,shallots,?,,,,,,,Starting Now,Prime Time,Prime Time,Last Chance,,
colorado,shell-beans,-,,,,,Starting Now,Prime Time,Prime Time,Prime Time,Prime Time,Prime Time,Prime Time,Last Chance
colorado,sorrel,-,,,,,Starting Now,Prime Time,Prime Time,Prime Time,Prime Time,Last Chance,,
colorado,spinach,Spinach,,,,,Starting Now,Prime Time,Prime Time,Prime Time,Prime Time,Last Chance,,
colorado,sprouts,-,Prime Time,Prime Time,Prime Time,Prime Time,Prime Time,Prime Time,Prime Time,Prime Time,Prime Time,Prime Time,Prime Time,Prime Time
colorado,strawberries,Strawberry,,,,,Starting Now,Prime Time,Prime Time,Prime Time,Prime Time,Last Chance,,
colorado,summer-squash,Summer squash,,,,,Starting Now,Prime Time,Prime Time,Prime Time,Last Chance,,,
colorado,sunchokes,-,,,,,,Starting Now,Prime Time,Last Chance,,,,
colorado,sweet-potatoes,Sweet potato,,,,,,,,Starting Now,Last Chance,,,
colorado,tarragon,-,,,,,,,Starting Now,Prime Time,Prime Time,Last Chance,,
colorado,thyme,-,,,,,,,Starting Now,Prime Time,Prime Time,Last Chance,,
colorado,tomatillos,?,,,,,Starting Now,Prime Time,Prime Time,Prime Time,Prime Time,Last Chance,,
colorado,tomatoes,Tomato,,,,,,,Starting Now,Prime Time,Last Chance,,,
colorado,turnips,Turnip,,,,,Starting Now,Prime Time,Prime Time,Prime Time,Prime Time,Prime Time,Last Chance,
colorado,watercress,?,,,,Starting Now,Prime Time,Prime Time,Last Chance,,,,,
colorado,watermelon,Watermelon,,,,,,,,,Starting Now,Last Chance,,
colorado,winter-squash,Winter squash,,,,,,,,,Starting Now,Prime Time,Last Chance,
colorado,zucchini,Zucchini,,,,,,,,Starting Now,Prime Time,Last Chance,,
connecticut,apples,Apple,,,,,,,Starting Now,Prime Time,Prime Time,Prime Time,Prime Time,Last Chance
connecticut,arugula,Rocket,,,,,Starting Now,Prime Time,Prime Time,Prime Time,Last Chance,,,
connecticut,asparagus,Asparagus,,,,,Starting Now,Last Chance,,,,,,
connecticut,basil,-,,,,Starting Now,Prime Time,Prime Time,Prime Time,Prime Time,Prime Time,Last Chance,,
connecticut,beets,Beetroot,,,,,,,Starting Now,Prime Time,Prime Time,Last Chance,,
connecticut,black-eyed-peas,-,,,,,,Starting Now,Last Chance,,,,,
connecticut,blackberries,Blackberry,,,,,,,Starting Now,Last Chance,,,,
connecticut,blueberries,Blueberry,,,,,,,Starting Now,Last Chance,,,,
connecticut,bok-choy,Bok Choy?,,,,,,,Starting Now,Prime Time,Prime Time,Last Chance,,
connecticut,boysenberries,?,,,,,,Starting Now,Last Chance,,Starting Now,Last Chance,,
connecticut,brambles,--BROAD-CATEGORY--,,,,,,Starting Now,Last Chance,,Starting Now,Last Chance,,
connecticut,broccoli,Broccoli,,,,,,,Starting Now,Prime Time,Prime Time,Last Chance,,
connecticut,brussels-sprouts,Brussels sprouts,,,,,,,,,Starting Now,Prime Time,Last Chance,
connecticut,cabbage,White cabbage,,,,,,,Starting Now,Prime Time,Prime Time,Last Chance,,
connecticut,cantaloupe,Cantaloupe?,,,,,,,Starting Now,Prime Time,Prime Time,Last Chance,,
connecticut,cardoons,Cardoon?,,,,,,,,,,Starting Now,Prime Time,Last Chance
connecticut,carrots,Carrot,,,,,,,Starting Now,Prime Time,Prime Time,Prime Time,Last Chance,
connecticut,cauliflower,Cauliflower,,,,,,Starting Now,Last Chance,,Starting Now,Last Chance,,
connecticut,celery,Celery,,,,,,,,Starting Now,Prime Time,Last Chance,,
connecticut,celery-root,-,,,,,,,,Starting Now,Prime Time,Prime Time,Last Chance,
connecticut,chard,Swiss chard?,,,,,Starting Now,Prime Time,Prime Time,Prime Time,Prime Time,Prime Time,Last Chance,
connecticut,cherries,Cherry,,,,,,Starting Now,Last Chance,,,,,
connecticut,chicories,?,,,,,,,,,Starting Now,Last Chance,,
connecticut,chili-peppers,-,,,,,,Starting Now,Prime Time,Prime Time,Last Chance,,,
connecticut,chives,-,,,Starting Now,Prime Time,Prime Time,Prime Time,Prime Time,Prime Time,Prime Time,Last Chance,,
connecticut,cilantro,-,,,,Starting Now,Prime Time,Prime Time,Prime Time,Prime Time,Prime Time,Last Chance,,
connecticut,collard-greens,Collard greens?,,,,,,Starting Now,Prime Time,Prime Time,Prime Time,Prime Time,Last Chance,
connecticut,corn,Corn,,,,,,,Starting Now,Prime Time,Last Chance,,,
connecticut,cranberries,-,,,,,,,,,,Starting Now,Prime Time,Last Chance
connecticut,cucumbers,Cucumber,,,,,,Starting Now,Prime Time,Prime Time,Last Chance,,,
connecticut,currants,Currants,,,,,,Starting Now,Prime Time,Last Chance,,,,
connecticut,eggplant,Aubergine,,,,,,,Starting Now,Prime Time,Prime Time,Last Chance,,
connecticut,endive,Endive,,,,,,,,,Starting Now,Last Chance,,
connecticut,fava-beans,-,,,,,Starting Now,Last Chance,,,,,,
connecticut,fennel,Fennel,,,,,,,,,,Starting Now,Last Chance,
connecticut,fiddleheads,Fiddleheads,,,,Starting Now,Last Chance,,,,,,,
connecticut,garlic,-,,,,,,,Starting Now,Prime Time,Prime Time,Prime Time,Prime Time,Last Chance
connecticut,garlic-scapes,-,,,,,Starting Now,Last Chance,,,,,,
connecticut,gooseberries,Gooseberries,,,,,,Starting Now,Last Chance,,,,,
connecticut,grapes,Grapes,,,,,,,,Starting Now,Prime Time,Last Chance,,
connecticut,green-beans,Green bean,,,,,,,Starting Now,Prime Time,Prime Time,Last Chance,,
connecticut,green-onions,-,,,,,Starting Now,Prime Time,Prime Time,Prime Time,Last Chance,,,
connecticut,ground-cherries,-,,,,,,,Starting Now,Prime Time,Last Chance,,,
connecticut,horseradish,Horseradish?,Prime Time,Prime Time,Prime Time,Last Chance,,,,,,Starting Now,Prime Time,Prime Time
connecticut,kale,Kale,,,,,,Starting Now,Prime Time,Prime Time,Prime Time,Prime Time,Last Chance,
connecticut,kohlrabi,Kohlrabi,,,,,,Starting Now,Last Chance,,Starting Now,Last Chance,,
connecticut,lamb's-quarters,-,,,,Starting Now,Prime Time,Prime Time,Prime Time,Prime Time,Prime Time,Last Chance,,
connecticut,lavender,-,,,,,,,Starting Now,Prime Time,Prime Time,Last Chance,,
connecticut,leeks,Leek,,,,,,Starting Now,Prime Time,Prime Time,Prime Time,Prime Time,Prime Time,Last Chance
connecticut,lettuce,Lettuce,,,,,Starting Now,Prime Time,Prime Time,Prime Time,Prime Time,Last Chance,,
connecticut,lima-beans,-,,,,,,,Starting Now,Prime Time,Prime Time,Last Chance,,
connecticut,melons,--BROAD-CATEGORY--,,,,,,,Starting Now,Prime Time,Prime Time,Last Chance,,
connecticut,mint,-,,,Starting Now,Prime Time,Prime Time,Prime Time,Prime Time,Last Chance,,,,
connecticut,morels,-,,,Starting Now,Prime Time,Last Chance,,,,,,,
connecticut,mushrooms,-,Prime Time,Prime Time,Prime Time,Prime Time,Prime Time,Prime Time,Prime Time,Prime Time,Prime Time,Prime Time,Prime Time,Prime Time
connecticut,mustard-greens,-,,,,,,Starting Now,Prime Time,Prime Time,Prime Time,Prime Time,Last Chance,
connecticut,nectarines,Nectarine,,,,,,,,Starting Now,Last Chance,,,
connecticut,nettles,-,,,Starting Now,Prime Time,Last Chance,,,,,,,
connecticut,okra,Okra?,,,,,,,Starting Now,Prime Time,Prime Time,Last Chance,,
connecticut,onions,-,,,,,,,Starting Now,Prime Time,Prime Time,Prime Time,Last Chance,
connecticut,oregano,-,,,,Starting Now,Prime Time,Prime Time,Prime Time,Prime Time,Prime Time,Last Chance,,
connecticut,parsley,-,,,,Starting Now,Prime Time,Prime Time,Prime Time,Prime Time,Prime Time,Last Chance,,
connecticut,parsnips,Parsnip,,,,Starting Now,Last Chance,,,,,Starting Now,Prime Time,Last Chance
connecticut,pawpaw,Pawpaw?,,,,,,,,,,Prime Time,,
connecticut,pea-shoots,?,,,Starting Now,Prime Time,Last Chance,,,,,,,
connecticut,peaches,Peach,,,,,,,Starting Now,Prime Time,Last Chance,,,
connecticut,pears,Pear,,,,,,,,Starting Now,Prime Time,Prime Time,Prime Time,Last Chance
connecticut,peas,Peas,,,,,Starting Now,Prime Time,Prime Time,Prime Time,Prime Time,Last Chance,,
connecticut,peppers,--BROAD-CATEGORY--,,,,,,,Starting Now,Prime Time,Prime Time,Last Chance,,
connecticut,plums,Plum,,,,,,,Starting Now,Prime Time,Last Chance,,,
connecticut,potatoes,Potato,,,,,,,Starting Now,Prime Time,Prime Time,Prime Time,Prime Time,Last Chance
connecticut,pumpkin,Pumpkin,,,,,,,,,Starting Now,Prime Time,Last Chance,
connecticut,purslane,-,,,,Starting Now,Prime Time,Prime Time,Prime Time,Prime Time,Prime Time,Last Chance,,
connecticut,quince,-,,,,,,,,,,Starting Now,Last Chance,
connecticut,radicchio,Radicchio?,,,,,,,,,Starting Now,Last Chance,,
connecticut,radishes,Radish?,,,,,Starting Now,Prime Time,Prime Time,Prime Time,Last Chance,,,
connecticut,ramps,-,,,Starting Now,Prime Time,Prime Time,Last Chance,,,,,,
connecticut,rapini,Rapini,,,,,,,,Starting Now,Prime Time,Prime Time,Last Chance,
connecticut,raspberries,Raspberry,,,,,,Starting Now,Last Chance,,Starting Now,Last Chance,,
connecticut,rhubarb,Rhubarb?,,,,,Starting Now,Prime Time,Prime Time,Last Chance,,,,
connecticut,rosemary,-,,,,Starting Now,Prime Time,Prime Time,Prime Time,Prime Time,Prime Time,Last Chance,,
connecticut,rutabaga,?,,,,,,,,Starting Now,Prime Time,Prime Time,Last Chance,
connecticut,sage,-,,,,Starting Now,Prime Time,Prime Time,Prime Time,Prime Time,Prime Time,Last Chance,,
connecticut,salsify,-,Last Chance,,,,,,,,,Starting Now,Prime Time,Prime Time
connecticut,shallots,?,Last Chance,,,,,Starting Now,Last Chance,,,,,Starting Now
connecticut,shell-beans,-,,,,,,,Starting Now,Prime Time,Prime Time,Prime Time,Last Chance,
connecticut,snap-peas,?,,,,,,,Starting Now,Prime Time,Prime Time,Last Chance,,
connecticut,snow-peas,?,,,,,,,Starting Now,Prime Time,Prime Time,Last Chance,,
connecticut,sorrel,-,,,,Starting Now,Prime Time,Prime Time,Last Chance,,,,,
connecticut,spinach,Spinach,,,,Starting Now,Prime Time,Prime Time,Last Chance,,,,,
connecticut,sprouts,-,Prime Time,Prime Time,Prime Time,Prime Time,Prime Time,Prime Time,Prime Time,Prime Time,Prime Time,Prime Time,Prime Time,Prime Time
connecticut,strawberries,Strawberry,,,,,,Starting Now,Last Chance,,,,,
connecticut,summer-squash,Summer squash,,,,,,Starting Now,Prime Time,Prime Time,Last Chance,,,
connecticut,sunchokes,-,,,,,,,Prime Time,,,,,
connecticut,sweet-potatoes,Sweet potato,,,,,,,,Starting Now,Last Chance,,,
connecticut,tarragon,-,,,,Starting Now,Prime Time,Prime Time,Prime Time,Prime Time,Prime Time,Last Chance,,
connecticut,thyme,-,,,,Starting Now,Prime Time,Prime Time,Prime Time,Prime Time,Prime Time,Last Chance,,
connecticut,tomatillos,?,,,,,,,Starting Now,Prime Time,Last Chance,,,
connecticut,tomatoes,Tomato,,,,,,,Starting Now,Prime Time,Last Chance,,,
connecticut,turnips,Turnip,,,,,,,,,Starting Now,Prime Time,Prime Time,Last Chance
connecticut,watercress,?,,,,Starting Now,Prime Time,Prime Time,Last Chance,,,,,
connecticut,watermelon,Watermelon,,,,,,,,Starting Now,Prime Time,Last Chance,,
connecticut,winter-squash,Winter squash,,,,,,,Starting Now,Prime Time,Prime Time,Prime Time,Prime Time,Last Chance
connecticut,zucchini,Zucchini,,,,,,,Starting Now,Prime Time,Last Chance,,,
delaware,apples,Apple,,,,,,,Starting Now,Prime Time,Prime Time,Prime Time,Last Chance,
delaware,arugula,Rocket,,,,,Starting Now,Prime Time,Prime Time,Prime Time,Last Chance,,,
delaware,asian-pears,?,,,,,,,,Starting Now,Prime Time,Last Chance,,
delaware,asparagus,Asparagus,,,,Starting Now,Prime Time,Last Chance,,,,,,
delaware,basil,-,,,,,,,Starting Now,Prime Time,Last Chance,,,
delaware,beets,Beetroot,,,,,,Starting Now,Prime Time,Prime Time,Prime Time,Prime Time,Prime Time,Last Chance
delaware,black-eyed-peas,-,,,,,,Starting Now,Prime Time,Last Chance,,,,
delaware,blackberries,Blackberry,,,,,,Starting Now,Prime Time,Last Chance,,,,
delaware,blueberries,Blueberry,,,,,,Starting Now,Prime Time,Last Chance,,,,
delaware,bok-choy,Bok Choy?,,,,,,,,,,Prime Time,,
delaware,brambles,--BROAD-CATEGORY--,,,,,,Starting Now,Prime Time,Last Chance,,,,
delaware,broccoli,Broccoli,,,,,,Starting Now,Prime Time,Last Chance,,,,
delaware,brussels-sprouts,Brussels sprouts,,,,,,,Starting Now,Prime Time,Prime Time,Prime Time,Last Chance,
delaware,cabbage,White cabbage,,,,,,Starting Now,Prime Time,Prime Time,Prime Time,Prime Time,Last Chance,
delaware,cantaloupe,Cantaloupe?,,,,,,Starting Now,Prime Time,Prime Time,Last Chance,,,
delaware,cardoons,Cardoon?,,,,,,,,,,Starting Now,Prime Time,Last Chance
delaware,carrots,Carrot,,,,,,,Starting Now,Prime Time,Last Chance,,,
delaware,cauliflower,Cauliflower,,,,,,Starting Now,Prime Time,Prime Time,Last Chance,,,
delaware,celery,Celery,,,,,,,,Starting Now,Prime Time,Last Chance,,
delaware,celery-root,-,,,,,,,,Starting Now,Prime Time,Last Chance,,
delaware,chard,Swiss chard?,,,,,Starting Now,Prime Time,Prime Time,Prime Time,Prime Time,Prime Time,Last Chance,
delaware,cherries,Cherry,,,,,,Starting Now,Last Chance,,,,,
delaware,chestnuts,-,,,,,,,,,Prime Time,,,
delaware,chicories,?,,,,,,,,,Starting Now,Last Chance,,
delaware,chili-peppers,-,,,,,,,Starting Now,Prime Time,Last Chance,,,
delaware,chives,-,,,Starting Now,Prime Time,Prime Time,Prime Time,Prime Time,Prime Time,Prime Time,Last Chance,,
delaware,cilantro,-,,,,,Starting Now,Prime Time,Prime Time,Prime Time,Prime Time,Prime Time,Last Chance,
delaware,collard-greens,Collard greens?,,,,Starting Now,Prime Time,Prime Time,Prime Time,Prime Time,Last Chance,,,
delaware,corn,Corn,,,,,,Starting Now,Prime Time,Prime Time,Prime Time,Last Chance,,
delaware,cranberries,-,,,,,,,,,,Starting Now,Prime Time,Last Chance
delaware,cucumbers,Cucumber,,,,,,Starting Now,Prime Time,Prime Time,Prime Time,Last Chance,,
delaware,currants,Currants,,,,,,Starting Now,Prime Time,Last Chance,,,,
delaware,eggplant,Aubergine,,,,,,,Starting Now,Prime Time,Prime Time,Last Chance,,
delaware,endive,Endive,,,,,,,,,Starting Now,Last Chance,,
delaware,fava-beans,-,,,,,Starting Now,Last Chance,,,,,,
delaware,fennel,Fennel,,,,,,,,,,Starting Now,Last Chance,
delaware,fiddleheads,Fiddleheads,,,,Starting Now,Last Chance,,,,,,,
delaware,garlic,-,,,,,,,Starting Now,Prime Time,Prime Time,Last Chance,,
delaware,garlic-scapes,-,,,,,Starting Now,Last Chance,,,,,,
delaware,gooseberries,Gooseberries,,,,,,,Starting Now,Last Chance,,,,
delaware,grapes,Grapes,,,,,,,,,Starting Now,Last Chance,,
delaware,green-beans,Green bean,,,,,,Starting Now,Prime Time,Prime Time,Prime Time,Last Chance,,
delaware,green-onions,-,,,,,Starting Now,Prime Time,Prime Time,Prime Time,Last Chance,,,
delaware,ground-cherries,-,,,,,,Starting Now,Prime Time,Prime Time,Last Chance,,,
delaware,horseradish,Horseradish?,Prime Time,Prime Time,Prime Time,Last Chance,,,,,,Starting Now,Prime Time,Prime Time
delaware,kale,Kale,,,,,,Starting Now,Prime Time,Prime Time,Prime Time,Prime Time,Last Chance,
delaware,kohlrabi,Kohlrabi,,,,,,Starting Now,Last Chance,,Starting Now,Last Chance,,
delaware,lamb's-quarters,-,,,,Starting Now,Prime Time,Prime Time,Prime Time,Prime Time,Last Chance,,,
delaware,lavender,-,,,,,,,Starting Now,Prime Time,Prime Time,Last Chance,,
delaware,leeks,Leek,,,,,,,,Starting Now,Prime Time,Prime Time,Prime Time,Last Chance
delaware,lettuce,Lettuce,,,,,Starting Now,Prime Time,Prime Time,Prime Time,Prime Time,Last Chance,,
delaware,lima-beans,-,,,,,,,Starting Now,Prime Time,Last Chance,,,
delaware,melons,--BROAD-CATEGORY--,,,,,,,Starting Now,Prime Time,Prime Time,Last Chance,,
delaware,mint,-,,,Starting Now,Prime Time,Prime Time,Prime Time,Prime Time,Last Chance,,,,
delaware,morels,-,,,Starting Now,Prime Time,Last Chance,,,,,,,
delaware,mushrooms,-,Starting Now,Prime Time,Prime Time,Prime Time,Prime Time,Prime Time,Prime Time,Prime Time,Last Chance,,,
delaware,mustard-greens,-,,,,,,Starting Now,Prime Time,Prime Time,Prime Time,Prime Time,Last Chance,
delaware,nectarines,Nectarine,,,,,,,Starting Now,Prime Time,Last Chance,,,
delaware,nettles,-,,,Starting Now,Prime Time,Last Chance,,,,,,,
delaware,okra,Okra?,,,,,,,,Starting Now,Last Chance,,,
delaware,onions,-,,,,,,,Starting Now,Prime Time,Prime Time,Last Chance,,
delaware,oregano,-,,,Starting Now,Prime Time,Prime Time,Prime Time,Prime Time,Last Chance,,,,
delaware,parsley,-,,,,,Starting Now,Prime Time,Prime Time,Prime Time,Prime Time,Prime Time,Last Chance,
delaware,parsnips,Parsnip,,,,Starting Now,Last Chance,,,,,Starting Now,Prime Time,Last Chance
delaware,pawpaw,Pawpaw?,,,,,,,,Starting Now,Prime Time,Last Chance,,
delaware,pea-shoots,?,,,,Starting Now,Prime Time,Last Chance,,,,,,
delaware,peaches,Peach,,,,,,Starting Now,Prime Time,Prime Time,Last Chance,,,
delaware,pears,Pear,,,,,,,,Starting Now,Prime Time,Prime Time,Prime Time,Last Chance
delaware,peas,Peas,,,,,Starting Now,Prime Time,Last Chance,,,,,
delaware,peppers,--BROAD-CATEGORY--,,,,,,,Starting Now,Prime Time,Prime Time,Last Chance,,
delaware,plums,Plum,,,,,,,,Starting Now,Last Chance,,,
delaware,potatoes,Potato,,,,,,Starting Now,Prime Time,Last Chance,,,,
delaware,pumpkin,Pumpkin,,,,,,,,Starting Now,Prime Time,Prime Time,Last Chance,
delaware,purslane,-,,,,Starting Now,Prime Time,Prime Time,Prime Time,Prime Time,Last Chance,,,
delaware,quince,-,,,,,,,,,,Starting Now,Last Chance,
delaware,radicchio,Radicchio?,,,,,,,,,Starting Now,Last Chance,,
delaware,radishes,Radish?,,,,,Starting Now,Prime Time,Prime Time,Prime Time,Last Chance,,,
delaware,ramps,-,,,,Starting Now,Last Chance,,,,,,,
delaware,rapini,Rapini,,,,,,,,Starting Now,Prime Time,Prime Time,Last Chance,
delaware,raspberries,Raspberry,,,,,,,Starting Now,Prime Time,Last Chance,,,
delaware,rhubarb,Rhubarb?,,,,,Starting Now,Prime Time,Last Chance,,,,,
delaware,rosemary,-,,,,Starting Now,Prime Time,Prime Time,Prime Time,Prime Time,Prime Time,Last Chance,,
delaware,rutabaga,?,,,,,,,,Starting Now,Prime Time,Prime Time,Last Chance,
delaware,sage,-,,,Starting Now,Prime Time,Prime Time,Prime Time,Prime Time,Last Chance,,,,
delaware,salsify,-,Last Chance,,,,,,,,,Starting Now,Prime Time,Prime Time
delaware,shallots,?,,,,,,,Starting Now,Prime Time,Prime Time,Last Chance,,
delaware,shell-beans,-,,,,,,,,,Starting Now,Prime Time,Last Chance,
delaware,snap-peas,?,,,,,,Starting Now,Prime Time,Prime Time,Last Chance,,,
delaware,snow-peas,?,,,,,,Starting Now,Prime Time,Prime Time,Last Chance,,,
delaware,sorrel,-,,,,Starting Now,Prime Time,Prime Time,Prime Time,Prime Time,Last Chance,,,
delaware,spinach,Spinach,,,,Starting Now,Prime Time,Prime Time,Prime Time,Prime Time,Last Chance,,,
delaware,sprouts,-,Prime Time,Prime Time,Prime Time,Prime Time,Prime Time,Prime Time,Prime Time,Prime Time,Prime Time,Prime Time,Prime Time,Prime Time
delaware,strawberries,Strawberry,,,,,Starting Now,Last Chance,,,,,,
delaware,summer-squash,Summer squash,,,,,,Starting Now,Prime Time,Prime Time,Last Chance,,,
delaware,sunchokes,-,Prime Time,,,,,,Prime Time,,,,,
delaware,sweet-potatoes,Sweet potato,,,,,,,,,Starting Now,Last Chance,,
delaware,tarragon,-,,,,Starting Now,Prime Time,Prime Time,Prime Time,Prime Time,Last Chance,,,
delaware,thyme,-,,,,Starting Now,Prime Time,Prime Time,Prime Time,Prime Time,Last Chance,,,
delaware,tomatillos,?,,,,,,Starting Now,Prime Time,Prime Time,Last Chance,,,
delaware,tomatoes,Tomato,,,,,,Starting Now,Prime Time,Prime Time,Prime Time,Last Chance,,
delaware,turnips,Turnip,,,,Starting Now,Last Chance,,,Starting Now,Last Chance,,,
delaware,watercress,?,,,,Starting Now,Prime Time,Prime Time,Last Chance,,,,,
delaware,watermelon,Watermelon,,,,,,,Starting Now,Prime Time,Prime Time,Last Chance,,
delaware,winter-squash,Winter squash,,,,,,,Starting Now,Prime Time,Last Chance,,,
delaware,zucchini,Zucchini,,,,,,,Starting Now,Prime Time,Last Chance,,,
north-florida,arugula,Rocket,Prime Time,Last Chance,,,,,,,Starting Now,Prime Time,Prime Time,Prime Time
north-florida,asparagus,Asparagus,,Starting Now,Prime Time,Last Chance,,,,,,,,
north-florida,avocados,Avocado,,,,,,,Starting Now,Last Chance,,,,
north-florida,basil,-,Starting Now,Prime Time,Prime Time,Prime Time,Prime Time,Prime Time,Prime Time,Last Chance,,,,
north-florida,beets,Beetroot,Prime Time,Prime Time,Prime Time,Last Chance,,,,,Starting Now,Prime Time,Prime Time,Prime Time
north-florida,blackberries,Blackberry,,,Starting Now,Prime Time,Prime Time,Last Chance,,,,,,
north-florida,blueberries,Blueberry,,,Starting Now,Prime Time,Prime Time,Last Chance,,,,,,
north-florida,bok-choy,Bok Choy?,Prime Time,Prime Time,Prime Time,Last Chance,,,Starting Now,Prime Time,Prime Time,Prime Time,Prime Time,Prime Time
north-florida,boysenberries,?,,,,,Starting Now,Prime Time,Prime Time,Prime Time,Last Chance,,,
north-florida,brambles,--BROAD-CATEGORY--,,,,,Starting Now,Prime Time,Prime Time,Prime Time,Last Chance,,,
north-florida,broccoli,Broccoli,Prime Time,Prime Time,Prime Time,Last Chance,,,,,Starting Now,Prime Time,Prime Time,Prime Time
north-florida,brussels-sprouts,Brussels sprouts,Prime Time,Last Chance,,,,,,,Starting Now,Prime Time,Prime Time,Prime Time
north-florida,cabbage,White cabbage,Prime Time,Prime Time,Prime Time,Last Chance,,,,,Starting Now,Prime Time,Prime Time,Prime Time
north-florida,cantaloupe,Cantaloupe?,,,Starting Now,Prime Time,Prime Time,Last Chance,,,,,,
north-florida,cardoons,Cardoon?,,,,,,,,,,Starting Now,Prime Time,Last Chance
north-florida,carrots,Carrot,Prime Time,Prime Time,Prime Time,Last Chance,,,,,Starting Now,Prime Time,Prime Time,Prime Time
north-florida,cauliflower,Cauliflower,Prime Time,Prime Time,Prime Time,Last Chance,,,,,Starting Now,Prime Time,Prime Time,Prime Time
north-florida,celery,Celery,Starting Now,Prime Time,Prime Time,Last Chance,,,,,,,,
north-florida,chard,Swiss chard?,Prime Time,Prime Time,Prime Time,Last Chance,,,,,Starting Now,Prime Time,Prime Time,Prime Time
north-florida,cherries,Cherry,,,,,,Starting Now,Last Chance,,,,,
north-florida,chestnuts,-,,,,,,,Starting Now,Prime Time,Prime Time,Prime Time,Prime Time,Last Chance
north-florida,chicories,?,Prime Time,Prime Time,Prime Time,Prime Time,Prime Time,Prime Time,Last Chance,,,Starting Now,Prime Time,Prime Time
north-florida,chives,-,Prime Time,Prime Time,Prime Time,Prime Time,Prime Time,Prime Time,Prime Time,Prime Time,Prime Time,Prime Time,Prime Time,Prime Time
north-florida,cilantro,-,Prime Time,Prime Time,Prime Time,Last Chance,,,,,Starting Now,Prime Time,Prime Time,Prime Time
north-florida,clementines,Clementine,Prime Time,Prime Time,Prime Time,Last Chance,,,,,,,Starting Now,Prime Time
north-florida,collard-greens,Collard greens?,Prime Time,Prime Time,Prime Time,Last Chance,,,Starting Now,Prime Time,Prime Time,Prime Time,Prime Time,Prime Time
north-florida,corn,Corn,,,Starting Now,Prime Time,Prime Time,Last Chance,,,,,,
north-florida,cucumbers,Cucumber,Starting Now,Prime Time,Prime Time,Prime Time,Prime Time,Prime Time,Prime Time,Prime Time,Prime Time,Last Chance,,
north-florida,eggplant,Aubergine,,,Starting Now,Prime Time,Prime Time,Prime Time,Prime Time,Last Chance,,,,
north-florida,endive,Endive,Prime Time,Last Chance,,,,,,,Starting Now,Prime Time,Prime Time,Prime Time
north-florida,fennel,Fennel,Prime Time,Last Chance,,,,,,,Starting Now,Prime Time,Prime Time,Prime Time
north-florida,figs,Fig,,,,,Starting Now,Last Chance,,,,,,
north-florida,garlic,-,,,,,Starting Now,Prime Time,Prime Time,Prime Time,Prime Time,Last Chance,,
north-florida,gooseberries,Gooseberries,,,,,,,Starting Now,Last Chance,,,,
north-florida,grapefruit,Grapefruit,Prime Time,Prime Time,Prime Time,Last Chance,,,Starting Now,Prime Time,Prime Time,Prime Time,Prime Time,Prime Time
north-florida,grapes,Grapes,,,,,,,,Starting Now,Last Chance,,,
north-florida,green-onions,-,Prime Time,Last Chance,,,,,,,Starting Now,Prime Time,Prime Time,Prime Time
north-florida,kale,Kale,Prime Time,Prime Time,Prime Time,Last Chance,,,,,Starting Now,Prime Time,Prime Time,Prime Time
north-florida,kohlrabi,Kohlrabi,Prime Time,Last Chance,,,,,,,Starting Now,Prime Time,Prime Time,Prime Time
north-florida,kumquats,?,Prime Time,Last Chance,,,,,,,Starting Now,Prime Time,Prime Time,Prime Time
north-florida,lavender,-,,,,,,,Starting Now,Prime Time,Prime Time,Last Chance,,
north-florida,leeks,Leek,Starting Now,Last Chance,,,,,,,,,,
north-florida,lemongrass,-,,,Starting Now,Prime Time,Prime Time,Last Chance,,,,,,
north-florida,lemons,-,,,,,,,,,Starting Now,Prime Time,Prime Time,Last Chance
north-florida,lettuce,Lettuce,,,,,,,,,Starting Now,Prime Time,Prime Time,Last Chance
north-florida,limes,-,,,,,,,,,Starting Now,Prime Time,Prime Time,Last Chance
north-florida,loquats,Loquat?,Prime Time,Last Chance,,,,,,,,,Starting Now,Prime Time
north-florida,malabar-spinach,?,,,,,,,Starting Now,Last Chance,,,,
north-florida,mandarins,Mandarin oranges?,,,,,,,,,Starting Now,Prime Time,Prime Time,Last Chance
north-florida,melons,--BROAD-CATEGORY--,Prime Time,Prime Time,Prime Time,Prime Time,Last Chance,,,,,,Starting Now,Prime Time
north-florida,mint,-,,,Starting Now,Prime Time,Prime Time,Prime Time,Prime Time,Last Chance,,,,
north-florida,moringa,?,,,Starting Now,Prime Time,Prime Time,Last Chance,,,,,,
north-florida,mushrooms,-,,,,,,,Starting Now,Last Chance,,,,
north-florida,mustard-greens,-,Prime Time,Prime Time,Prime Time,Last Chance,,,Starting Now,Prime Time,Prime Time,Prime Time,Prime Time,Prime Time
north-florida,nectarines,Nectarine,,,Starting Now,Prime Time,Prime Time,Prime Time,Prime Time,Last Chance,,,,
north-florida,okra,Okra?,,,Starting Now,Prime Time,Prime Time,Prime Time,Prime Time,Prime Time,Prime Time,Last Chance,,
north-florida,onions,-,Prime Time,Prime Time,Prime Time,Last Chance,,,,,Starting Now,Prime Time,Prime Time,Prime Time
north-florida,orach,-,,,Starting Now,Last Chance,,,,,,,,
north-florida,oranges,Orange,,,,,,,,,,Starting Now,Prime Time,Last Chance
north-florida,oregano,-,Prime Time,Prime Time,Prime Time,Prime Time,Prime Time,Prime Time,Prime Time,Last Chance,,,Starting Now,Prime Time
north-florida,papaya,-,,,,,Starting Now,Prime Time,Prime Time,Prime Time,Last Chance,,,
north-florida,parsley,-,Prime Time,Last Chance,,,,,Starting Now,Last Chance,,,Starting Now,Prime Time
north-florida,pawpaw,Pawpaw?,,,Prime Time,,Starting Now,Last Chance,,,,,,
north-florida,peaches,Peach,,,Starting Now,Prime Time,Prime Time,Last Chance,,,,,,
north-florida,peanuts,-,Starting Now,Prime Time,Prime Time,Prime Time,Prime Time,Prime Time,Prime Time,Prime Time,Prime Time,Prime Time,Last Chance,
north-florida,pears,Pear,,,,,Starting Now,Prime Time,Prime Time,Last Chance,,,,
north-florida,peas,Peas,Starting Now,Prime Time,Prime Time,Last Chance,,,Starting Now,Prime Time,Prime Time,Last Chance,,
north-florida,pecans,-,,,,,,,Starting Now,Last Chance,,,,
north-florida,peppers,--BROAD-CATEGORY--,,,Starting Now,Prime Time,Prime Time,Prime Time,Prime Time,Prime Time,Prime Time,Last Chance,,
north-florida,persimmons,Persimmon,,,,,,,,Starting Now,Prime Time,Last Chance,,
north-florida,plums,Plum,,,,,Starting Now,Prime Time,Last Chance,,,,,
north-florida,pomegranates,Pomegranate,,,,,,,Starting Now,Prime Time,Prime Time,Last Chance,,
north-florida,potatoes,Potato,Starting Now,Prime Time,Prime Time,Prime Time,Prime Time,Last Chance,,,,,,
north-florida,pummelo,?,Prime Time,Prime Time,Prime Time,Last Chance,,,,,,,,Starting Now
north-florida,pumpkin,Pumpkin,,,,,Starting Now,Last Chance,,,Starting Now,Prime Time,Prime Time,Last Chance
north-florida,purslane,-,,,,,,,,,Starting Now,Last Chance,,
north-florida,quince,-,,,,,,,,,Starting Now,Prime Time,Last Chance,
north-florida,radicchio,Radicchio?,Prime Time,Last Chance,,,,,,,Starting Now,Prime Time,Prime Time,Prime Time
north-florida,radishes,Radish?,Prime Time,Prime Time,Prime Time,Last Chance,,,Starting Now,Prime Time,Prime Time,Prime Time,Prime Time,Prime Time
north-florida,rapini,Rapini,Prime Time,Prime Time,Prime Time,Last Chance,,,,,,,Starting Now,Prime Time
north-florida,raspberries,Raspberry,,,,,,Starting Now,Prime Time,Last Chance,,,,
north-florida,rhubarb,Rhubarb?,,,,,Starting Now,Last Chance,,,,,,
north-florida,rosemary,-,Prime Time,Prime Time,Prime Time,Prime Time,Prime Time,Prime Time,Prime Time,Last Chance,,,Starting Now,Prime Time
north-florida,rutabaga,?,Prime Time,Last Chance,,,,,,,Starting Now,Prime Time,Prime Time,Prime Time
north-florida,sage,-,Prime Time,Prime Time,Prime Time,Prime Time,Prime Time,Prime Time,Prime Time,Prime Time,Prime Time,Prime Time,Prime Time,Prime Time
north-florida,shallots,?,Prime Time,Prime Time,Prime Time,Prime Time,Prime Time,Last Chance,,,,,,Starting Now
north-florida,shell-beans,-,Prime Time,Prime Time,Prime Time,Prime Time,Prime Time,Prime Time,Prime Time,Prime Time,Prime Time,Prime Time,Prime Time,Prime Time
north-florida,sorrel,-,Prime Time,Last Chance,,,,,,,Starting Now,Prime Time,Prime Time,Prime Time
north-florida,spinach,Spinach,Prime Time,Last Chance,,,,,,,Starting Now,Prime Time,Prime Time,Prime Time
north-florida,sprouts,-,Prime Time,Prime Time,Prime Time,Prime Time,Prime Time,Prime Time,Prime Time,Prime Time,Prime Time,Prime Time,Prime Time,Prime Time
north-florida,strawberries,Strawberry,Prime Time,Last Chance,,,,,,,,,Starting Now,Prime Time
north-florida,summer-squash,Summer squash,,,,,Starting Now,Prime Time,Prime Time,Prime Time,Prime Time,Last Chance,,
north-florida,sunchokes,-,,,,,,,,,Starting Now,Last Chance,,
north-florida,sweet-potatoes,Sweet potato,,,,,Starting Now,Prime Time,Prime Time,Prime Time,Prime Time,Prime Time,Prime Time,Last Chance
north-florida,tangerines,-,,,,,,,,,Starting Now,Prime Time,Prime Time,Last Chance
north-florida,taro,-,,,Starting Now,Prime Time,Prime Time,Prime Time,Last Chance,,,,Starting Now,Last Chance
north-florida,taro-leaf,-,,,,,,,Starting Now,Last Chance,,,,
north-florida,tarragon,-,Prime Time,Prime Time,Prime Time,Prime Time,Prime Time,Prime Time,Prime Time,Prime Time,Prime Time,Prime Time,Prime Time,Prime Time
north-florida,thyme,-,Prime Time,Prime Time,Prime Time,Prime Time,Prime Time,Prime Time,Prime Time,Last Chance,,,Starting Now,Prime Time
north-florida,tomatillos,?,,,Starting Now,Prime Time,Prime Time,Prime Time,Prime Time,Prime Time,Prime Time,Last Chance,,
north-florida,tomatoes,Tomato,,,Starting Now,Prime Time,Prime Time,Prime Time,Prime Time,Prime Time,Prime Time,Last Chance,,
north-florida,turnips,Turnip,Prime Time,Prime Time,Prime Time,Last Chance,,,Starting Now,Prime Time,Prime Time,Prime Time,Prime Time,Prime Time
north-florida,watercress,?,Prime Time,Last Chance,,,,,,,,,Starting Now,Prime Time
north-florida,watermelon,Watermelon,,,Starting Now,Prime Time,Prime Time,Prime Time,Prime Time,Last Chance,,,,
north-florida,winter-squash,Winter squash,,,,,,,,,Starting Now,Prime Time,Prime Time,Last Chance
north-florida,yams,Yam,Prime Time,Prime Time,Prime Time,Prime Time,Prime Time,Prime Time,Prime Time,Prime Time,Prime Time,Prime Time,Prime Time,Prime Time
north-florida,zucchini,Zucchini,,,,,Starting Now,Last Chance,,,,,,
south-florida,arugula,Rocket,Prime Time,,,,,,,,,,,
south-florida,asparagus,Asparagus,,Starting Now,Prime Time,Last Chance,,,,,,,,
south-florida,atemoya,-,,,,,,,,Starting Now,Prime Time,Last Chance,,
south-florida,avocados,Avocado,Last Chance,,,,,Starting Now,Prime Time,Prime Time,Prime Time,Prime Time,Prime Time,Prime Time
south-florida,bananas,-,Prime Time,Prime Time,Prime Time,Prime Time,Prime Time,Prime Time,Prime Time,Prime Time,Prime Time,Prime Time,Prime Time,Prime Time
south-florida,beets,Beetroot,Starting Now,Prime Time,Prime Time,Prime Time,Prime Time,Last Chance,,,,,,
south-florida,black-sapote,-,Prime Time,Last Chance,,,,,,,,,,Starting Now
south-florida,bok-choy,Bok Choy?,,Starting Now,Prime Time,Prime Time,Last Chance,,,,,,,
south-florida,boysenberries,?,,,,,Starting Now,Prime Time,Prime Time,Prime Time,Last Chance,,,
south-florida,brambles,--BROAD-CATEGORY--,,,,,Starting Now,Prime Time,Prime Time,Prime Time,Last Chance,,,
south-florida,breadfruit,-,,,,,,,Starting Now,Last Chance,,,,
south-florida,broccoli,Broccoli,Starting Now,Prime Time,Prime Time,Last Chance,,,,,,,,
south-florida,cabbage,White cabbage,Prime Time,,,Starting Now,Last Chance,,,,,,,
south-florida,caimito,-,,Starting Now,Last Chance,,,,,,,,,
south-florida,canistel,-,Prime Time,Prime Time,Last Chance,,,Starting Now,Prime Time,Last Chance,,,,Starting Now
south-florida,cardoons,Cardoon?,,,,,,,,,,Starting Now,Prime Time,Last Chance
south-florida,carrots,Carrot,Starting Now,Prime Time,Prime Time,Last Chance,,Prime Time,,,,,,
south-florida,celery,Celery,Starting Now,Prime Time,Prime Time,Last Chance,,,,,,,,
south-florida,chard,Swiss chard?,Starting Now,Prime Time,Prime Time,Prime Time,Prime Time,Last Chance,,,,,,
south-florida,cherimoyas,Cherimoya,,,,,,,,Starting Now,Last Chance,,,
south-florida,cherries,Cherry,,,,,,Starting Now,Last Chance,,,,,
south-florida,chicories,?,Prime Time,Prime Time,Prime Time,Prime Time,Prime Time,Prime Time,Last Chance,,,Starting Now,Prime Time,Prime Time
south-florida,cilantro,-,,Prime Time,,,,,,,,,Starting Now,Last Chance
south-florida,citrus,--BROAD-CATEGORY--,Prime Time,Prime Time,Prime Time,Last Chance,,,,,,,Starting Now,Prime Time
south-florida,clementines,Clementine,Prime Time,Prime Time,Prime Time,Last Chance,,,,,,,Starting Now,Prime Time
south-florida,coconut,-,Prime Time,Prime Time,Prime Time,Prime Time,Prime Time,Prime Time,Prime Time,Prime Time,Prime Time,Prime Time,Prime Time,Prime Time
south-florida,collard-greens,Collard greens?,Prime Time,Prime Time,Prime Time,Last Chance,,,Starting Now,Last Chance,,,Starting Now,Prime Time
south-florida,corn,Corn,Prime Time,Prime Time,Prime Time,Prime Time,Last Chance,,,,,,Starting Now,Prime Time
south-florida,cucumbers,Cucumber,,,Starting Now,Prime Time,Prime Time,Last Chance,,,,,Starting Now,Last Chance
south-florida,dragon-fruit,-,,,,,Starting Now,Prime Time,Prime Time,Prime Time,Prime Time,Last Chance,,
south-florida,eggplant,Aubergine,Prime Time,Prime Time,Prime Time,Prime Time,Last Chance,,Starting Now,Prime Time,Prime Time,Prime Time,Prime Time,Prime Time
south-florida,endive,Endive,Prime Time,,Prime Time,,,,,,,,,
south-florida,fennel,Fennel,Prime Time,Last Chance,,,,,,,Starting Now,Prime Time,Prime Time,Prime Time
south-florida,garlic,-,,,,,Starting Now,Prime Time,Prime Time,Prime Time,Prime Time,Last Chance,,
south-florida,ginger,-,,Starting Now,Prime Time,Prime Time,Prime Time,Last Chance,,,Starting Now,Last Chance,,
south-florida,gooseberries,Gooseberries,,,,,,,Starting Now,Last Chance,,,,
south-florida,grapefruit,Grapefruit,Prime Time,Prime Time,Prime Time,Prime Time,Last Chance,,,,,,Starting Now,Prime Time
south-florida,grapes,Grapes,,,,,,,,Starting Now,Last Chance,,,
south-florida,green-beans,Green bean,Last Chance,,,Prime Time,,,,,,,Starting Now,Prime Time
south-florida,green-onions,-,Prime Time,Prime Time,Prime Time,Last Chance,,Prime Time,,,,,Starting Now,Prime Time
south-florida,jackfruit,-,,,,,,Starting Now,Prime Time,Prime Time,Last Chance,,,
south-florida,jicama,-,Prime Time,Prime Time,Last Chance,,,,,,,,Starting Now,Prime Time
south-florida,kale,Kale,,Prime Time,,,,Prime Time,,,,,,
south-florida,kohlrabi,Kohlrabi,Prime Time,,,,,,,,,,,
south-florida,lavender,-,,,,,,,Starting Now,Prime Time,Prime Time,Last Chance,,
south-florida,lemongrass,-,,,,,,Starting Now,Prime Time,Prime Time,Last Chance,,,
south-florida,lettuce,Lettuce,Prime Time,Prime Time,Prime Time,Prime Time,Last Chance,,,,,,Starting Now,Prime Time
south-florida,limes,-,Prime Time,Prime Time,Prime Time,Last Chance,,,,,Prime Time,,Starting Now,Prime Time
south-florida,longan,??,,,,,,,Starting Now,Last Chance,,,,
south-florida,loquats,Loquat?,,Starting Now,Prime Time,Prime Time,Last Chance,,,,,,,
south-florida,lychee,Lychee,,,,,Starting Now,Last Chance,,,,,,
south-florida,malabar-spinach,?,,,,,,,Starting Now,Last Chance,,,,
south-florida,mamey-sapote,-,,Starting Now,Prime Time,Prime Time,Prime Time,Prime Time,Prime Time,Prime Time,Last Chance,,,
south-florida,mamoncillo,-,,,,,,,,Prime Time,,,,
south-florida,mandarins,Mandarin oranges?,Last Chance,,,,,,,,,,Starting Now,Prime Time
south-florida,mangoes,Mango,,,,,Starting Now,Prime Time,Prime Time,Last Chance,,,,
south-florida,melons,--BROAD-CATEGORY--,Prime Time,Prime Time,Prime Time,Prime Time,Last Chance,,,,,,Starting Now,Prime Time
south-florida,moringa,?,Prime Time,Prime Time,Prime Time,Prime Time,Prime Time,Last Chance,,,,,Starting Now,Prime Time
south-florida,mustard-greens,-,Prime Time,Prime Time,Last Chance,,,,,,,,Starting Now,Prime Time
south-florida,mysore-raspberries,-,,Starting Now,Prime Time,Prime Time,Last Chance,,,,,,,
south-florida,okra,Okra?,,,,,,,Starting Now,Prime Time,Prime Time,Last Chance,,
south-florida,onions,-,,,,Starting Now,Prime Time,Last Chance,,,,,,
south-florida,oranges,Orange,Prime Time,Prime Time,Prime Time,Prime Time,Prime Time,Last Chance,,,,,Starting Now,Prime Time
south-florida,papaya,-,,,,,Starting Now,Prime Time,Prime Time,Prime Time,Last Chance,,,
south-florida,parsley,-,,,,,Prime Time,,,,,,Starting Now,Last Chance
south-florida,passionfruit,-,,,,,Starting Now,Prime Time,Prime Time,Prime Time,Prime Time,Prime Time,Prime Time,Last Chance
south-florida,peanuts,-,Starting Now,Prime Time,Prime Time,Prime Time,Prime Time,Prime Time,Prime Time,Prime Time,Prime Time,Prime Time,Last Chance,
south-florida,peas,Peas,,,,,,,,,,Prime Time,,
south-florida,peppers,--BROAD-CATEGORY--,Starting Now,Prime Time,Last Chance,,,Starting Now,Prime Time,Prime Time,Last Chance,,,
south-florida,pigeon-peas,-,Prime Time,Prime Time,Prime Time,Prime Time,Last Chance,,,,,,Starting Now,Prime Time
south-florida,pineapple,-,,,,,Starting Now,Last Chance,,,,,,
south-florida,plums,Plum,,,,,Starting Now,Prime Time,Last Chance,,,,,
south-florida,potatoes,Potato,Starting Now,Prime Time,Last Chance,,,,,,,,,
south-florida,pummelo,?,Prime Time,Prime Time,Prime Time,Last Chance,,,,,,,,Starting Now
south-florida,pumpkin,Pumpkin,,,,,,,,,Starting Now,Prime Time,Last Chance,
south-florida,quince,-,,,,,,,,,Starting Now,Prime Time,Last Chance,
south-florida,radishes,Radish?,Starting Now,Prime Time,Prime Time,Last Chance,,,,,,,,
south-florida,raspberries,Raspberry,,,,,,Starting Now,Prime Time,Last Chance,,,,
south-florida,rhubarb,Rhubarb?,,,,,Starting Now,Last Chance,,,,,,
south-florida,sage,-,Prime Time,Prime Time,Prime Time,Prime Time,Prime Time,Prime Time,Prime Time,Prime Time,Prime Time,Prime Time,Prime Time,Prime Time
south-florida,sapodilla,-,Prime Time,Prime Time,Prime Time,Prime Time,Prime Time,Last Chance,,,,,,Starting Now
south-florida,shallots,?,Prime Time,Prime Time,Prime Time,Prime Time,Prime Time,Last Chance,,,,,,Starting Now
south-florida,shell-beans,-,Starting Now,Prime Time,Last Chance,,Prime Time,,,,,,,
south-florida,sprouts,-,Prime Time,Prime Time,Prime Time,Prime Time,Prime Time,Prime Time,Prime Time,Prime Time,Prime Time,Prime Time,Prime Time,Prime Time
south-florida,starfruit,-,Last Chance,,,,,,Starting Now,Prime Time,Prime Time,Prime Time,Prime Time,Prime Time
south-florida,strawberries,Strawberry,Prime Time,Prime Time,Prime Time,Last Chance,,,,,,,,Starting Now
south-florida,sugarcane,-,Last Chance,,,,,,,,Starting Now,Prime Time,Prime Time,Prime Time
south-florida,summer-squash,Summer squash,,,,Starting Now,Prime Time,Prime Time,Prime Time,Prime Time,Last Chance,,,
south-florida,sweet-potatoes,Sweet potato,,,,,,,,Starting Now,Last Chance,,,
south-florida,tangerines,-,Prime Time,Prime Time,Prime Time,Last Chance,,,,,,,Starting Now,Prime Time
south-florida,taro,-,,,Starting Now,Prime Time,Prime Time,Prime Time,Last Chance,,,,Starting Now,Last Chance
south-florida,taro-leaf,-,Prime Time,Prime Time,Prime Time,Prime Time,Prime Time,Prime Time,Prime Time,Last Chance,,,Starting Now,Prime Time
south-florida,tarragon,-,Prime Time,Prime Time,Prime Time,Prime Time,Prime Time,Prime Time,Prime Time,Prime Time,Prime Time,Prime Time,Prime Time,Prime Time
south-florida,tomatillos,?,Prime Time,Prime Time,Prime Time,Prime Time,Prime Time,Last Chance,,,Starting Now,Prime Time,Prime Time,Prime Time
south-florida,tomatoes,Tomato,Prime Time,Prime Time,Prime Time,Prime Time,Last Chance,,,,,,Starting Now,Prime Time
south-florida,turmeric,-,Starting Now,Prime Time,Prime Time,Prime Time,Prime Time,Last Chance,,,,,,
south-florida,turnips,Turnip,Prime Time,Prime Time,Last Chance,,Prime Time,,,,,,Starting Now,Prime Time
south-florida,watercress,?,,,,,,Starting Now,Prime Time,Prime Time,Last Chance,,,
south-florida,watermelon,Watermelon,,,,,,Starting Now,Prime Time,Prime Time,Last Chance,,,
south-florida,white-sapote,?,,,,,,Prime Time,,,,,,
south-florida,winter-squash,Winter squash,Starting Now,Last Chance,,,,,,,Starting Now,Last Chance,,
south-florida,yams,Yam,Prime Time,Prime Time,Prime Time,Prime Time,Prime Time,Prime Time,Prime Time,Prime Time,Prime Time,Prime Time,Prime Time,Prime Time
south-florida,yuca,-,,,,,,,,,Starting Now,Prime Time,Prime Time,Last Chance
south-florida,zucchini,Zucchini,,,,Starting Now,Prime Time,Last Chance,,,,,,
georgia,apples,Apple,,,,,,,Starting Now,Prime Time,Prime Time,Prime Time,Last Chance,
georgia,arugula,Rocket,,,,Starting Now,Prime Time,Last Chance,,,,,,
georgia,asparagus,Asparagus,,,Starting Now,Prime Time,Prime Time,Last Chance,,,,,,
georgia,basil,-,,,,,Starting Now,Prime Time,Prime Time,Prime Time,Last Chance,,,
georgia,beets,Beetroot,,,,Starting Now,Prime Time,Last Chance,,,,,,
georgia,black-eyed-peas,-,,,,,Starting Now,Prime Time,Prime Time,Last Chance,,,,
georgia,blackberries,Blackberry,,,,,,Starting Now,Last Chance,,,,,
georgia,blueberries,Blueberry,,,,,,Starting Now,Prime Time,Last Chance,,,,
georgia,bok-choy,Bok Choy?,Prime Time,Prime Time,Prime Time,Prime Time,Prime Time,Last Chance,,,,Starting Now,Prime Time,Prime Time
georgia,boysenberries,?,,,,,,Starting Now,Last Chance,,,,,
georgia,brambles,--BROAD-CATEGORY--,,,,,,Starting Now,Last Chance,,,,,
georgia,broccoli,Broccoli,,,,,Starting Now,Last Chance,,,,Starting Now,Prime Time,Last Chance
georgia,brussels-sprouts,Brussels sprouts,Prime Time,Last Chance,,,,,,,,,Starting Now,Prime Time
georgia,cabbage,White cabbage,,,,,Starting Now,Prime Time,Prime Time,Prime Time,Last Chance,,,
georgia,cantaloupe,Cantaloupe?,,,,,,Starting Now,Prime Time,Last Chance,,,,
georgia,cardoons,Cardoon?,,,,,,,,,,Starting Now,Prime Time,Last Chance
georgia,carrots,Carrot,Prime Time,Prime Time,Prime Time,Prime Time,Prime Time,Last Chance,,,,Starting Now,Prime Time,Prime Time
georgia,cauliflower,Cauliflower,,,,,,,,,,Starting Now,Prime Time,Last Chance
georgia,celery,Celery,Prime Time,Last Chance,,,,,,,,Starting Now,Prime Time,Prime Time
georgia,celery-root,-,Prime Time,Last Chance,,,,,,,,Starting Now,Prime Time,Prime Time
georgia,chard,Swiss chard?,Prime Time,Prime Time,Prime Time,Last Chance,,,,,,Starting Now,Prime Time,Prime Time
georgia,cherries,Cherry,,,,,,Prime Time,,,,,,
georgia,chicories,?,Prime Time,Prime Time,Last Chance,,,,,,,Starting Now,Prime Time,Prime Time
georgia,chili-peppers,-,,,,,Starting Now,Prime Time,Prime Time,Prime Time,Last Chance,,,
georgia,chives,-,,,Starting Now,Prime Time,Prime Time,Prime Time,Prime Time,Prime Time,Prime Time,Last Chance,,
georgia,cilantro,-,,,Starting Now,Prime Time,Last Chance,,,,,Starting Now,Prime Time,Last Chance
georgia,citrus,--BROAD-CATEGORY--,Last Chance,,,,,,,,,,Starting Now,Prime Time
georgia,collard-greens,Collard greens?,Prime Time,Prime Time,Prime Time,Prime Time,Prime Time,Last Chance,,,,Starting Now,Prime Time,Prime Time
georgia,corn,Corn,,,,,,Starting Now,Prime Time,Last Chance,,,,
georgia,cucumbers,Cucumber,,,,,,Starting Now,Prime Time,Last Chance,,,,
georgia,edamame,-,,,,,,Starting Now,Prime Time,Prime Time,Last Chance,,,
georgia,eggplant,Aubergine,,,,,,Starting Now,Prime Time,Prime Time,Prime Time,Last Chance,,
georgia,endive,Endive,Prime Time,Prime Time,Last Chance,,,,,,,Starting Now,Prime Time,Prime Time
georgia,figs,Fig,,,,,,,Starting Now,Last Chance,,,,
georgia,garlic,-,,,,,Starting Now,Prime Time,Prime Time,Prime Time,Prime Time,Last Chance,,
georgia,garlic-scapes,-,,,Starting Now,Prime Time,Last Chance,,,,,,,
georgia,gooseberries,Gooseberries,,,,,,,Starting Now,Last Chance,,,,
georgia,grapes,Grapes,,,,,,,Starting Now,Prime Time,Prime Time,Last Chance,,
georgia,green-beans,Green bean,,,,,Starting Now,Prime Time,Prime Time,Prime Time,Prime Time,Prime Time,Last Chance,
georgia,green-onions,-,Starting Now,Prime Time,Prime Time,Prime Time,Last Chance,,,,,,,
georgia,ground-cherries,-,,,,,Starting Now,Prime Time,Prime Time,Prime Time,Prime Time,Prime Time,Last Chance,
georgia,horseradish,Horseradish?,Prime Time,Prime Time,Prime Time,Last Chance,,,,,,Starting Now,Prime Time,Prime Time
georgia,kale,Kale,Prime Time,Prime Time,Prime Time,Prime Time,Last Chance,,,,,Starting Now,Prime Time,Prime Time
georgia,kohlrabi,Kohlrabi,Prime Time,,,,,,,,,,,
georgia,lamb's-quarters,-,,,Starting Now,Prime Time,Prime Time,Prime Time,Prime Time,Prime Time,Prime Time,Last Chance,,
georgia,lavender,-,,,,,,,Starting Now,Prime Time,Prime Time,Last Chance,,
georgia,leeks,Leek,Prime Time,Prime Time,Prime Time,Prime Time,Last Chance,,,,,Starting Now,Prime Time,Prime Time
georgia,lettuce,Lettuce,Prime Time,Prime Time,Prime Time,Prime Time,Prime Time,Last Chance,,,Starting Now,Prime Time,Prime Time,Prime Time
georgia,lima-beans,-,,,,,Starting Now,Last Chance,,,,,,
georgia,loquats,Loquat?,,,Starting Now,Last Chance,,,,,,,,
georgia,melons,--BROAD-CATEGORY--,,,,,Starting Now,Prime Time,Prime Time,Prime Time,Prime Time,Last Chance,,
georgia,mint,-,,,,,Starting Now,Prime Time,Prime Time,Prime Time,Prime Time,Prime Time,Last Chance,
georgia,mushrooms,-,Prime Time,Prime Time,Prime Time,Prime Time,Prime Time,Prime Time,Prime Time,Prime Time,Prime Time,Prime Time,Prime Time,Prime Time
georgia,mustard-greens,-,Prime Time,Prime Time,Prime Time,Prime Time,Prime Time,Last Chance,,,,Starting Now,Prime Time,Prime Time
georgia,nectarines,Nectarine,,,,,Starting Now,Prime Time,Prime Time,Last Chance,,,,
georgia,okra,Okra?,,,,,Starting Now,Prime Time,Prime Time,Prime Time,Prime Time,Last Chance,,
georgia,onions,-,,,,Starting Now,Prime Time,Last Chance,,,,,,
georgia,oregano,-,,,,,Starting Now,Prime Time,Prime Time,Prime Time,Prime Time,Prime Time,Last Chance,
georgia,parsley,-,,,Starting Now,Prime Time,Last Chance,,,,,Starting Now,Prime Time,Last Chance
georgia,parsnips,Parsnip,,,,,,,,,,Starting Now,Prime Time,Last Chance
georgia,pawpaw,Pawpaw?,,,,,,,,Starting Now,Last Chance,,,
georgia,pea-shoots,?,,,Starting Now,Last Chance,,,,,,,,
georgia,peaches,Peach,,,,,Starting Now,Prime Time,Prime Time,Last Chance,,,,
georgia,peanuts,-,,,,,,,,Starting Now,Prime Time,Prime Time,Last Chance,
georgia,pears,Pear,,,,,,,,Starting Now,Prime Time,Prime Time,Last Chance,
georgia,peas,Peas,,,,,Starting Now,Prime Time,Prime Time,Prime Time,Prime Time,Last Chance,,
georgia,pecans,-,,,,,,,,,Starting Now,Prime Time,Prime Time,Last Chance
georgia,peppers,--BROAD-CATEGORY--,,,,,,Starting Now,Prime Time,Prime Time,Last Chance,,,
georgia,persimmons,Persimmon,,,,,,,,,Starting Now,Prime Time,Last Chance,
georgia,plums,Plum,,,,,,,Starting Now,Last Chance,,,,
georgia,potatoes,Potato,,,,,Starting Now,Prime Time,Prime Time,Prime Time,Last Chance,,,
georgia,pumpkin,Pumpkin,,,,,,,,,Starting Now,Prime Time,Last Chance,
georgia,purslane,-,,,Starting Now,Prime Time,Prime Time,Prime Time,Prime Time,Prime Time,Prime Time,Last Chance,,
georgia,quince,-,,,,,,,,,,Starting Now,Last Chance,
georgia,radicchio,Radicchio?,Prime Time,Prime Time,Last Chance,,,,,,,Starting Now,Prime Time,Prime Time
georgia,radishes,Radish?,,,Starting Now,Prime Time,Prime Time,Last Chance,,,,,,
georgia,rapini,Rapini,Prime Time,Last Chance,,,Starting Now,Last Chance,,,,Starting Now,Prime Time,Prime Time
georgia,raspberries,Raspberry,,,,,,Starting Now,Last Chance,,,,,
georgia,rosemary,-,,,,Starting Now,Prime Time,Prime Time,Prime Time,Prime Time,Prime Time,Prime Time,Last Chance,
georgia,sage,-,,,,Starting Now,Prime Time,Prime Time,Prime Time,Prime Time,Prime Time,Prime Time,Last Chance,
georgia,salsify,-,Last Chance,,,,,,,,,Starting Now,Prime Time,Prime Time
georgia,shallots,?,Prime Time,Prime Time,Prime Time,Prime Time,Prime Time,Last Chance,,,,,,Starting Now
georgia,shell-beans,-,,,,,Starting Now,Last Chance,,,,,,
georgia,snap-peas,?,,Starting Now,Prime Time,Prime Time,Last Chance,,,,,,,
georgia,snow-peas,?,,Starting Now,Prime Time,Prime Time,Last Chance,,,,,,,
georgia,sorrel,-,Prime Time,Prime Time,Prime Time,Prime Time,Last Chance,,,,,,Starting Now,Prime Time
georgia,spinach,Spinach,Prime Time,Prime Time,Prime Time,Prime Time,Last Chance,,,,,,Starting Now,Prime Time
georgia,sprouts,-,Prime Time,Prime Time,Prime Time,Prime Time,Prime Time,Prime Time,Prime Time,Prime Time,Prime Time,Prime Time,Prime Time,Prime Time
georgia,strawberries,Strawberry,,,Starting Now,Prime Time,Prime Time,Last Chance,,,,,,
georgia,summer-squash,Summer squash,,,,Starting Now,Prime Time,Prime Time,Prime Time,Prime Time,Prime Time,Prime Time,Last Chance,
georgia,sunchokes,-,Starting Now,Last Chance,,,Starting Now,Prime Time,Last Chance,,,,,
georgia,sweet-potatoes,Sweet potato,,,,,,,Starting Now,Prime Time,Prime Time,Prime Time,Last Chance,
georgia,tarragon,-,,,,Starting Now,Prime Time,Last Chance,,,,,,
georgia,thyme,-,,,,Starting Now,Prime Time,Prime Time,Prime Time,Prime Time,Prime Time,Prime Time,Last Chance,
georgia,tomatillos,?,,,,,Starting Now,Prime Time,Prime Time,Prime Time,Prime Time,Prime Time,Last Chance,
georgia,tomatoes,Tomato,,,,,Starting Now,Prime Time,Prime Time,Prime Time,Prime Time,Prime Time,Last Chance,
georgia,turnips,Turnip,Prime Time,Prime Time,Last Chance,,,,,,,Starting Now,Prime Time,Prime Time
georgia,watercress,?,,,,Starting Now,Prime Time,Prime Time,Last Chance,,,,,
georgia,watermelon,Watermelon,,,,,,Starting Now,Prime Time,Prime Time,Last Chance,,,
georgia,winter-squash,Winter squash,,,,,,,,Starting Now,Prime Time,Prime Time,Prime Time,Last Chance
georgia,yams,Yam,Prime Time,Prime Time,Prime Time,Prime Time,Prime Time,Prime Time,Prime Time,Prime Time,Prime Time,Prime Time,Prime Time,Prime Time
georgia,zucchini,Zucchini,,,,Starting Now,Prime Time,Prime Time,Prime Time,Prime Time,Prime Time,Prime Time,Last Chance,
hawaii,apricots,Apricot,Prime Time,Prime Time,Prime Time,Prime Time,Prime Time,Last Chance,,,Starting Now,Prime Time,Prime Time,Prime Time
hawaii,arugula,Rocket,,,Starting Now,Prime Time,Prime Time,Prime Time,Prime Time,Prime Time,Prime Time,Prime Time,Prime Time,Last Chance
hawaii,asparagus,Asparagus,,Starting Now,Prime Time,Last Chance,,,,,,,,
hawaii,atemoya,-,,,,,,,,,,,Starting Now,Last Chance
hawaii,avocados,Avocado,Prime Time,Last Chance,,,,,,,,,Starting Now,Prime Time
hawaii,bananas,-,Prime Time,Prime Time,Prime Time,Prime Time,Prime Time,Prime Time,Prime Time,Prime Time,Prime Time,Prime Time,Prime Time,Prime Time
hawaii,basil,-,Prime Time,Prime Time,Prime Time,Prime Time,Prime Time,Prime Time,Prime Time,Prime Time,Prime Time,Prime Time,Prime Time,Prime Time
hawaii,bittermelon,-,,Starting Now,Prime Time,Prime Time,Last Chance,,,,,,,
hawaii,blackberries,Blackberry,,,,,,Prime Time,,,,,,
hawaii,blueberries,Blueberry,,,,Starting Now,Last Chance,,,,,,,
hawaii,bok-choy,Bok Choy?,,Starting Now,Prime Time,Prime Time,Prime Time,Prime Time,Prime Time,Prime Time,Prime Time,Last Chance,,
hawaii,boysenberries,?,,,,,,Prime Time,,,,,,
hawaii,brambles,--BROAD-CATEGORY--,,,,,,Prime Time,,,,,,
hawaii,breadfruit,-,Prime Time,Last Chance,,,,,Starting Now,Prime Time,Prime Time,Prime Time,Prime Time,Prime Time
hawaii,broccoli,Broccoli,Prime Time,Prime Time,Last Chance,,,,,,Starting Now,Prime Time,Prime Time,Prime Time
hawaii,burdock,Burdock,,,,,,,,Starting Now,Prime Time,Prime Time,Prime Time,Last Chance
hawaii,cabbage,White cabbage,Starting Now,Prime Time,Prime Time,Prime Time,Prime Time,Prime Time,Prime Time,Last Chance,,,,
hawaii,caimito,-,Starting Now,Prime Time,Prime Time,Prime Time,Last Chance,,,,,,,
hawaii,canistel,-,,,,,,,,,Starting Now,Prime Time,Prime Time,Last Chance
hawaii,cantaloupe,Cantaloupe?,,,,,Starting Now,Prime Time,Prime Time,Prime Time,Last Chance,,,
hawaii,carrots,Carrot,Prime Time,Prime Time,Prime Time,Prime Time,Prime Time,Prime Time,Prime Time,Prime Time,Prime Time,Prime Time,Prime Time,Prime Time
hawaii,cauliflower,Cauliflower,,Starting Now,Prime Time,Prime Time,Prime Time,Last Chance,,,,,,
hawaii,celery,Celery,,,,Starting Now,Prime Time,Prime Time,Prime Time,Last Chance,,,,
hawaii,cherries,Cherry,,,,,,Starting Now,Last Chance,,,,,
hawaii,chives,-,Prime Time,Prime Time,Prime Time,Prime Time,Prime Time,Prime Time,Prime Time,Prime Time,Prime Time,Prime Time,Prime Time,Prime Time
hawaii,cilantro,-,Prime Time,Prime Time,Prime Time,Prime Time,Prime Time,Prime Time,Prime Time,Prime Time,Prime Time,Prime Time,Prime Time,Prime Time
hawaii,citrus,--BROAD-CATEGORY--,Prime Time,Prime Time,Prime Time,Last Chance,,,,,Starting Now,Prime Time,Prime Time,Prime Time
hawaii,clementines,Clementine,Prime Time,Prime Time,Prime Time,Last Chance,,,,,Starting Now,Prime Time,Prime Time,Prime Time
hawaii,coconut,-,Prime Time,Prime Time,Prime Time,Prime Time,Prime Time,Prime Time,Prime Time,Prime Time,Prime Time,Prime Time,Prime Time,Prime Time
hawaii,corn,Corn,,Starting Now,Prime Time,Prime Time,Prime Time,Prime Time,Prime Time,Last Chance,,,,
hawaii,cucumbers,Cucumber,,,,Starting Now,Prime Time,Prime Time,Prime Time,Prime Time,Prime Time,Last Chance,,
hawaii,dragon-fruit,-,,,,,Starting Now,Prime Time,Prime Time,Prime Time,Prime Time,Prime Time,Prime Time,Last Chance
hawaii,eggplant,Aubergine,,,Starting Now,Prime Time,Prime Time,Last Chance,,,,,,
hawaii,figs,Fig,Prime Time,Last Chance,,,,,Starting Now,Prime Time,Prime Time,Prime Time,Prime Time,Prime Time
hawaii,garlic,-,,,,,Starting Now,Prime Time,Prime Time,Prime Time,Prime Time,Last Chance,,
hawaii,ginger,-,,Starting Now,Prime Time,Prime Time,Prime Time,Prime Time,Prime Time,Prime Time,Prime Time,Last Chance,,
hawaii,gooseberries,Gooseberries,,,,,Starting Now,Prime Time,Prime Time,Prime Time,Prime Time,Prime Time,Prime Time,Last Chance
hawaii,grapefruit,Grapefruit,Prime Time,Last Chance,,,,,,,Starting Now,Prime Time,Prime Time,Prime Time
hawaii,grapes,Grapes,,,,,,,Starting Now,Prime Time,Last Chance,,,
hawaii,green-beans,Green bean,,,,Starting Now,Prime Time,Prime Time,Prime Time,Last Chance,,,,
hawaii,green-onions,-,,,,,Starting Now,Prime Time,Prime Time,Prime Time,Prime Time,Prime Time,Prime Time,Last Chance
hawaii,guava,Guava,Prime Time,Prime Time,Prime Time,Last Chance,,,,Starting Now,Prime Time,Prime Time,Prime Time,Prime Time
hawaii,jackfruit,-,,,,,,,,Starting Now,Prime Time,Prime Time,Prime Time,Last Chance
hawaii,jicama,-,Prime Time,Prime Time,Last Chance,,,,,,,,Starting Now,Prime Time
hawaii,kale,Kale,,,Starting Now,Prime Time,Last Chance,,,,Starting Now,Last Chance,,
hawaii,kumquats,?,Prime Time,Prime Time,Last Chance,,,,,,,,,Starting Now
hawaii,lavender,-,,,,,,,Starting Now,Prime Time,Prime Time,Last Chance,,
hawaii,leeks,Leek,Prime Time,Prime Time,Prime Time,Prime Time,Prime Time,Prime Time,Prime Time,Prime Time,Prime Time,Prime Time,Prime Time,Prime Time
hawaii,lemons,-,Prime Time,Last Chance,,,,,Starting Now,Prime Time,Prime Time,Prime Time,Prime Time,Prime Time
hawaii,lettuce,Lettuce,Prime Time,Prime Time,Prime Time,Prime Time,Prime Time,Prime Time,Prime Time,Prime Time,Prime Time,Prime Time,Prime Time,Prime Time
hawaii,limes,-,Prime Time,Prime Time,Last Chance,,,Starting Now,Prime Time,Prime Time,Prime Time,Prime Time,Prime Time,Prime Time
hawaii,longan,??,,,,,,,,Starting Now,Prime Time,Last Chance,,
hawaii,loquats,Loquat?,Prime Time,Prime Time,Prime Time,Last Chance,,,,,,,Starting Now,Prime Time
hawaii,lychee,Lychee,,,,,Starting Now,Prime Time,Prime Time,Prime Time,Last Chance,,,
hawaii,malabar-spinach,?,Prime Time,Prime Time,Prime Time,Prime Time,Prime Time,Prime Time,Prime Time,Prime Time,Prime Time,Prime Time,Prime Time,Prime Time
hawaii,mamey-sapote,-,Prime Time,Last Chance,,,Starting Now,Prime Time,Prime Time,Prime Time,Prime Time,Prime Time,Prime Time,Prime Time
hawaii,mandarins,Mandarin oranges?,Prime Time,Prime Time,Prime Time,Last Chance,,,,,Starting Now,Prime Time,Prime Time,Prime Time
hawaii,mangoes,Mango,,,Starting Now,Prime Time,Prime Time,Prime Time,Prime Time,Prime Time,Prime Time,Prime Time,Last Chance,
hawaii,melons,--BROAD-CATEGORY--,,,,,,Starting Now,Prime Time,Last Chance,,,,
hawaii,mint,-,Prime Time,Prime Time,Prime Time,Prime Time,Prime Time,Prime Time,Prime Time,Prime Time,Prime Time,Prime Time,Prime Time,Prime Time
hawaii,moringa,?,Prime Time,Prime Time,Prime Time,Prime Time,Prime Time,Prime Time,Prime Time,Prime Time,Prime Time,Prime Time,Prime Time,Prime Time
hawaii,mushrooms,-,Prime Time,Prime Time,Prime Time,Prime Time,Prime Time,Prime Time,Prime Time,Prime Time,Prime Time,Prime Time,Prime Time,Prime Time
hawaii,onions,-,,,Starting Now,Prime Time,Prime Time,Prime Time,Prime Time,Prime Time,Prime Time,Last Chance,,
hawaii,oranges,Orange,Prime Time,Prime Time,Prime Time,Last Chance,,,,,Starting Now,Prime Time,Prime Time,Prime Time
hawaii,oregano,-,,,Starting Now,Prime Time,Prime Time,Last Chance,,,,,,
hawaii,papaya,-,,,,,Starting Now,Prime Time,Prime Time,Prime Time,Last Chance,,,
hawaii,parsley,-,Prime Time,Prime Time,Prime Time,Prime Time,Prime Time,Prime Time,Prime Time,Prime Time,Prime Time,Prime Time,Prime Time,Prime Time
hawaii,passionfruit,-,Last Chance,,,,,Starting Now,Prime Time,Prime Time,Prime Time,Prime Time,Prime Time,Prime Time
hawaii,pea-shoots,?,,Prime Time,,,,,,,,,,
hawaii,peas,Peas,,Prime Time,,,,,,,,,,
hawaii,peppers,--BROAD-CATEGORY--,,Starting Now,Prime Time,Prime Time,Prime Time,Prime Time,Last Chance,,,,,
hawaii,persimmons,Persimmon,,,,,,,,,Starting Now,Prime Time,Last Chance,
hawaii,pigeon-peas,-,Prime Time,Prime Time,Prime Time,Last Chance,,,,,,,Starting Now,Prime Time
hawaii,pineapple,-,,,,Starting Now,Prime Time,Prime Time,Prime Time,Prime Time,Last Chance,,,
hawaii,plums,Plum,,,Starting Now,Prime Time,Prime Time,Prime Time,Last Chance,,,,,
hawaii,pomegranates,Pomegranate,,,,,Starting Now,Prime Time,Prime Time,Prime Time,Prime Time,Prime Time,Prime Time,Last Chance
hawaii,potatoes,Potato,,,,Starting Now,Prime Time,Prime Time,Last Chance,,,,,
hawaii,pummelo,?,Prime Time,Prime Time,Prime Time,Prime Time,Prime Time,Last Chance,,,,,Starting Now,Prime Time
hawaii,pumpkin,Pumpkin,,,,,,,,Starting Now,Prime Time,Prime Time,Prime Time,Last Chance
hawaii,radishes,Radish?,Prime Time,Prime Time,Prime Time,Prime Time,Prime Time,Prime Time,Prime Time,Prime Time,Prime Time,Prime Time,Prime Time,Prime Time
hawaii,rambutan,-,,Starting Now,Last Chance,,,,,,,,,
hawaii,raspberries,Raspberry,,,,,Starting Now,Prime Time,Prime Time,Last Chance,,,,
hawaii,rhubarb,Rhubarb?,,,,,Starting Now,Last Chance,,,,,,
hawaii,rosemary,-,Prime Time,Prime Time,Prime Time,Prime Time,Prime Time,Prime Time,Prime Time,Prime Time,Prime Time,Prime Time,Prime Time,Prime Time
hawaii,sage,-,Prime Time,Prime Time,Prime Time,Prime Time,Prime Time,Prime Time,Prime Time,Prime Time,Prime Time,Prime Time,Prime Time,Prime Time
hawaii,sapodilla,-,Last Chance,,,,,Starting Now,Prime Time,Prime Time,Prime Time,Prime Time,Prime Time,Prime Time
hawaii,shallots,?,,,,Starting Now,Prime Time,Prime Time,Prime Time,Last Chance,,,,
hawaii,spinach,Spinach,Prime Time,Prime Time,Prime Time,Prime Time,Prime Time,Prime Time,Prime Time,Prime Time,Prime Time,Prime Time,Prime Time,Prime Time
hawaii,sprouts,-,Prime Time,Prime Time,Prime Time,Prime Time,Prime Time,Prime Time,Prime Time,Prime Time,Prime Time,Prime Time,Prime Time,Prime Time
hawaii,starfruit,-,Prime Time,Prime Time,Prime Time,Last Chance,,,,,Starting Now,Prime Time,Prime Time,Prime Time
hawaii,strawberries,Strawberry,Starting Now,Prime Time,Prime Time,Last Chance,,,,,,,,
hawaii,sugarcane,-,,,Starting Now,Prime Time,Prime Time,Prime Time,Prime Time,Prime Time,Prime Time,Prime Time,Last Chance,
hawaii,summer-squash,Summer squash,Prime Time,Last Chance,,,Starting Now,Prime Time,Prime Time,Prime Time,Prime Time,Prime Time,Prime Time,Prime Time
hawaii,sweet-potatoes,Sweet potato,Prime Time,Prime Time,Prime Time,Prime Time,Prime Time,Prime Time,Prime Time,Prime Time,Prime Time,Prime Time,Prime Time,Prime Time
hawaii,tangerines,-,Prime Time,Last Chance,,,,,,,Starting Now,Prime Time,Prime Time,Prime Time
hawaii,taro,-,Prime Time,Prime Time,Prime Time,Prime Time,Prime Time,Prime Time,Prime Time,Prime Time,Prime Time,Prime Time,Prime Time,Prime Time
hawaii,taro-leaf,-,,,,Starting Now,Prime Time,Prime Time,Prime Time,Prime Time,Prime Time,Last Chance,,
hawaii,tarragon,-,Prime Time,Prime Time,Prime Time,Prime Time,Prime Time,Prime Time,Prime Time,Prime Time,Prime Time,Prime Time,Prime Time,Prime Time
hawaii,thyme,-,Prime Time,Prime Time,Prime Time,Prime Time,Prime Time,Prime Time,Prime Time,Prime Time,Prime Time,Prime Time,Prime Time,Prime Time
hawaii,tomatillos,?,,,,Starting Now,Prime Time,Prime Time,Prime Time,Prime Time,Prime Time,Prime Time,Prime Time,Last Chance
hawaii,tomatoes,Tomato,,,Starting Now,Prime Time,Prime Time,Prime Time,Prime Time,Prime Time,Prime Time,Prime Time,Prime Time,Last Chance
hawaii,turmeric,-,Prime Time,Prime Time,Last Chance,,,Starting Now,Last Chance,,,,Starting Now,Prime Time
hawaii,watercress,?,,,,,Starting Now,Prime Time,Prime Time,Prime Time,Last Chance,,,
hawaii,watermelon,Watermelon,,,,,,Starting Now,Prime Time,Prime Time,Last Chance,,,
hawaii,white-sapote,?,,,,Starting Now,Prime Time,Prime Time,Prime Time,Prime Time,Last Chance,,,
hawaii,yams,Yam,Prime Time,Prime Time,Prime Time,Prime Time,Prime Time,Prime Time,Prime Time,Prime Time,Prime Time,Prime Time,Prime Time,Prime Time
hawaii,yuca,-,Prime Time,Prime Time,Prime Time,Prime Time,Prime Time,Prime Time,Prime Time,Prime Time,Prime Time,Prime Time,Prime Time,Prime Time
hawaii,zucchini,Zucchini,Prime Time,Last Chance,,,Starting Now,Prime Time,Prime Time,Last Chance,,Starting Now,Prime Time,Prime Time
idaho,apples,Apple,Starting Now,Prime Time,Prime Time,Last Chance,,,,Starting Now,Prime Time,Prime Time,Last Chance,
idaho,apricots,Apricot,,,,,,,Prime Time,,,,,
idaho,arugula,Rocket,,,,,Starting Now,Prime Time,Prime Time,Prime Time,Last Chance,,,
idaho,asian-pears,?,,,,,,,,Starting Now,Last Chance,,,
idaho,asparagus,Asparagus,,,,Starting Now,Last Chance,,,,,,,
idaho,basil,-,,,Starting Now,Prime Time,Prime Time,Prime Time,Prime Time,Prime Time,Prime Time,Last Chance,,
idaho,beets,Beetroot,,,,,,,Starting Now,Prime Time,Prime Time,Last Chance,,
idaho,blackberries,Blackberry,,,,,,,Starting Now,Prime Time,Last Chance,,,
idaho,blueberries,Blueberry,,,,,,,,Starting Now,Last Chance,,,
idaho,bok-choy,Bok Choy?,,,,,,,,Starting Now,Prime Time,Last Chance,,
idaho,boysenberries,?,,,,,,Starting Now,Prime Time,Prime Time,Last Chance,,,
idaho,brambles,--BROAD-CATEGORY--,,,,,,Starting Now,Prime Time,Prime Time,Last Chance,,,
idaho,broccoli,Broccoli,,,,,,,,Starting Now,Prime Time,Prime Time,Last Chance,
idaho,brussels-sprouts,Brussels sprouts,,,,,,,,,Prime Time,,,
idaho,cabbage,White cabbage,,,,,,,Starting Now,Prime Time,Prime Time,Prime Time,Last Chance,
idaho,cantaloupe,Cantaloupe?,,,,,,,Starting Now,Prime Time,Last Chance,,,
idaho,cardoons,Cardoon?,,,,,,,,,,Starting Now,Prime Time,Last Chance
idaho,carrots,Carrot,,,,,,,Starting Now,Prime Time,Prime Time,Last Chance,,
idaho,cauliflower,Cauliflower,,,,,,,,,Starting Now,Prime Time,Last Chance,
idaho,celery,Celery,,,,,,,Starting Now,Prime Time,Prime Time,Last Chance,,
idaho,celery-root,-,,,,,,,Starting Now,Prime Time,Prime Time,Last Chance,,
idaho,chard,Swiss chard?,,,,,,,Starting Now,Prime Time,Prime Time,Last Chance,,
idaho,cherries,Cherry,,,,,,,Starting Now,Last Chance,,,,
idaho,chickpeas,-,,,,Starting Now,Last Chance,,,,,,,
idaho,chicories,?,Prime Time,Prime Time,Last Chance,,,,,,,Starting Now,Prime Time,Prime Time
idaho,chili-peppers,-,,,,,,Starting Now,Prime Time,Prime Time,Last Chance,,,
idaho,chives,-,,,Starting Now,Prime Time,Prime Time,Prime Time,Prime Time,Prime Time,Prime Time,Last Chance,,
idaho,cilantro,-,,,Starting Now,Prime Time,Prime Time,Prime Time,Prime Time,Prime Time,Prime Time,Last Chance,,
idaho,collard-greens,Collard greens?,,,Starting Now,Prime Time,Prime Time,Prime Time,Prime Time,Prime Time,Prime Time,Prime Time,Last Chance,
idaho,corn,Corn,,,,,,,Starting Now,Prime Time,Last Chance,,,
idaho,cucumbers,Cucumber,,,,,,,Starting Now,Prime Time,Last Chance,,,
idaho,eggplant,Aubergine,,,,,,,Starting Now,Prime Time,Last Chance,,,
idaho,endive,Endive,Prime Time,Prime Time,Last Chance,,,,,,,Starting Now,Prime Time,Prime Time
idaho,fava-beans,-,,,,,Starting Now,Last Chance,,,,,,
idaho,fennel,Fennel,,,,,,Starting Now,Prime Time,Prime Time,Prime Time,Last Chance,,
idaho,fiddleheads,Fiddleheads,,,,Starting Now,Last Chance,,,,,,,
idaho,garlic,-,,,,,,,Starting Now,Last Chance,,,,
idaho,garlic-scapes,-,,,,,,Prime Time,,,,,,
idaho,gooseberries,Gooseberries,,,,,,,Starting Now,Last Chance,,,,
idaho,grapes,Grapes,,,,,,,,,Starting Now,Last Chance,,
idaho,green-beans,Green bean,,,,,,,Starting Now,Prime Time,Last Chance,,,
idaho,green-onions,-,,,,,,Starting Now,Prime Time,Prime Time,Prime Time,Last Chance,,
idaho,ground-cherries,-,,,,,,,Starting Now,Prime Time,Prime Time,Last Chance,,
idaho,horseradish,Horseradish?,Prime Time,Prime Time,Prime Time,Last Chance,,,,,,Starting Now,Prime Time,Prime Time
idaho,kale,Kale,,,Starting Now,Prime Time,Prime Time,Prime Time,Prime Time,Prime Time,Prime Time,Prime Time,Last Chance,
idaho,lamb's-quarters,-,,,,Starting Now,Prime Time,Prime Time,Prime Time,Prime Time,Last Chance,,,
idaho,lavender,-,,,,,,,Starting Now,Prime Time,Prime Time,Last Chance,,
idaho,leeks,Leek,,,,,,,,Starting Now,Prime Time,Prime Time,Last Chance,
idaho,lettuce,Lettuce,,,,,Starting Now,Last Chance,,,,,,
idaho,lima-beans,-,,,,,,,,Starting Now,Last Chance,,,
idaho,melons,--BROAD-CATEGORY--,,,,,,,Starting Now,Prime Time,Last Chance,,,
idaho,mint,-,,,Starting Now,Prime Time,Prime Time,Prime Time,Prime Time,Prime Time,Prime Time,Last Chance,,
idaho,morels,-,,,,Starting Now,Last Chance,,,,,,,
idaho,mushrooms,-,Prime Time,Prime Time,Prime Time,Prime Time,Prime Time,Prime Time,Prime Time,Prime Time,Prime Time,Prime Time,Prime Time,Prime Time
idaho,mustard-greens,-,,,Starting Now,Prime Time,Prime Time,Prime Time,Prime Time,Prime Time,Prime Time,Prime Time,Last Chance,
idaho,nectarines,Nectarine,,,,,,,,Starting Now,Last Chance,,,
idaho,nettles,-,,,,Starting Now,Last Chance,,,,,,,
idaho,onions,-,,,Starting Now,Prime Time,Prime Time,Prime Time,Prime Time,Prime Time,Last Chance,,,
idaho,oregano,-,,,Starting Now,Prime Time,Prime Time,Prime Time,Prime Time,Prime Time,Prime Time,Last Chance,,
idaho,parsley,-,,,Starting Now,Prime Time,Prime Time,Prime Time,Prime Time,Prime Time,Prime Time,Last Chance,,
idaho,parsnips,Parsnip,,,,,,,,,Starting Now,Last Chance,,
idaho,pea-shoots,?,,,,Starting Now,Last Chance,,,,,,,
idaho,peaches,Peach,,,,,,,,Starting Now,Prime Time,Last Chance,,
idaho,pears,Pear,,,,,,,,,Starting Now,Prime Time,Last Chance,
idaho,peas,Peas,,,,,Starting Now,Last Chance,,,,,,
idaho,peppers,--BROAD-CATEGORY--,,,,,,,Starting Now,Prime Time,Last Chance,,,
idaho,plums,Plum,,,,,,,,Starting Now,Last Chance,,,
idaho,potatoes,Potato,Prime Time,Prime Time,Prime Time,Prime Time,Prime Time,Prime Time,Prime Time,Prime Time,Prime Time,Prime Time,Prime Time,Prime Time
idaho,pumpkin,Pumpkin,,,,,,,,,Starting Now,Prime Time,Last Chance,
idaho,purslane,-,,,,Starting Now,Prime Time,Prime Time,Prime Time,Prime Time,Last Chance,,,
idaho,quince,-,,,,,,,,,,Starting Now,Last Chance,
idaho,radicchio,Radicchio?,Prime Time,Prime Time,Last Chance,,,,,,,Starting Now,Prime Time,Prime Time
idaho,radishes,Radish?,,,,,Starting Now,Prime Time,Prime Time,Last Chance,,,,
idaho,rapini,Rapini,Prime Time,Last Chance,,,Starting Now,Last Chance,,,,Starting Now,Prime Time,Prime Time
idaho,raspberries,Raspberry,,,,,,Starting Now,Prime Time,Prime Time,Last Chance,,,
idaho,rhubarb,Rhubarb?,,,,,Starting Now,Prime Time,Prime Time,Last Chance,,,,
idaho,rosemary,-,,,Starting Now,Prime Time,Prime Time,Prime Time,Prime Time,Prime Time,Prime Time,Last Chance,,
idaho,rutabaga,?,,,,,,,,,Starting Now,Last Chance,,
idaho,sage,-,,,Starting Now,Prime Time,Prime Time,Prime Time,Prime Time,Prime Time,Prime Time,Last Chance,,
idaho,salsify,-,Last Chance,,,,,,,,,Starting Now,Prime Time,Prime Time
idaho,shallots,?,,,,,,,,Starting Now,Prime Time,Last Chance,,
idaho,shell-beans,-,,,,,,,,Starting Now,Last Chance,,,
idaho,snap-peas,?,,,,,,Starting Now,Prime Time,Prime Time,Last Chance,,,
idaho,snow-peas,?,,,,,,Starting Now,Prime Time,Prime Time,Last Chance,,,
idaho,sorrel,-,,,,,Starting Now,Prime Time,Last Chance,,,,,
idaho,spinach,Spinach,,,,,Starting Now,Prime Time,Last Chance,,,,,
idaho,sprouts,-,Prime Time,Prime Time,Prime Time,Prime Time,Prime Time,Prime Time,Prime Time,Prime Time,Prime Time,Prime Time,Prime Time,Prime Time
idaho,strawberries,Strawberry,,,,,,,Starting Now,Last Chance,,,,
idaho,summer-squash,Summer squash,,,,,,,Starting Now,Prime Time,Last Chance,,,
idaho,sunchokes,-,Prime Time,,,,,,Starting Now,Last Chance,,,,
idaho,sweet-potatoes,Sweet potato,,,,,,,,Starting Now,Last Chance,,,
idaho,tarragon,-,,,Starting Now,Prime Time,Prime Time,Prime Time,Prime Time,Prime Time,Prime Time,Last Chance,,
idaho,thyme,-,,,Starting Now,Prime Time,Prime Time,Prime Time,Prime Time,Prime Time,Prime Time,Last Chance,,
idaho,tomatillos,?,,,Starting Now,Prime Time,Prime Time,Prime Time,Prime Time,Prime Time,Prime Time,Last Chance,,
idaho,tomatoes,Tomato,,,,,,,Starting Now,Prime Time,Prime Time,Last Chance,,
idaho,turnips,Turnip,,,,,,,,Starting Now,Prime Time,Prime Time,Last Chance,
idaho,watercress,?,,,,Starting Now,Prime Time,Prime Time,Last Chance,,,,,
idaho,watermelon,Watermelon,,,,,,Starting Now,Prime Time,Last Chance,,,,
idaho,winter-squash,Winter squash,,,,,,,Starting Now,Prime Time,Prime Time,Prime Time,Prime Time,Last Chance
idaho,zucchini,Zucchini,,,,,,,Starting Now,Prime Time,Last Chance,,,
illinois,apples,Apple,,,,,,Starting Now,Prime Time,Prime Time,Prime Time,Prime Time,Last Chance,
illinois,arugula,Rocket,,,,,Starting Now,Prime Time,Prime Time,Prime Time,Last Chance,,,
illinois,asian-pears,?,,,,,,,,Starting Now,Prime Time,Last Chance,,
illinois,asparagus,Asparagus,,,,Starting Now,Prime Time,Last Chance,,,,,,
illinois,basil,-,,,,,,,,Starting Now,Prime Time,Last Chance,,
illinois,beets,Beetroot,,,,,Starting Now,Prime Time,Prime Time,Prime Time,Prime Time,Last Chance,,
illinois,black-eyed-peas,-,,,,,,Starting Now,Last Chance,,,,,
illinois,blackberries,Blackberry,,,,,,Starting Now,Prime Time,Prime Time,Last Chance,,,
illinois,blueberries,Blueberry,,,,,,Starting Now,Prime Time,Prime Time,Last Chance,,,
illinois,bok-choy,Bok Choy?,,,,,,,,Starting Now,Prime Time,Last Chance,,
illinois,boysenberries,?,,,,,,Starting Now,Prime Time,Prime Time,Last Chance,,,
illinois,brambles,--BROAD-CATEGORY--,,,,,,Starting Now,Prime Time,Prime Time,Last Chance,,,
illinois,broccoli,Broccoli,,,Starting Now,Last Chance,,Starting Now,Prime Time,Prime Time,Prime Time,Last Chance,,
illinois,brussels-sprouts,Brussels sprouts,,,,,,,,Starting Now,Prime Time,Prime Time,Last Chance,
illinois,cabbage,White cabbage,,,,,Starting Now,Prime Time,Last Chance,,Starting Now,Prime Time,Last Chance,
illinois,cantaloupe,Cantaloupe?,,,,,,,,Starting Now,Last Chance,,,
illinois,cardoons,Cardoon?,,,,,,,,,,Starting Now,Prime Time,Last Chance
illinois,carrots,Carrot,,,,,,Starting Now,Prime Time,Prime Time,Last Chance,,,
illinois,cauliflower,Cauliflower,,,,,,,,Starting Now,Prime Time,Last Chance,,
illinois,celery,Celery,,,,,,,,Starting Now,Prime Time,Last Chance,,
illinois,celery-root,-,,,,,,,,Starting Now,Prime Time,Last Chance,,
illinois,chard,Swiss chard?,,,,,Starting Now,Prime Time,Prime Time,Prime Time,Last Chance,,,
illinois,cherries,Cherry,,,,,Starting Now,Prime Time,Last Chance,,,,,
illinois,chicories,?,Prime Time,Prime Time,Last Chance,,,,,,,Starting Now,Prime Time,Prime Time
illinois,chili-peppers,-,,,,,,Starting Now,Prime Time,Prime Time,Last Chance,,,
illinois,chives,-,,,,,,,,Starting Now,Prime Time,Last Chance,,
illinois,cilantro,-,,,,,Starting Now,Prime Time,Prime Time,Prime Time,Last Chance,,,
illinois,collard-greens,Collard greens?,,,,,Prime Time,,,,,Starting Now,Last Chance,
illinois,corn,Corn,,,,,,,Starting Now,Prime Time,Prime Time,Last Chance,,
illinois,cucumbers,Cucumber,,,,,,,,Starting Now,Prime Time,Last Chance,,
illinois,currants,Currants,,,,,,Starting Now,Prime Time,Last Chance,,,,
illinois,eggplant,Aubergine,,,,,,Starting Now,Prime Time,Prime Time,Prime Time,Last Chance,,
illinois,endive,Endive,Prime Time,Prime Time,Last Chance,,,,,,,Starting Now,Prime Time,Prime Time
illinois,garlic,-,,,,,,Starting Now,Prime Time,Prime Time,Prime Time,Prime Time,Last Chance,
illinois,garlic-scapes,-,,,,,Starting Now,Last Chance,,,,,,
illinois,gooseberries,Gooseberries,,,,,,Starting Now,Last Chance,,,,,
illinois,grapes,Grapes,,,,,,,Starting Now,Prime Time,Prime Time,Last Chance,,
illinois,green-beans,Green bean,,,,,,Starting Now,Prime Time,Last Chance,,,,
illinois,green-onions,-,,,,,,Starting Now,Prime Time,Prime Time,Last Chance,,,
illinois,ground-cherries,-,,,,,,Starting Now,Prime Time,Prime Time,Prime Time,Last Chance,,
illinois,horseradish,Horseradish?,,,,,,Starting Now,Prime Time,Prime Time,Prime Time,Prime Time,Last Chance,
illinois,kale,Kale,,,,,,Starting Now,Prime Time,Prime Time,Prime Time,Prime Time,Last Chance,
illinois,kohlrabi,Kohlrabi,,,,,Starting Now,Last Chance,,,Starting Now,Last Chance,,
illinois,lamb's-quarters,-,,,,Starting Now,Prime Time,Prime Time,Prime Time,Prime Time,Prime Time,Prime Time,Last Chance,
illinois,lavender,-,,,,,,,Starting Now,Prime Time,Prime Time,Last Chance,,
illinois,leeks,Leek,,,,,Starting Now,Prime Time,Prime Time,Last Chance,,,,
illinois,lettuce,Lettuce,,,,Starting Now,Prime Time,Last Chance,,Starting Now,Prime Time,Last Chance,,
illinois,lima-beans,-,,,,,,,,,Starting Now,Last Chance,,
illinois,melons,--BROAD-CATEGORY--,,,,,,Starting Now,Prime Time,Prime Time,Last Chance,,,
illinois,mint,-,,,,,,,,Starting Now,Prime Time,Last Chance,,
illinois,morels,-,,,Starting Now,Prime Time,Last Chance,,,,,,,
illinois,mushrooms,-,Prime Time,Prime Time,Prime Time,Prime Time,Prime Time,Prime Time,Prime Time,Prime Time,Prime Time,Prime Time,Prime Time,Prime Time
illinois,mustard-greens,-,,,,,,Starting Now,Prime Time,Prime Time,Prime Time,Prime Time,Last Chance,
illinois,nectarines,Nectarine,,,,,,Starting Now,Prime Time,Prime Time,Last Chance,,,
illinois,okra,Okra?,,,,,,Starting Now,Prime Time,Prime Time,Prime Time,Last Chance,,
illinois,onions,-,,,,Starting Now,Prime Time,Prime Time,Prime Time,Prime Time,Prime Time,Prime Time,Last Chance,
illinois,oregano,-,,,,,,,,Starting Now,Prime Time,Last Chance,,
illinois,parsley,-,,,,,Starting Now,Prime Time,Prime Time,Prime Time,Last Chance,,,
illinois,parsnips,Parsnip,,,,Starting Now,Last Chance,,,,,Starting Now,Last Chance,
illinois,pawpaw,Pawpaw?,,,,,,,,,Starting Now,Last Chance,,
illinois,pea-shoots,?,,,,,Starting Now,Last Chance,,,,,,
illinois,peaches,Peach,,,,,,Starting Now,Prime Time,Prime Time,Last Chance,,,
illinois,pears,Pear,,,,,,,,Starting Now,Prime Time,Last Chance,,
illinois,peas,Peas,,,,Starting Now,Prime Time,Prime Time,Prime Time,Prime Time,Prime Time,Prime Time,Last Chance,
illinois,peppers,--BROAD-CATEGORY--,,,,,,,Starting Now,Prime Time,Prime Time,Prime Time,Last Chance,
illinois,plums,Plum,,,,,,Starting Now,Prime Time,Prime Time,Prime Time,Last Chance,,
illinois,potatoes,Potato,,,,,,Starting Now,Prime Time,Prime Time,Prime Time,Prime Time,Last Chance,
illinois,pumpkin,Pumpkin,,,,,,,,Starting Now,Prime Time,Prime Time,Last Chance,
illinois,purslane,-,,,,Starting Now,Prime Time,Prime Time,Prime Time,Prime Time,Prime Time,Prime Time,Last Chance,
illinois,quince,-,,,,,,,,,Starting Now,Last Chance,,
illinois,radicchio,Radicchio?,Prime Time,Prime Time,Last Chance,,,,,,,Starting Now,Prime Time,Prime Time
illinois,radishes,Radish?,,,,,Starting Now,Prime Time,Prime Time,Prime Time,Prime Time,Last Chance,,
illinois,ramps,-,,,,Starting Now,Last Chance,,,,,,,
illinois,rapini,Rapini,Prime Time,Last Chance,,,Starting Now,Last Chance,,,,Starting Now,Prime Time,Prime Time
illinois,raspberries,Raspberry,,,,,,Starting Now,Prime Time,Prime Time,Last Chance,,,
illinois,rhubarb,Rhubarb?,,,,,Starting Now,Prime Time,Prime Time,Prime Time,Prime Time,Last Chance,,
illinois,rosemary,-,,,,,,,,Starting Now,Prime Time,Last Chance,,
illinois,sage,-,,,,,,,,Starting Now,Prime Time,Last Chance,,
illinois,salsify,-,Last Chance,,,,,,,,,Starting Now,Prime Time,Prime Time
illinois,shallots,?,Last Chance,,,,,Starting Now,Prime Time,Last Chance,,,,Starting Now
illinois,shell-beans,-,,,,,,,,,Starting Now,Last Chance,,
illinois,snap-peas,?,,,,,,Starting Now,Prime Time,Last Chance,,,,
illinois,snow-peas,?,,,,,,Starting Now,Prime Time,Last Chance,,,,
illinois,sorrel,-,,,,Starting Now,Prime Time,Last Chance,,,,,,
illinois,spinach,Spinach,,,,Starting Now,Prime Time,Last Chance,,,Starting Now,Prime Time,Last Chance,
illinois,sprouts,-,Prime Time,Prime Time,Prime Time,Prime Time,Prime Time,Prime Time,Prime Time,Prime Time,Prime Time,Prime Time,Prime Time,Prime Time
illinois,strawberries,Strawberry,,,,,Starting Now,Last Chance,,,,,,
illinois,summer-squash,Summer squash,,,,,,,Starting Now,Prime Time,Prime Time,Last Chance,,
illinois,sunchokes,-,Prime Time,,,,,,Prime Time,,,,,
illinois,sweet-potatoes,Sweet potato,,,,,,,,Starting Now,Prime Time,Prime Time,Last Chance,
illinois,tarragon,-,,,,,,,,Starting Now,Prime Time,Last Chance,,
illinois,thyme,-,,,,Starting Now,Prime Time,Prime Time,Prime Time,Prime Time,Prime Time,Prime Time,Last Chance,
illinois,tomatillos,?,,,,,,Starting Now,Prime Time,Prime Time,Prime Time,Last Chance,,
illinois,tomatoes,Tomato,,,,,,Starting Now,Prime Time,Prime Time,Prime Time,Last Chance,,
illinois,turnips,Turnip,,,,,,Starting Now,Prime Time,Prime Time,Prime Time,Last Chance,,
illinois,watercress,?,,,,Starting Now,Prime Time,Prime Time,Last Chance,,,,,
illinois,watermelon,Watermelon,,,,,,Starting Now,Prime Time,Prime Time,Last Chance,,,
illinois,winter-squash,Winter squash,,,,,Starting Now,Prime Time,Prime Time,Prime Time,Prime Time,Prime Time,Last Chance,
illinois,zucchini,Zucchini,,,,,,,Starting Now,Prime Time,Prime Time,Last Chance,,
indiana,apples,Apple,,,,,,,Starting Now,Prime Time,Prime Time,Last Chance,,
indiana,arugula,Rocket,,,,,Starting Now,Prime Time,Prime Time,Prime Time,Last Chance,,,
indiana,asparagus,Asparagus,,,,Starting Now,Prime Time,Last Chance,,,,,,
indiana,basil,-,,,,,,,Starting Now,Prime Time,Last Chance,,,
indiana,beets,Beetroot,,,,,Starting Now,Prime Time,Prime Time,Prime Time,Prime Time,Prime Time,Last Chance,
indiana,black-eyed-peas,-,,,,,,Starting Now,Last Chance,,,,,
indiana,blackberries,Blackberry,,,,,,Starting Now,Prime Time,Last Chance,,,,
indiana,blueberries,Blueberry,,,,,,Starting Now,Prime Time,Prime Time,Last Chance,,,
indiana,bok-choy,Bok Choy?,,,,,,,,Starting Now,Last Chance,,,
indiana,boysenberries,?,,,,,,Starting Now,Prime Time,Last Chance,,,,
indiana,brambles,--BROAD-CATEGORY--,,,,,,Starting Now,Prime Time,Last Chance,,,,
indiana,broccoli,Broccoli,,,,,Starting Now,Prime Time,Last Chance,,Starting Now,Last Chance,,
indiana,brussels-sprouts,Brussels sprouts,,,,,,,Starting Now,Prime Time,Prime Time,Last Chance,,
indiana,cabbage,White cabbage,,,,,Starting Now,Prime Time,Prime Time,Prime Time,Prime Time,Last Chance,,
indiana,cantaloupe,Cantaloupe?,,,,,,,Starting Now,Prime Time,Prime Time,Last Chance,,
indiana,cardoons,Cardoon?,,,,,,,,,,Starting Now,Prime Time,Last Chance
indiana,carrots,Carrot,,,,,,,Starting Now,Prime Time,Prime Time,Prime Time,Last Chance,
indiana,cauliflower,Cauliflower,,,,,Starting Now,Last Chance,,,Starting Now,Last Chance,,
indiana,celery,Celery,,,,,,,,Starting Now,Prime Time,Last Chance,,
indiana,celery-root,-,,,,,,,,Starting Now,Prime Time,Last Chance,,
indiana,chard,Swiss chard?,,,,,Starting Now,Prime Time,Prime Time,Prime Time,Last Chance,,,
indiana,cherries,Cherry,,,,,,Starting Now,Last Chance,,,,,
indiana,chicories,?,Prime Time,Prime Time,Last Chance,,,,,,,Starting Now,Prime Time,Prime Time
indiana,chili-peppers,-,,,,,,Starting Now,Prime Time,Prime Time,Last Chance,,,
indiana,chives,-,,,Starting Now,Prime Time,Prime Time,Prime Time,Prime Time,Prime Time,Prime Time,Last Chance,,
indiana,cilantro,-,,,,,,Starting Now,Prime Time,Prime Time,Last Chance,,,
indiana,collard-greens,Collard greens?,,,,Starting Now,Prime Time,Last Chance,,,Starting Now,Prime Time,Last Chance,
indiana,corn,Corn,,,,,Starting Now,Prime Time,Prime Time,Prime Time,Last Chance,,,
indiana,cucumbers,Cucumber,,,,,,Starting Now,Prime Time,Prime Time,Last Chance,,,
indiana,eggplant,Aubergine,,,,,,,Starting Now,Prime Time,Last Chance,,,
indiana,endive,Endive,Prime Time,Prime Time,Last Chance,,,,,,,Starting Now,Prime Time,Prime Time
indiana,fava-beans,-,,,,,Starting Now,Prime Time,Prime Time,Prime Time,Prime Time,Last Chance,,
indiana,garlic,-,,,,,,,,Starting Now,Prime Time,Prime Time,Last Chance,
indiana,garlic-scapes,-,,,,,Starting Now,Last Chance,,,,,,
indiana,gooseberries,Gooseberries,,,,,,Starting Now,Last Chance,,,,,
indiana,grapes,Grapes,,,,,,Starting Now,Prime Time,Prime Time,Prime Time,Last Chance,,
indiana,green-beans,Green bean,,,,,,Starting Now,Prime Time,Prime Time,Prime Time,Last Chance,,
indiana,green-onions,-,,,,,,Starting Now,Prime Time,Prime Time,Last Chance,,,
indiana,ground-cherries,-,,,,,Starting Now,Prime Time,Prime Time,Prime Time,Last Chance,,,
indiana,horseradish,Horseradish?,Prime Time,Prime Time,Prime Time,Last Chance,,,,,,Starting Now,Prime Time,Prime Time
indiana,kale,Kale,,,,,,Starting Now,Prime Time,Prime Time,Prime Time,Prime Time,Last Chance,
indiana,kohlrabi,Kohlrabi,,,,,Starting Now,Last Chance,,,Starting Now,Last Chance,,
indiana,lamb's-quarters,-,,,,Starting Now,Prime Time,Prime Time,Prime Time,Prime Time,Prime Time,Last Chance,,
indiana,lavender,-,,,,,,,Starting Now,Prime Time,Prime Time,Last Chance,,
indiana,leeks,Leek,,,,,,,,Starting Now,Prime Time,Last Chance,,
indiana,lettuce,Lettuce,,,,Starting Now,Prime Time,Last Chance,,,Starting Now,Last Chance,,
indiana,lima-beans,-,,,,,,,,,Starting Now,Last Chance,,
indiana,melons,--BROAD-CATEGORY--,,,,,,Starting Now,Prime Time,Prime Time,Last Chance,,,
indiana,mint,-,,,,Starting Now,Prime Time,Prime Time,Prime Time,Prime Time,Prime Time,Last Chance,,
indiana,morels,-,,,,Starting Now,Last Chance,,,,,,,
indiana,mushrooms,-,,,,Starting Now,Prime Time,Prime Time,Prime Time,Prime Time,Prime Time,Prime Time,Last Chance,
indiana,mustard-greens,-,,,,Starting Now,Prime Time,Last Chance,,,Starting Now,Prime Time,Last Chance,
indiana,nectarines,Nectarine,,,,,,Starting Now,Prime Time,Prime Time,Last Chance,,,
indiana,okra,Okra?,,,,,,,Starting Now,Prime Time,Prime Time,Last Chance,,
indiana,onions,-,,,,,,Starting Now,Prime Time,Prime Time,Prime Time,Prime Time,Last Chance,
indiana,oregano,-,,,,Starting Now,Prime Time,Prime Time,Prime Time,Prime Time,Prime Time,Last Chance,,
indiana,parsley,-,,,,,Starting Now,Prime Time,Prime Time,Prime Time,Last Chance,,,
indiana,parsnips,Parsnip,,,,Starting Now,Last Chance,,,,,Starting Now,Last Chance,
indiana,pea-shoots,?,,,Starting Now,Last Chance,,,,,,,,
indiana,peaches,Peach,,,,,,Starting Now,Prime Time,Prime Time,Last Chance,,,
indiana,pears,Pear,,,,,,,,Starting Now,Prime Time,Last Chance,,
indiana,peas,Peas,,,,Starting Now,Prime Time,Last Chance,,,,,,
indiana,peppers,--BROAD-CATEGORY--,,,,,,,Starting Now,Prime Time,Last Chance,,,
indiana,persimmons,Persimmon,,,,,,,,,,Prime Time,,
indiana,plums,Plum,,,,,,,Starting Now,Last Chance,,,,
indiana,potatoes,Potato,,,,,,,Starting Now,Prime Time,Prime Time,Last Chance,,
indiana,pumpkin,Pumpkin,,,,,,,,,Starting Now,Last Chance,,
indiana,purslane,-,,,,Starting Now,Prime Time,Prime Time,Prime Time,Prime Time,Prime Time,Last Chance,,
indiana,quince,-,,,,,,,,,Starting Now,Last Chance,,
indiana,radicchio,Radicchio?,Prime Time,Prime Time,Last Chance,,,,,,,Starting Now,Prime Time,Prime Time
indiana,radishes,Radish?,,,,Starting Now,Last Chance,,,,Starting Now,Last Chance,,
indiana,rapini,Rapini,Prime Time,Last Chance,,,Starting Now,Last Chance,,,,Starting Now,Prime Time,Prime Time
indiana,raspberries,Raspberry,,,,,,Starting Now,Prime Time,Prime Time,Last Chance,,,
indiana,rhubarb,Rhubarb?,,,,Starting Now,Prime Time,Last Chance,,,,,,
indiana,rosemary,-,,,,Starting Now,Prime Time,Prime Time,Prime Time,Prime Time,Prime Time,Prime Time,Last Chance,
indiana,sage,-,,,,Starting Now,Prime Time,Prime Time,Prime Time,Prime Time,Prime Time,Last Chance,,
indiana,salsify,-,Last Chance,,,,,,,,,Starting Now,Prime Time,Prime Time
indiana,shallots,?,Last Chance,,,,,Starting Now,Last Chance,,,,,Starting Now
indiana,shell-beans,-,,,,,,,Starting Now,Prime Time,Prime Time,Last Chance,,
indiana,snap-peas,?,,,,,Starting Now,Prime Time,Prime Time,Last Chance,,,,
indiana,snow-peas,?,,,,,Starting Now,Prime Time,Prime Time,Last Chance,,,,
indiana,sorrel,-,,,,Starting Now,Prime Time,Last Chance,,,Starting Now,Last Chance,,
indiana,spinach,Spinach,,,,Starting Now,Prime Time,Last Chance,,,Starting Now,Last Chance,,
indiana,sprouts,-,Prime Time,Prime Time,Prime Time,Prime Time,Prime Time,Prime Time,Prime Time,Prime Time,Prime Time,Prime Time,Prime Time,Prime Time
indiana,strawberries,Strawberry,,,,,Starting Now,Prime Time,Last Chance,,,,,
indiana,summer-squash,Summer squash,,,,,Starting Now,Prime Time,Prime Time,Prime Time,Prime Time,Last Chance,,
indiana,sunchokes,-,,,,,,,Prime Time,,,,,
indiana,sweet-potatoes,Sweet potato,,,,,,,,Starting Now,Last Chance,,,
indiana,tarragon,-,,,,Starting Now,Prime Time,Last Chance,,,,,,
indiana,thyme,-,,,,Starting Now,Prime Time,Prime Time,Prime Time,Prime Time,Prime Time,Prime Time,Last Chance,
indiana,tomatillos,?,,,,,Starting Now,Prime Time,Prime Time,Prime Time,Last Chance,,,
indiana,tomatoes,Tomato,,,,,Starting Now,Prime Time,Prime Time,Prime Time,Last Chance,,,
indiana,turnips,Turnip,,,,Starting Now,Prime Time,Last Chance,,,Starting Now,Prime Time,Last Chance,
indiana,watercress,?,,,,Starting Now,Prime Time,Prime Time,Last Chance,,,,,
indiana,watermelon,Watermelon,,,,,,,Starting Now,Prime Time,Prime Time,Last Chance,,
indiana,winter-squash,Winter squash,,,,,,Starting Now,Prime Time,Prime Time,Prime Time,Last Chance,,
indiana,zucchini,Zucchini,,,,,Starting Now,Prime Time,Prime Time,Prime Time,Prime Time,Last Chance,,
iowa,apples,Apple,,,,,,,,Starting Now,Prime Time,Last Chance,,
iowa,apricots,Apricot,,,,,,,Starting Now,Last Chance,,,,
iowa,arugula,Rocket,,,,,Starting Now,Prime Time,Prime Time,Prime Time,Last Chance,,,
iowa,asparagus,Asparagus,,,,,Starting Now,Last Chance,,,,,,
iowa,basil,-,,,,,,,Starting Now,Prime Time,Last Chance,,,
iowa,beets,Beetroot,,,,,,,Starting Now,Prime Time,Prime Time,Last Chance,,
iowa,black-eyed-peas,-,,,,,,Starting Now,Last Chance,,,,,
iowa,blackberries,Blackberry,,,,,,,Starting Now,Last Chance,,,,
iowa,blueberries,Blueberry,,,,,,Starting Now,Prime Time,Last Chance,,,,
iowa,bok-choy,Bok Choy?,,,,,,,,Prime Time,,,,
iowa,brambles,--BROAD-CATEGORY--,,,,,,,Starting Now,Last Chance,,,,
iowa,broccoli,Broccoli,,,,,,Starting Now,Prime Time,Prime Time,Prime Time,Last Chance,,
iowa,brussels-sprouts,Brussels sprouts,,,,,,,,,Starting Now,Last Chance,,
iowa,cabbage,White cabbage,,,,,,Starting Now,Prime Time,Prime Time,Prime Time,Last Chance,,
iowa,cantaloupe,Cantaloupe?,,,,,,,,Starting Now,Last Chance,,,
iowa,cardoons,Cardoon?,,,,,,,,,,Starting Now,Prime Time,Last Chance
iowa,carrots,Carrot,,,,,,Starting Now,Prime Time,Prime Time,Prime Time,Last Chance,,
iowa,cauliflower,Cauliflower,,,,,,,,Starting Now,Prime Time,Last Chance,,
iowa,celery,Celery,,,,,,,,Starting Now,Prime Time,Last Chance,,
iowa,celery-root,-,,,,,,,,Starting Now,Prime Time,Last Chance,,
iowa,chard,Swiss chard?,,,,,Starting Now,Prime Time,Prime Time,Prime Time,Last Chance,,,
iowa,cherries,Cherry,,,,,,Starting Now,Last Chance,,,,,
iowa,chicories,?,Prime Time,Prime Time,Last Chance,,,,,,,Starting Now,Prime Time,Prime Time
iowa,chili-peppers,-,,,,,,,Starting Now,Prime Time,Last Chance,,,
iowa,chives,-,,,Starting Now,Prime Time,Prime Time,Prime Time,Prime Time,Prime Time,Prime Time,Last Chance,,
iowa,cilantro,-,,,,,,Starting Now,Prime Time,Prime Time,Last Chance,,,
iowa,collard-greens,Collard greens?,,,,,Starting Now,Prime Time,Prime Time,Prime Time,Prime Time,Last Chance,,
iowa,corn,Corn,,,,,,Starting Now,Prime Time,Prime Time,Last Chance,,,
iowa,cucumbers,Cucumber,,,,,,,Starting Now,Prime Time,Prime Time,Last Chance,,
iowa,eggplant,Aubergine,,,,,,,Starting Now,Prime Time,Prime Time,Last Chance,,
iowa,endive,Endive,Prime Time,Prime Time,Last Chance,,,,,,,Starting Now,Prime Time,Prime Time
iowa,fava-beans,-,,,,,Prime Time,,,,,,,
iowa,fennel,Fennel,,,,,,,,Starting Now,Last Chance,,,
iowa,figs,Fig,,,,,,,,Starting Now,Last Chance,,,
iowa,garlic,-,,,,,,,,,Starting Now,Last Chance,,
iowa,garlic-scapes,-,,,,,Starting Now,Last Chance,,,,,,
iowa,gooseberries,Gooseberries,,,,,,,,Starting Now,Last Chance,,,
iowa,grapes,Grapes,,,,,,,Starting Now,Prime Time,Last Chance,,,
iowa,green-beans,Green bean,,,,,,Starting Now,Prime Time,Prime Time,Last Chance,,,
iowa,green-onions,-,,,,,,Starting Now,Prime Time,Prime Time,Last Chance,,,
iowa,ground-cherries,-,,,,,,,,Starting Now,Last Chance,,,
iowa,horseradish,Horseradish?,Prime Time,Prime Time,Prime Time,Last Chance,,,,,,Starting Now,Prime Time,Prime Time
iowa,kale,Kale,,,,,,Starting Now,Prime Time,Prime Time,Prime Time,Last Chance,,
iowa,kohlrabi,Kohlrabi,,,,,Starting Now,Prime Time,Prime Time,Prime Time,Prime Time,Last Chance,,
iowa,lamb's-quarters,-,,,,,Starting Now,Prime Time,Prime Time,Prime Time,Prime Time,Last Chance,,
iowa,lavender,-,,,,,,,Starting Now,Prime Time,Prime Time,Last Chance,,
iowa,leeks,Leek,,,,,,,,Starting Now,Prime Time,Prime Time,Last Chance,
iowa,lettuce,Lettuce,,,,,Starting Now,Prime Time,Prime Time,Prime Time,Prime Time,Last Chance,,
iowa,lima-beans,-,,,,,,,,,Starting Now,Last Chance,,
iowa,melons,--BROAD-CATEGORY--,,,,,,,,Starting Now,Last Chance,,,
iowa,mint,-,,,,Starting Now,Prime Time,Prime Time,Prime Time,Prime Time,Prime Time,Last Chance,,
iowa,morels,-,,,,,Prime Time,,,,,,,
iowa,mushrooms,-,,,,,Starting Now,Prime Time,Prime Time,Prime Time,Prime Time,Last Chance,,
iowa,mustard-greens,-,,,,,Starting Now,Prime Time,Prime Time,Prime Time,Prime Time,Last Chance,,
iowa,nectarines,Nectarine,,,,,,,Starting Now,Last Chance,,,,
iowa,onions,-,,,,,,Starting Now,Prime Time,Prime Time,Prime Time,Last Chance,,
iowa,oregano,-,,,,Starting Now,Prime Time,Prime Time,Prime Time,Prime Time,Prime Time,Last Chance,,
iowa,parsley,-,,,,,Starting Now,Prime Time,Prime Time,Prime Time,Last Chance,,,
iowa,parsnips,Parsnip,,,,,Prime Time,,,,,Prime Time,,
iowa,pawpaw,Pawpaw?,,,,,,,,,Starting Now,Last Chance,,
iowa,pea-shoots,?,,,,Starting Now,Last Chance,,,,,,,
iowa,peaches,Peach,,,,,,,Starting Now,Last Chance,,,,
iowa,pears,Pear,,,,,,,,Starting Now,Last Chance,,,
iowa,peas,Peas,,,,,,Starting Now,Prime Time,Prime Time,Prime Time,Last Chance,,
iowa,peppers,--BROAD-CATEGORY--,,,,,,Starting Now,Prime Time,Prime Time,Prime Time,Last Chance,,
iowa,persimmons,Persimmon,,,,,,,,,,Prime Time,,
iowa,plums,Plum,,,,,,,Starting Now,Last Chance,,,,
iowa,potatoes,Potato,,,,,,,Starting Now,Prime Time,Prime Time,Last Chance,,
iowa,pumpkin,Pumpkin,,,,,,,,,Starting Now,Last Chance,,
iowa,purslane,-,,,,,Starting Now,Prime Time,Prime Time,Prime Time,Prime Time,Last Chance,,
iowa,quince,-,,,,,,,,,Starting Now,Last Chance,,
iowa,radicchio,Radicchio?,Prime Time,Prime Time,Last Chance,,,,,,,Starting Now,Prime Time,Prime Time
iowa,radishes,Radish?,,,,,Starting Now,Prime Time,Prime Time,Prime Time,Prime Time,Last Chance,,
iowa,ramps,-,,,,Starting Now,Last Chance,,,,,,,
iowa,rapini,Rapini,Prime Time,Last Chance,,,Starting Now,Last Chance,,,,Starting Now,Prime Time,Prime Time
iowa,raspberries,Raspberry,,,,,,,Starting Now,Prime Time,Prime Time,Last Chance,,
iowa,rhubarb,Rhubarb?,,,,,Starting Now,Last Chance,,,,,,
iowa,rosemary,-,,,,Starting Now,Prime Time,Prime Time,Prime Time,Prime Time,Prime Time,Prime Time,Last Chance,
iowa,sage,-,,,,Starting Now,Prime Time,Prime Time,Prime Time,Prime Time,Prime Time,Last Chance,,
iowa,salsify,-,Last Chance,,,,,,,,,Starting Now,Prime Time,Prime Time
iowa,shallots,?,Last Chance,,,,,Starting Now,Last Chance,,,,,Starting Now
iowa,shell-beans,-,,,,,,,,,Starting Now,Last Chance,,
iowa,snap-peas,?,,,,,,Starting Now,Prime Time,Prime Time,Prime Time,Prime Time,Prime Time,Last Chance
iowa,snow-peas,?,,,,,,Starting Now,Prime Time,Prime Time,Prime Time,Prime Time,Prime Time,Last Chance
iowa,sorrel,-,,,,,Starting Now,Prime Time,Prime Time,Prime Time,Prime Time,Last Chance,,
iowa,spinach,Spinach,,,,,Starting Now,Prime Time,Prime Time,Prime Time,Prime Time,Last Chance,,
iowa,sprouts,-,Prime Time,Prime Time,Prime Time,Prime Time,Prime Time,Prime Time,Prime Time,Prime Time,Prime Time,Prime Time,Prime Time,Prime Time
iowa,strawberries,Strawberry,,,,,,Prime Time,,,,,,
iowa,summer-squash,Summer squash,,,,,,,Starting Now,Prime Time,Prime Time,Last Chance,,
iowa,sunchokes,-,,,,,,,Starting Now,Last Chance,,,,
iowa,tarragon,-,,,,Starting Now,Prime Time,Last Chance,,,,,,
iowa,thyme,-,,,,Starting Now,Prime Time,Prime Time,Prime Time,Prime Time,Prime Time,Prime Time,Last Chance,
iowa,tomatillos,?,,,,,,,,Starting Now,Last Chance,,,
iowa,tomatoes,Tomato,,,,,,,Starting Now,Prime Time,Last Chance,,,
iowa,turnips,Turnip,,,,,,Starting Now,Last Chance,,Starting Now,Last Chance,,
iowa,watercress,?,,,,Starting Now,Prime Time,Prime Time,Last Chance,,,,,
iowa,watermelon,Watermelon,,,,,,Starting Now,Prime Time,Last Chance,,,,
iowa,winter-squash,Winter squash,,,,,,,,Starting Now,Prime Time,Last Chance,,
iowa,zucchini,Zucchini,,,,,,,Starting Now,Prime Time,Prime Time,Last Chance,,
kansas,apples,Apple,,,,,,,Starting Now,Prime Time,Prime Time,Prime Time,Last Chance,
kansas,apricots,Apricot,,,,,,Starting Now,Last Chance,,,,,
kansas,arugula,Rocket,,,,Starting Now,Prime Time,Prime Time,Last Chance,,,,,
kansas,asparagus,Asparagus,,,Starting Now,Prime Time,Prime Time,Last Chance,,,,,,
kansas,basil,-,,,,,Starting Now,Prime Time,Prime Time,Prime Time,Prime Time,Last Chance,,
kansas,beets,Beetroot,,,,,,Starting Now,Last Chance,,Starting Now,Last Chance,,
kansas,black-eyed-peas,-,,,,,,Starting Now,Last Chance,,,,,
kansas,blackberries,Blackberry,,,,,,Starting Now,Prime Time,Prime Time,Last Chance,,,
kansas,blueberries,Blueberry,,,,,,,Starting Now,Last Chance,,,,
kansas,bok-choy,Bok Choy?,,,,,Starting Now,Prime Time,Last Chance,,Starting Now,Prime Time,Last Chance,
kansas,boysenberries,?,,,,,,Starting Now,Prime Time,Prime Time,Last Chance,,,
kansas,brambles,--BROAD-CATEGORY--,,,,,,Starting Now,Prime Time,Prime Time,Last Chance,,,
kansas,broccoli,Broccoli,,,,,Starting Now,Prime Time,Prime Time,Prime Time,Prime Time,Prime Time,Prime Time,Last Chance
kansas,brussels-sprouts,Brussels sprouts,,,,,Starting Now,Last Chance,,,,,,
kansas,cabbage,White cabbage,,,,,Starting Now,Prime Time,Prime Time,Prime Time,Prime Time,Prime Time,Last Chance,
kansas,cantaloupe,Cantaloupe?,,,,,,Starting Now,Prime Time,Prime Time,Prime Time,Last Chance,,
kansas,cardoons,Cardoon?,,,,,,,,,,Starting Now,Prime Time,Last Chance
kansas,carrots,Carrot,,,,,,Starting Now,Last Chance,,Starting Now,Prime Time,Prime Time,Last Chance
kansas,cauliflower,Cauliflower,,,,,,Starting Now,Last Chance,,Starting Now,Prime Time,Prime Time,Last Chance
kansas,celery,Celery,,,,,,,,Starting Now,Prime Time,Prime Time,Prime Time,Last Chance
kansas,celery-root,-,,,,,,,,Starting Now,Prime Time,Last Chance,,
kansas,chard,Swiss chard?,,,,,,Starting Now,Last Chance,,,,,
kansas,cherries,Cherry,,,,,Starting Now,Prime Time,Last Chance,,,,,
kansas,chestnuts,-,,,,,,,,,Starting Now,Prime Time,Last Chance,
kansas,chicories,?,,,,,Starting Now,Last Chance,,,,Prime Time,,
kansas,chili-peppers,-,,,,,,,,Starting Now,Last Chance,,,
kansas,chives,-,,,Starting Now,Prime Time,Prime Time,Prime Time,Prime Time,Prime Time,Prime Time,Last Chance,,
kansas,cilantro,-,,,,,,Starting Now,Prime Time,Prime Time,Last Chance,,,
kansas,collard-greens,Collard greens?,,,,,Starting Now,Last Chance,,,,,,
kansas,corn,Corn,,,,,,Starting Now,Prime Time,Prime Time,Prime Time,Last Chance,,
kansas,cucumbers,Cucumber,,,,,,Starting Now,Prime Time,Prime Time,Prime Time,Last Chance,,
kansas,eggplant,Aubergine,,,,,,Starting Now,Prime Time,Prime Time,Prime Time,Last Chance,,
kansas,endive,Endive,,,,,Starting Now,Last Chance,,,,Prime Time,,
kansas,fava-beans,-,,,,,Prime Time,,,,,,,
kansas,fennel,Fennel,,,,,,,Prime Time,,,,,
kansas,figs,Fig,,,,,,,,Starting Now,Last Chance,,,
kansas,garlic,-,,,,,,Starting Now,Prime Time,Prime Time,Prime Time,Prime Time,Prime Time,Last Chance
kansas,garlic-scapes,-,,,,,Starting Now,Last Chance,,,,,,
kansas,gooseberries,Gooseberries,,,,,Starting Now,Prime Time,Last Chance,,,,,
kansas,grapes,Grapes,,,,,,,Starting Now,Prime Time,Prime Time,Last Chance,,
kansas,green-beans,Green bean,,,,,,Starting Now,Prime Time,Prime Time,Prime Time,Prime Time,Last Chance,
kansas,green-onions,-,,,,Starting Now,Prime Time,Prime Time,Prime Time,Prime Time,Last Chance,,,
kansas,ground-cherries,-,,,,,,,,Starting Now,Prime Time,Last Chance,,
kansas,horseradish,Horseradish?,,,,,,Starting Now,Prime Time,Prime Time,Prime Time,Prime Time,Last Chance,
kansas,kale,Kale,,,,,,,,,,Starting Now,Prime Time,Last Chance
kansas,kohlrabi,Kohlrabi,,,,,Starting Now,Prime Time,Last Chance,,Starting Now,Prime Time,Last Chance,
kansas,lamb's-quarters,-,,,Starting Now,Prime Time,Prime Time,Prime Time,Prime Time,Prime Time,Prime Time,Prime Time,Prime Time,Last Chance
kansas,lavender,-,,,,,,,Starting Now,Prime Time,Prime Time,Last Chance,,
kansas,leeks,Leek,,,,,Starting Now,Prime Time,Prime Time,Prime Time,Last Chance,,,
kansas,lettuce,Lettuce,,,Starting Now,Prime Time,Prime Time,Last Chance,,,Starting Now,Prime Time,Prime Time,Last Chance
kansas,lima-beans,-,,,,,,,Starting Now,Prime Time,Prime Time,Last Chance,,
kansas,melons,--BROAD-CATEGORY--,,,,,,,Starting Now,Prime Time,Last Chance,,,
kansas,mint,-,,,,,Starting Now,Prime Time,Prime Time,Prime Time,Prime Time,Last Chance,,
kansas,morels,-,,,Starting Now,Prime Time,Last Chance,,,,,,,
kansas,mushrooms,-,Prime Time,Prime Time,Prime Time,Prime Time,Prime Time,Prime Time,Prime Time,Prime Time,Prime Time,Prime Time,Prime Time,Prime Time
kansas,mustard-greens,-,,,,,Starting Now,Last Chance,,,,,,
kansas,nectarines,Nectarine,,,,,,Starting Now,Prime Time,Prime Time,Last Chance,,,
kansas,nopales,Prickly pear,,,,,,,,,Starting Now,Prime Time,Prime Time,Last Chance
kansas,okra,Okra?,,,,,,,Starting Now,Prime Time,Last Chance,,,
kansas,onions,-,,,,,,,,Starting Now,Last Chance,,,
kansas,oregano,-,,,,,Starting Now,Prime Time,Prime Time,Prime Time,Prime Time,Last Chance,,
kansas,parsley,-,,,,,Starting Now,Prime Time,Prime Time,Prime Time,Last Chance,,,
kansas,parsnips,Parsnip,,,,Starting Now,Last Chance,,,,,Starting Now,Prime Time,Last Chance
kansas,pawpaw,Pawpaw?,,,,,,,,,Starting Now,Last Chance,,
kansas,pea-shoots,?,,,Starting Now,Last Chance,,,,,,,,
kansas,peaches,Peach,,,,,,Starting Now,Prime Time,Prime Time,Prime Time,Last Chance,,
kansas,pears,Pear,,,,,,,Starting Now,Prime Time,Prime Time,Prime Time,Last Chance,
kansas,peas,Peas,,,,Starting Now,Prime Time,Prime Time,Last Chance,,,,,
kansas,peppers,--BROAD-CATEGORY--,,,,,,Starting Now,Prime Time,Prime Time,Prime Time,Last Chance,,
kansas,persimmons,Persimmon,,,,,,,,,,Prime Time,,
kansas,plums,Plum,,,,,,Starting Now,Prime Time,Prime Time,Prime Time,Prime Time,Last Chance,
kansas,potatoes,Potato,,,,,Starting Now,Prime Time,Last Chance,,Starting Now,Last Chance,,
kansas,pumpkin,Pumpkin,,,,,,,,,Starting Now,Prime Time,Prime Time,Last Chance
kansas,purslane,-,,,Starting Now,Prime Time,Prime Time,Prime Time,Prime Time,Prime Time,Prime Time,Prime Time,Prime Time,Last Chance
kansas,quince,-,,,,,,,,,,Starting Now,Last Chance,
kansas,radicchio,Radicchio?,,,,,Starting Now,Last Chance,,,,Prime Time,,
kansas,radishes,Radish?,,,Starting Now,Prime Time,Last Chance,,,,Starting Now,Prime Time,Last Chance,
kansas,rapini,Rapini,Prime Time,Last Chance,,,Starting Now,Last Chance,,,,Starting Now,Prime Time,Prime Time
kansas,raspberries,Raspberry,,,,,,Starting Now,Prime Time,Prime Time,Prime Time,Prime Time,Last Chance,
kansas,rhubarb,Rhubarb?,,,,,Starting Now,Last Chance,,,,,,
kansas,rosemary,-,,,,,Starting Now,Prime Time,Prime Time,Prime Time,Prime Time,Last Chance,,
kansas,sage,-,,,,,Starting Now,Prime Time,Prime Time,Prime Time,Prime Time,Last Chance,,
kansas,salsify,-,Last Chance,,,,,,,,,Starting Now,Prime Time,Prime Time
kansas,shallots,?,,,,,,,,,Starting Now,Last Chance,,
kansas,shell-beans,-,,,,,,,Starting Now,Prime Time,Prime Time,Last Chance,,
kansas,snap-peas,?,,,,,,Starting Now,Prime Time,Prime Time,Prime Time,Prime Time,Prime Time,Last Chance
kansas,snow-peas,?,,,,,,Starting Now,Prime Time,Prime Time,Prime Time,Prime Time,Prime Time,Last Chance
kansas,sorrel,-,,,Starting Now,Prime Time,Prime Time,Last Chance,,,Starting Now,Prime Time,Prime Time,Last Chance
kansas,spinach,Spinach,,,Starting Now,Prime Time,Prime Time,Last Chance,,,Starting Now,Prime Time,Prime Time,Last Chance
kansas,sprouts,-,Prime Time,Prime Time,Prime Time,Prime Time,Prime Time,Prime Time,Prime Time,Prime Time,Prime Time,Prime Time,Prime Time,Prime Time
kansas,strawberries,Strawberry,,,,,Starting Now,Prime Time,Prime Time,Prime Time,Last Chance,,,
kansas,summer-squash,Summer squash,,,,,,Starting Now,Prime Time,Last Chance,,,,
kansas,sunchokes,-,Starting Now,Last Chance,,,,Starting Now,Last Chance,,,,,
kansas,sweet-potatoes,Sweet potato,,,,,,,,,Starting Now,Prime Time,Prime Time,Last Chance
kansas,tarragon,-,,,,,Starting Now,Prime Time,Prime Time,Prime Time,Prime Time,Last Chance,,
kansas,thyme,-,,,,,Starting Now,Prime Time,Prime Time,Prime Time,Prime Time,Last Chance,,
kansas,tomatillos,?,,,,,,Starting Now,Prime Time,Prime Time,Prime Time,Prime Time,Last Chance,
kansas,tomatoes,Tomato,,,,,,Starting Now,Prime Time,Prime Time,Prime Time,Prime Time,Last Chance,
kansas,turnips,Turnip,,,,,,Starting Now,Last Chance,,,Starting Now,Prime Time,Last Chance
kansas,watercress,?,,,,Starting Now,Prime Time,Prime Time,Last Chance,,,,,
kansas,watermelon,Watermelon,,,,,,Starting Now,Prime Time,Prime Time,Prime Time,Last Chance,,
kansas,winter-squash,Winter squash,,,,,,,,Starting Now,Prime Time,Prime Time,Last Chance,
kansas,zucchini,Zucchini,,,,,,,Starting Now,Prime Time,Last Chance,,,
kentucky,apples,Apple,,,,,,,Starting Now,Prime Time,Prime Time,Prime Time,Prime Time,Last Chance
kentucky,apricots,Apricot,,,,,,,Starting Now,Last Chance,,,,
kentucky,arugula,Rocket,,,,,Starting Now,Last Chance,,,Starting Now,Last Chance,,
kentucky,asian-pears,?,,,,,,,,Starting Now,Prime Time,Last Chance,,
kentucky,asparagus,Asparagus,,,,Starting Now,Prime Time,Last Chance,,,,,,
kentucky,basil,-,,,,,,Starting Now,Prime Time,Prime Time,Last Chance,,,
kentucky,beets,Beetroot,,,,,,,Starting Now,Prime Time,Prime Time,Last Chance,,
kentucky,black-eyed-peas,-,,,,,,Starting Now,Prime Time,Last Chance,,,,
kentucky,blackberries,Blackberry,,,,,,Starting Now,Prime Time,Last Chance,,,,
kentucky,blueberries,Blueberry,,,,,,,Starting Now,Last Chance,,,,
kentucky,bok-choy,Bok Choy?,,,,,,,,Starting Now,Prime Time,Last Chance,,
kentucky,boysenberries,?,,,,,,Starting Now,Last Chance,,,,,
kentucky,brambles,--BROAD-CATEGORY--,,,,,,Starting Now,Prime Time,Last Chance,,,,
kentucky,broccoli,Broccoli,,,,,,Starting Now,Last Chance,,,Starting Now,Last Chance,
kentucky,brussels-sprouts,Brussels sprouts,,,,,,,,,Starting Now,Prime Time,Last Chance,
kentucky,cabbage,White cabbage,,,,,,Starting Now,Last Chance,,,Starting Now,Last Chance,
kentucky,cantaloupe,Cantaloupe?,,,,,,,Starting Now,Prime Time,Last Chance,,,
kentucky,cardoons,Cardoon?,,,,,,,,,,Starting Now,Prime Time,Last Chance
kentucky,carrots,Carrot,,,,,,,Starting Now,Prime Time,Prime Time,Prime Time,Last Chance,
kentucky,cauliflower,Cauliflower,,,,,,Starting Now,Last Chance,,,Starting Now,Last Chance,
kentucky,celery,Celery,,,,,,,Starting Now,Prime Time,Last Chance,,,
kentucky,celery-root,-,,,,,,,,Starting Now,Last Chance,,,
kentucky,chard,Swiss chard?,,,,,,Starting Now,Prime Time,Prime Time,Prime Time,Last Chance,,
kentucky,cherries,Cherry,,,,,,Starting Now,Last Chance,,,,,
kentucky,chicories,?,,,,,,,,Starting Now,Prime Time,Last Chance,,
kentucky,chili-peppers,-,,,,,,Starting Now,Prime Time,Prime Time,Last Chance,,,
kentucky,chives,-,,,Starting Now,Prime Time,Prime Time,Prime Time,Prime Time,Prime Time,Prime Time,Last Chance,,
kentucky,cilantro,-,,,,,,Starting Now,Prime Time,Prime Time,Last Chance,,,
kentucky,collard-greens,Collard greens?,,,,,,Starting Now,Prime Time,Prime Time,Prime Time,Last Chance,,
kentucky,corn,Corn,,,,,,,Starting Now,Prime Time,Last Chance,,,
kentucky,cucumbers,Cucumber,,,,,,,Starting Now,Prime Time,Last Chance,,,
kentucky,eggplant,Aubergine,,,,,,,Starting Now,Prime Time,Prime Time,Last Chance,,
kentucky,endive,Endive,,,,,,,,Starting Now,Prime Time,Last Chance,,
kentucky,garlic,-,,,,,,Starting Now,Prime Time,Last Chance,,,,
kentucky,garlic-scapes,-,,,,,Prime Time,,,,,,,
kentucky,gooseberries,Gooseberries,,,,,,,Starting Now,Last Chance,,,,
kentucky,grapes,Grapes,,,,,,,,Starting Now,Last Chance,,,
kentucky,green-beans,Green bean,,,,,,Starting Now,Prime Time,Prime Time,Last Chance,,,
kentucky,green-onions,-,,,,,Starting Now,Prime Time,Prime Time,Prime Time,Prime Time,Last Chance,,
kentucky,ground-cherries,-,,,,,,,Starting Now,Prime Time,Prime Time,Last Chance,,
kentucky,horseradish,Horseradish?,Prime Time,Prime Time,Prime Time,Last Chance,,,,,,Starting Now,Prime Time,Prime Time
kentucky,kale,Kale,,,,,,Starting Now,Prime Time,Prime Time,Prime Time,Last Chance,,
kentucky,kohlrabi,Kohlrabi,Prime Time,Prime Time,Last Chance,,,,,,,Starting Now,Prime Time,Prime Time
kentucky,lamb's-quarters,-,,,,,,Starting Now,Prime Time,Prime Time,Prime Time,Last Chance,,
kentucky,lavender,-,,,,,,,Starting Now,Prime Time,Prime Time,Last Chance,,
kentucky,leeks,Leek,,,,,,,,Starting Now,Prime Time,Last Chance,,
kentucky,lettuce,Lettuce,,,,,Starting Now,Last Chance,,,Starting Now,Last Chance,,
kentucky,lima-beans,-,,,,,,,,,Prime Time,,,
kentucky,melons,--BROAD-CATEGORY--,,,,,,,Starting Now,Prime Time,Last Chance,,,
kentucky,mint,-,,,,,,Starting Now,Prime Time,Prime Time,Last Chance,,,
kentucky,morels,-,,,Starting Now,Prime Time,Last Chance,,,,,,,
kentucky,mushrooms,-,Prime Time,Prime Time,Prime Time,Prime Time,Prime Time,Prime Time,Prime Time,Prime Time,Prime Time,Prime Time,Prime Time,Prime Time
kentucky,mustard-greens,-,,,,,,Starting Now,Prime Time,Prime Time,Prime Time,Last Chance,,
kentucky,nectarines,Nectarine,,,,,,,Starting Now,Last Chance,,,,
kentucky,nettles,-,,,Starting Now,Prime Time,Last Chance,,,,,,,
kentucky,okra,Okra?,,,,,,,Starting Now,Prime Time,Last Chance,,,
kentucky,onions,-,,,,,,,Starting Now,Prime Time,Last Chance,,,
kentucky,oregano,-,,,,,,Starting Now,Prime Time,Prime Time,Last Chance,,,
kentucky,parsley,-,,,,,,Starting Now,Prime Time,Prime Time,Prime Time,Last Chance,,
kentucky,parsnips,Parsnip,,,,,,,,,,Starting Now,Last Chance,
kentucky,pawpaw,Pawpaw?,,,,,,,,Starting Now,Prime Time,Last Chance,,
kentucky,pea-shoots,?,,,Starting Now,Prime Time,Last Chance,,,,,,,
kentucky,peaches,Peach,,,,,,Starting Now,Prime Time,Last Chance,,,,
kentucky,pears,Pear,,,,,,,,Starting Now,Prime Time,Prime Time,Last Chance,
kentucky,peas,Peas,,,,,Starting Now,Last Chance,,,,,,
kentucky,peppers,--BROAD-CATEGORY--,,,,,,,Starting Now,Prime Time,Prime Time,Last Chance,,
kentucky,plums,Plum,,,,,,,Starting Now,Prime Time,Last Chance,,,
kentucky,potatoes,Potato,,,,,,,Starting Now,Prime Time,Prime Time,Last Chance,,
kentucky,pumpkin,Pumpkin,,,,,,,,,,Starting Now,Last Chance,
kentucky,purslane,-,,,,,,Starting Now,Prime Time,Prime Time,Prime Time,Last Chance,,
kentucky,quince,-,,,,,,,,,,Starting Now,Last Chance,
kentucky,radicchio,Radicchio?,,,,,,,,Starting Now,Prime Time,Last Chance,,
kentucky,radishes,Radish?,,,,,Starting Now,Prime Time,Prime Time,Prime Time,Prime Time,Last Chance,,
kentucky,ramps,-,,,,Starting Now,Last Chance,,,,,,,
kentucky,rapini,Rapini,,,,,,,,,Starting Now,Last Chance,,
kentucky,raspberries,Raspberry,,,,,,Starting Now,Prime Time,Prime Time,Prime Time,Last Chance,,
kentucky,rhubarb,Rhubarb?,,,,,,Starting Now,Prime Time,Last Chance,,,,
kentucky,rosemary,-,,,,Starting Now,Prime Time,Prime Time,Prime Time,Prime Time,Prime Time,Prime Time,Last Chance,
kentucky,rutabaga,?,,,,,,,,,,Starting Now,Last Chance,
kentucky,sage,-,,,,,,Starting Now,Prime Time,Prime Time,Last Chance,,,
kentucky,salsify,-,Last Chance,,,,,,,,,Starting Now,Prime Time,Prime Time
kentucky,shallots,?,,,,,,Starting Now,Prime Time,Prime Time,Prime Time,Last Chance,,
kentucky,shell-beans,-,,,,,,,,,Prime Time,,,
kentucky,snap-peas,?,,,,,,Starting Now,Prime Time,Last Chance,,,,
kentucky,snow-peas,?,,,,,,Starting Now,Prime Time,Last Chance,,,,
kentucky,sorrel,-,,,,,,Starting Now,Prime Time,Prime Time,Prime Time,Last Chance,,
kentucky,spinach,Spinach,,,,,,Starting Now,Prime Time,Prime Time,Prime Time,Last Chance,,
kentucky,sprouts,-,Prime Time,Prime Time,Prime Time,Prime Time,Prime Time,Prime Time,Prime Time,Prime Time,Prime Time,Prime Time,Prime Time,Prime Time
kentucky,strawberries,Strawberry,,,,,Starting Now,Last Chance,,,,,,
kentucky,summer-squash,Summer squash,,,,,,Starting Now,Prime Time,Prime Time,Last Chance,,,
kentucky,sunchokes,-,Prime Time,,,,,,Prime Time,,,,,
kentucky,sweet-potatoes,Sweet potato,,,,,,,,,Prime Time,,,
kentucky,tarragon,-,,,,,,Starting Now,Prime Time,Prime Time,Last Chance,,,
kentucky,thyme,-,,,,,,Starting Now,Prime Time,Prime Time,Last Chance,,,
kentucky,tomatillos,?,,,,,,,Starting Now,Prime Time,Prime Time,Last Chance,,
kentucky,tomatoes,Tomato,,,,,,,Starting Now,Prime Time,Prime Time,Last Chance,,
kentucky,turnips,Turnip,,,,,,,,,Starting Now,Prime Time,Prime Time,Last Chance
kentucky,watercress,?,,,,Starting Now,Prime Time,Prime Time,Last Chance,,,,,
kentucky,watermelon,Watermelon,,,,,,,,Starting Now,Last Chance,,,
kentucky,winter-squash,Winter squash,,,,,,,,Starting Now,Prime Time,Prime Time,Last Chance,
kentucky,zucchini,Zucchini,,,,,,Starting Now,Prime Time,Prime Time,Last Chance,,,
louisiana,apples,Apple,,,,,,Starting Now,Prime Time,Prime Time,Last Chance,,,
louisiana,arugula,Rocket,Prime Time,Prime Time,Prime Time,Last Chance,,,,,,Starting Now,Prime Time,Prime Time
louisiana,asian-pears,?,,,,,,,Starting Now,Prime Time,Prime Time,Last Chance,,
louisiana,asparagus,Asparagus,,Starting Now,Prime Time,Prime Time,Prime Time,Last Chance,,,,,,
louisiana,basil,-,,,,,Starting Now,Prime Time,Prime Time,Prime Time,Prime Time,Last Chance,,
louisiana,beets,Beetroot,Prime Time,Prime Time,Prime Time,Prime Time,Last Chance,,,,,Starting Now,Prime Time,Prime Time
louisiana,black-eyed-peas,-,,,,,Starting Now,Prime Time,Prime Time,Prime Time,Prime Time,Last Chance,,
louisiana,blackberries,Blackberry,,,,,Starting Now,Last Chance,,,,,,
louisiana,blueberries,Blueberry,,,,,Starting Now,Last Chance,,,,,,
louisiana,bok-choy,Bok Choy?,Prime Time,Prime Time,Prime Time,Prime Time,Last Chance,,,,,Starting Now,Prime Time,Prime Time
louisiana,boysenberries,?,,,,,Starting Now,Last Chance,,,,,,
louisiana,brambles,--BROAD-CATEGORY--,,,,,Starting Now,Last Chance,,,,,,
louisiana,broccoli,Broccoli,Prime Time,Prime Time,Prime Time,Prime Time,Last Chance,,,,,Starting Now,Prime Time,Prime Time
louisiana,brussels-sprouts,Brussels sprouts,Prime Time,Prime Time,Prime Time,Prime Time,Last Chance,,,,,Starting Now,Prime Time,Prime Time
louisiana,cabbage,White cabbage,Prime Time,Prime Time,Prime Time,Prime Time,Last Chance,,,,,Starting Now,Prime Time,Prime Time
louisiana,cantaloupe,Cantaloupe?,,,,,,Starting Now,Prime Time,Prime Time,Prime Time,Prime Time,Last Chance,
louisiana,cardoons,Cardoon?,,,,,,,,,,Starting Now,Prime Time,Last Chance
louisiana,carrots,Carrot,Prime Time,Prime Time,Prime Time,Prime Time,Last Chance,,,,,Starting Now,Prime Time,Prime Time
louisiana,cauliflower,Cauliflower,Prime Time,Prime Time,Prime Time,Prime Time,Last Chance,,,,,Starting Now,Prime Time,Prime Time
louisiana,celery,Celery,Prime Time,Last Chance,,Starting Now,Last Chance,,,,,,Starting Now,Prime Time
louisiana,celery-root,-,Prime Time,Last Chance,,Starting Now,Last Chance,,,,,,Starting Now,Prime Time
louisiana,chard,Swiss chard?,Prime Time,Prime Time,Prime Time,Prime Time,Last Chance,,,,,Starting Now,Prime Time,Prime Time
louisiana,cherries,Cherry,,,,,,Starting Now,Last Chance,,,,,
louisiana,chicories,?,Prime Time,Last Chance,,,,,,,Starting Now,Prime Time,Prime Time,Prime Time
louisiana,chili-peppers,-,,,,,,Starting Now,Prime Time,Prime Time,Prime Time,Prime Time,Last Chance,
louisiana,chives,-,,,Starting Now,Prime Time,Prime Time,Prime Time,Prime Time,Prime Time,Prime Time,Last Chance,,
louisiana,cilantro,-,Prime Time,Prime Time,Prime Time,Prime Time,Last Chance,,,,,Starting Now,Prime Time,Prime Time
louisiana,citrus,--BROAD-CATEGORY--,Prime Time,Last Chance,,,,,,,,,,Starting Now
louisiana,clementines,Clementine,Prime Time,Last Chance,,,,,,,,,Starting Now,Prime Time
louisiana,collard-greens,Collard greens?,Prime Time,Prime Time,Prime Time,Prime Time,Prime Time,Last Chance,,,Starting Now,Prime Time,Prime Time,Prime Time
louisiana,corn,Corn,,,,,Starting Now,Prime Time,Last Chance,,,,,
louisiana,cucumbers,Cucumber,,,,,Starting Now,Prime Time,Prime Time,Prime Time,Prime Time,Prime Time,Last Chance,
louisiana,eggplant,Aubergine,,,,,Starting Now,Prime Time,Prime Time,Prime Time,Prime Time,Last Chance,,
louisiana,endive,Endive,Prime Time,Last Chance,,,,,,,Starting Now,Prime Time,Prime Time,Prime Time
louisiana,fava-beans,-,,Starting Now,Prime Time,Prime Time,Last Chance,,,,,,,
louisiana,fennel,Fennel,Prime Time,Prime Time,Prime Time,Last Chance,,,,,,Starting Now,Prime Time,Prime Time
louisiana,figs,Fig,,,,,,Starting Now,Prime Time,Prime Time,Prime Time,Last Chance,,
louisiana,garlic,-,,,Starting Now,Prime Time,Prime Time,Prime Time,Last Chance,,,,,
louisiana,garlic-scapes,-,,,Prime Time,,,,,,,,,
louisiana,gooseberries,Gooseberries,,,,,,Starting Now,Last Chance,,,,,
louisiana,grapefruit,Grapefruit,Prime Time,Prime Time,Last Chance,,,,,,,,,Starting Now
louisiana,grapes,Grapes,,,,,,Starting Now,Prime Time,Prime Time,Prime Time,Last Chance,,
louisiana,green-beans,Green bean,,,,,,Starting Now,Prime Time,Prime Time,Prime Time,Prime Time,Prime Time,Last Chance
louisiana,green-onions,-,Starting Now,Prime Time,Prime Time,Prime Time,Prime Time,Last Chance,,,,,,
louisiana,ground-cherries,-,,,,,,Starting Now,Prime Time,Prime Time,Prime Time,Prime Time,Last Chance,
louisiana,horseradish,Horseradish?,Prime Time,Prime Time,Prime Time,Last Chance,,,,,,Starting Now,Prime Time,Prime Time
louisiana,kale,Kale,Prime Time,Prime Time,Prime Time,Prime Time,Last Chance,,,,,,Starting Now,Prime Time
louisiana,kohlrabi,Kohlrabi,Prime Time,Prime Time,Prime Time,Prime Time,Last Chance,,,,,Starting Now,Prime Time,Prime Time
louisiana,lamb's-quarters,-,,,Starting Now,Prime Time,Prime Time,Prime Time,Prime Time,Prime Time,Prime Time,Prime Time,Last Chance,
louisiana,lavender,-,,,,,,,Starting Now,Prime Time,Prime Time,Last Chance,,
louisiana,leeks,Leek,,,,Starting Now,Prime Time,Prime Time,Prime Time,Last Chance,,,,
louisiana,lemons,-,Prime Time,Last Chance,,,,,,,,,Starting Now,Prime Time
louisiana,lettuce,Lettuce,Prime Time,Prime Time,Prime Time,Prime Time,Last Chance,,,,,Starting Now,Prime Time,Prime Time
louisiana,lima-beans,-,,,,,,Starting Now,Prime Time,Prime Time,Prime Time,Prime Time,Last Chance,
louisiana,loquats,Loquat?,,,Starting Now,Last Chance,,,,,,,,
louisiana,mandarins,Mandarin oranges?,Prime Time,Last Chance,,,,,,,Starting Now,Prime Time,Prime Time,Prime Time
louisiana,melons,--BROAD-CATEGORY--,,,,,,Starting Now,Prime Time,Prime Time,Prime Time,Prime Time,Last Chance,
louisiana,mint,-,Prime Time,Prime Time,Prime Time,Prime Time,Prime Time,Prime Time,Prime Time,Prime Time,Prime Time,Prime Time,Prime Time,Prime Time
louisiana,morels,-,,,Starting Now,Prime Time,Prime Time,Last Chance,,,,,,
louisiana,mushrooms,-,Prime Time,Prime Time,Prime Time,Last Chance,,,,,,Starting Now,Prime Time,Prime Time
louisiana,mustard-greens,-,Prime Time,Prime Time,Prime Time,Prime Time,Prime Time,Last Chance,,,Starting Now,Prime Time,Prime Time,Prime Time
louisiana,nectarines,Nectarine,,,,,Starting Now,Last Chance,,,,,,
louisiana,nettles,-,,,Starting Now,Last Chance,,,,,,,,
louisiana,okra,Okra?,,,,,,Starting Now,Prime Time,Prime Time,Prime Time,Prime Time,Last Chance,
louisiana,onions,-,,,Starting Now,Prime Time,Prime Time,Prime Time,Last Chance,,,,,
louisiana,oranges,Orange,Prime Time,Last Chance,,,,,,,,,,Starting Now
louisiana,oregano,-,,,,,Starting Now,Prime Time,Prime Time,Prime Time,Prime Time,Last Chance,,
louisiana,parsley,-,Prime Time,Prime Time,Prime Time,Prime Time,Last Chance,,,,,Starting Now,Prime Time,Prime Time
louisiana,parsnips,Parsnip,Prime Time,Prime Time,Last Chance,,,,,,,,Starting Now,Prime Time
louisiana,pawpaw,Pawpaw?,,,,,,,,Starting Now,Last Chance,,,
louisiana,pea-shoots,?,,,Starting Now,Prime Time,Last Chance,,,,,,,
louisiana,peaches,Peach,,,,,Starting Now,Prime Time,Prime Time,Prime Time,Last Chance,,,
louisiana,peanuts,-,,,,,Starting Now,Prime Time,Prime Time,Last Chance,,,,
louisiana,pears,Pear,,,,,,,Starting Now,Prime Time,Last Chance,,,
louisiana,peas,Peas,,,,Starting Now,Last Chance,,,,,,,
louisiana,pecans,-,Prime Time,Prime Time,Prime Time,Prime Time,Prime Time,Prime Time,Prime Time,Prime Time,Prime Time,Prime Time,Prime Time,Prime Time
louisiana,peppers,--BROAD-CATEGORY--,,,,,Starting Now,Prime Time,Last Chance,,,Starting Now,Last Chance,
louisiana,persimmons,Persimmon,,,,,,,,,Starting Now,Prime Time,Last Chance,
louisiana,plums,Plum,,,,,,,Starting Now,Last Chance,,,,
louisiana,pomegranates,Pomegranate,,,,,,,,,Starting Now,Prime Time,Last Chance,
louisiana,potatoes,Potato,,,,,Starting Now,Prime Time,Last Chance,,,,Prime Time,
louisiana,pummelo,?,Prime Time,Prime Time,Last Chance,,,,,,,,,Starting Now
louisiana,pumpkin,Pumpkin,,,,,,Starting Now,Prime Time,Prime Time,Prime Time,Prime Time,Last Chance,
louisiana,purslane,-,,,Starting Now,Prime Time,Prime Time,Prime Time,Prime Time,Prime Time,Prime Time,Prime Time,Last Chance,
louisiana,quince,-,,,,,,,,,Starting Now,Prime Time,Last Chance,
louisiana,radicchio,Radicchio?,Prime Time,Last Chance,,,,,,,Starting Now,Prime Time,Prime Time,Prime Time
louisiana,radishes,Radish?,Prime Time,Prime Time,Prime Time,Prime Time,Last Chance,,,,,Starting Now,Prime Time,Prime Time
louisiana,rapini,Rapini,Prime Time,Last Chance,,,Starting Now,Last Chance,,,,Starting Now,Prime Time,Prime Time
louisiana,raspberries,Raspberry,,,,,,Starting Now,Prime Time,Prime Time,Prime Time,Last Chance,,
louisiana,rhubarb,Rhubarb?,,Starting Now,Prime Time,Prime Time,Prime Time,Last Chance,,,,,,
louisiana,rosemary,-,Prime Time,Prime Time,Prime Time,Prime Time,Prime Time,Prime Time,Prime Time,Prime Time,Prime Time,Prime Time,Prime Time,Prime Time
louisiana,rutabaga,?,Prime Time,Prime Time,Prime Time,Prime Time,Last Chance,,,,,Starting Now,Prime Time,Prime Time
louisiana,sage,-,Prime Time,Prime Time,Prime Time,Prime Time,Prime Time,Prime Time,Prime Time,Prime Time,Prime Time,Prime Time,Prime Time,Prime Time
louisiana,shallots,?,Prime Time,Prime Time,Prime Time,Prime Time,Last Chance,,,,,Starting Now,Prime Time,Prime Time
louisiana,shell-beans,-,,,,,,Starting Now,Prime Time,Prime Time,Prime Time,Prime Time,Last Chance,
louisiana,snap-peas,?,,,,Starting Now,Prime Time,Prime Time,Last Chance,,,,,
louisiana,snow-peas,?,,,,Starting Now,Prime Time,Prime Time,Last Chance,,,,,
louisiana,sorrel,-,Prime Time,Prime Time,Prime Time,Prime Time,Last Chance,,,,,Starting Now,Prime Time,Prime Time
louisiana,spinach,Spinach,Prime Time,Prime Time,Prime Time,Prime Time,Last Chance,,,,,Starting Now,Prime Time,Prime Time
louisiana,sprouts,-,Prime Time,Prime Time,Prime Time,Prime Time,Prime Time,Prime Time,Prime Time,Prime Time,Prime Time,Prime Time,Prime Time,Prime Time
louisiana,strawberries,Strawberry,,Starting Now,Prime Time,Prime Time,Last Chance,,,,,,,
louisiana,summer-squash,Summer squash,,,,,Starting Now,Prime Time,Prime Time,Prime Time,Prime Time,Prime Time,Last Chance,
louisiana,sunchokes,-,,Starting Now,Last Chance,,Starting Now,Last Chance,,,,,,
louisiana,sweet-potatoes,Sweet potato,,,,,,,,Starting Now,Prime Time,Prime Time,Last Chance,
louisiana,tangerines,-,Prime Time,Last Chance,,,,,,,,,Starting Now,Prime Time
louisiana,tarragon,-,Prime Time,Prime Time,Prime Time,Prime Time,Last Chance,,,,,Starting Now,Prime Time,Prime Time
louisiana,thyme,-,Prime Time,Prime Time,Prime Time,Prime Time,Prime Time,Prime Time,Prime Time,Prime Time,Prime Time,Prime Time,Prime Time,Prime Time
louisiana,tomatillos,?,,,,,,Starting Now,Prime Time,Prime Time,Prime Time,Prime Time,Last Chance,
louisiana,tomatoes,Tomato,,,,,,Starting Now,Prime Time,Prime Time,Prime Time,Prime Time,Last Chance,
louisiana,turnips,Turnip,Prime Time,Prime Time,Prime Time,Prime Time,Prime Time,Last Chance,,,Starting Now,Prime Time,Prime Time,Prime Time
louisiana,watercress,?,,,,Starting Now,Prime Time,Prime Time,Last Chance,,,,,
louisiana,watermelon,Watermelon,,,,,,Starting Now,Prime Time,Prime Time,Prime Time,Prime Time,Last Chance,
louisiana,winter-squash,Winter squash,,,,,,Starting Now,Prime Time,Prime Time,Prime Time,Prime Time,Last Chance,
louisiana,zucchini,Zucchini,,,,,Starting Now,Prime Time,Prime Time,Prime Time,Prime Time,Prime Time,Last Chance,
maine,apples,Apple,,,,,,,,Starting Now,Prime Time,Last Chance,,
maine,apricots,Apricot,,,,,,,Starting Now,Last Chance,,,,
maine,arugula,Rocket,,,,Starting Now,Prime Time,Last Chance,,,Starting Now,Prime Time,Last Chance,
maine,asian-pears,?,,,,,,,,Starting Now,Prime Time,Last Chance,,
maine,asparagus,Asparagus,,,,,Starting Now,Last Chance,,,,,,
maine,basil,-,,,,,,,Starting Now,Prime Time,Last Chance,,,
maine,beets,Beetroot,,,,,,,Starting Now,Prime Time,Prime Time,Last Chance,,
maine,black-eyed-peas,-,,,,,,Starting Now,Last Chance,,,,,
maine,blackberries,Blackberry,,,,,,,Starting Now,Last Chance,,,,
maine,blueberries,Blueberry,,,,,,,Starting Now,Prime Time,Prime Time,Last Chance,,
maine,bok-choy,Bok Choy?,,,,,,,Starting Now,Prime Time,Prime Time,Last Chance,,
maine,boysenberries,?,,,,,,Starting Now,Last Chance,,,,,
maine,brambles,--BROAD-CATEGORY--,,,,,,,Starting Now,Last Chance,,,,
maine,broccoli,Broccoli,,,,,,Starting Now,Prime Time,Prime Time,Prime Time,Last Chance,,
maine,brussels-sprouts,Brussels sprouts,,,,,,,,,Starting Now,Prime Time,Last Chance,
maine,cabbage,White cabbage,,,,,,,Starting Now,Prime Time,Prime Time,Last Chance,,
maine,cantaloupe,Cantaloupe?,,,,,,,,Starting Now,Last Chance,,,
maine,cardoons,Cardoon?,,,,,,,,,,Starting Now,Prime Time,Last Chance
maine,carrots,Carrot,,,,,,Starting Now,Prime Time,Prime Time,Prime Time,Prime Time,Last Chance,
maine,cauliflower,Cauliflower,,,,,,,,,Starting Now,Prime Time,Last Chance,
maine,celery,Celery,,,,,,,,Starting Now,Prime Time,Last Chance,,
maine,celery-root,-,,,,,,,,Starting Now,Prime Time,Last Chance,,
maine,chard,Swiss chard?,,,,,,,Starting Now,Prime Time,Prime Time,Last Chance,,
maine,cherries,Cherry,,,,,,Starting Now,Last Chance,,,,,
maine,chicories,?,,,,,,,,,,Starting Now,Prime Time,Last Chance
maine,chili-peppers,-,,,,,,Starting Now,Prime Time,Prime Time,Last Chance,,,
maine,chives,-,,,,,,Starting Now,Prime Time,Prime Time,Prime Time,Last Chance,,
maine,cilantro,-,,,,,,Starting Now,Prime Time,Prime Time,Prime Time,Last Chance,,
maine,collard-greens,Collard greens?,,,,,,,Starting Now,Prime Time,Prime Time,Prime Time,Last Chance,
maine,corn,Corn,,,,,Prime Time,,Starting Now,Prime Time,Last Chance,,,
maine,cranberries,-,,,,,,,,,,Starting Now,Last Chance,
maine,cucumbers,Cucumber,,,,,,,Starting Now,Prime Time,Last Chance,,,
maine,currants,Currants,,,,,,Starting Now,Prime Time,Last Chance,,,,
maine,edamame,-,,,,,,,,,,Starting Now,Last Chance,
maine,eggplant,Aubergine,,,,,,,Starting Now,Prime Time,Last Chance,,,
maine,endive,Endive,,,,,,,,,,Starting Now,Prime Time,Last Chance
maine,fiddleheads,Fiddleheads,,,,Starting Now,Last Chance,,,,,,,
maine,garlic,-,,,,,,,,Starting Now,Prime Time,Last Chance,,
maine,garlic-scapes,-,,,,,Starting Now,Last Chance,,,,,,
maine,gooseberries,Gooseberries,,,,,,,Starting Now,Last Chance,,,,
maine,grapes,Grapes,,,,,,,,,Starting Now,Last Chance,,
maine,green-beans,Green bean,,,,,,,,Starting Now,Last Chance,,,
maine,green-onions,-,,,,,Starting Now,Prime Time,Prime Time,Prime Time,Prime Time,Last Chance,,
maine,ground-cherries,-,,,,,,,Starting Now,Prime Time,Last Chance,,,
maine,horseradish,Horseradish?,Prime Time,Prime Time,Prime Time,Last Chance,,,,,,Starting Now,Prime Time,Prime Time
maine,kale,Kale,,,,,,,Starting Now,Prime Time,Prime Time,Prime Time,Last Chance,
maine,kohlrabi,Kohlrabi,,,,,,Starting Now,Prime Time,Prime Time,Last Chance,,,
maine,lamb's-quarters,-,,,,,Starting Now,Prime Time,Prime Time,Prime Time,Prime Time,Prime Time,Last Chance,
maine,lavender,-,,,,,,,Starting Now,Prime Time,Prime Time,Last Chance,,
maine,leeks,Leek,,,,,,,,Starting Now,Prime Time,Prime Time,Last Chance,
maine,lettuce,Lettuce,,,,,Starting Now,Prime Time,Prime Time,Prime Time,Prime Time,Prime Time,Last Chance,
maine,lima-beans,-,,,,,,,Starting Now,Prime Time,Prime Time,Last Chance,,
maine,melons,--BROAD-CATEGORY--,,,,,,,,Starting Now,Last Chance,,,
maine,mint,-,,,,,,Starting Now,Prime Time,Prime Time,Prime Time,Last Chance,,
maine,morels,-,,,,Starting Now,Last Chance,,,,,,,
maine,mushrooms,-,Prime Time,Prime Time,Prime Time,Prime Time,Prime Time,Prime Time,Prime Time,Prime Time,Prime Time,Prime Time,Prime Time,Prime Time
maine,mustard-greens,-,,,,,,,Starting Now,Prime Time,Prime Time,Prime Time,Last Chance,
maine,nectarines,Nectarine,,,,,,,Starting Now,Last Chance,,,,
maine,nettles,-,,,Starting Now,Prime Time,Last Chance,,,,,,,
maine,onions,-,,,,,Starting Now,Prime Time,Prime Time,Prime Time,Prime Time,Last Chance,,
maine,oregano,-,,,,,,Starting Now,Prime Time,Prime Time,Prime Time,Last Chance,,
maine,parsley,-,,,,,,,Starting Now,Prime Time,Prime Time,Last Chance,,
maine,parsnips,Parsnip,,,,,,,,,Starting Now,Prime Time,Last Chance,
maine,pea-shoots,?,,,,,Starting Now,Last Chance,,,,,,
maine,peaches,Peach,,,,,,,Starting Now,Prime Time,Last Chance,,,
maine,pears,Pear,,,,,,,,Starting Now,Prime Time,Last Chance,,
maine,peas,Peas,,,,,Starting Now,Last Chance,,,,,,
maine,peppers,--BROAD-CATEGORY--,,,,,,,Starting Now,Prime Time,Last Chance,,,
maine,plums,Plum,,,,,,,,,Prime Time,,,
maine,potatoes,Potato,,,,,,,Starting Now,Prime Time,Prime Time,Last Chance,,
maine,pumpkin,Pumpkin,,,,,,,,,Starting Now,Last Chance,,
maine,purslane,-,,,,,Starting Now,Prime Time,Prime Time,Prime Time,Prime Time,Prime Time,Last Chance,
maine,quince,-,,,,,,,,,Starting Now,Prime Time,Last Chance,
maine,radicchio,Radicchio?,,,,,,,,,,Starting Now,Prime Time,Last Chance
maine,radishes,Radish?,,,,,Starting Now,Prime Time,Prime Time,Prime Time,Last Chance,,,
maine,ramps,-,,,Starting Now,Prime Time,Prime Time,Last Chance,,,,,,
maine,rapini,Rapini,Prime Time,Last Chance,,,Starting Now,Last Chance,,,,Starting Now,Prime Time,Prime Time
maine,raspberries,Raspberry,,,,,,,Starting Now,Prime Time,Last Chance,,,
maine,rhubarb,Rhubarb?,,,,,Starting Now,Last Chance,,,,,,
maine,rosemary,-,,,,,,Starting Now,Prime Time,Prime Time,Prime Time,Last Chance,,
maine,rutabaga,?,,,,,,,,,,Starting Now,Last Chance,
maine,sage,-,,,,,,Starting Now,Prime Time,Prime Time,Prime Time,Last Chance,,
maine,salsify,-,Last Chance,,,,,,,,,Starting Now,Prime Time,Prime Time
maine,shallots,?,,,,,,,,Starting Now,Last Chance,,,
maine,shell-beans,-,,,,,,,Starting Now,Prime Time,Prime Time,Last Chance,,
maine,snap-peas,?,,,,,,Starting Now,Prime Time,Last Chance,,,,
maine,snow-peas,?,,,,,,Starting Now,Prime Time,Last Chance,,,,
maine,sorrel,-,,,,,Starting Now,Prime Time,Prime Time,Prime Time,Prime Time,Prime Time,Last Chance,
maine,spinach,Spinach,,,,,Starting Now,Prime Time,Prime Time,Prime Time,Prime Time,Prime Time,Last Chance,
maine,sprouts,-,Prime Time,Prime Time,Prime Time,Prime Time,Prime Time,Prime Time,Prime Time,Prime Time,Prime Time,Prime Time,Prime Time,Prime Time
maine,strawberries,Strawberry,,,,,,Starting Now,Last Chance,,,,,
maine,summer-squash,Summer squash,,,,,,,Starting Now,Prime Time,Last Chance,,,
maine,sunchokes,-,,,,,,,Starting Now,Last Chance,,,,
maine,sweet-potatoes,Sweet potato,,,,,,,,,Starting Now,Last Chance,,
maine,tarragon,-,,,,,,Starting Now,Prime Time,Prime Time,Prime Time,Last Chance,,
maine,thyme,-,,,,,,Starting Now,Prime Time,Prime Time,Prime Time,Last Chance,,
maine,tomatillos,?,,,,,,,Starting Now,Prime Time,Last Chance,,,
maine,tomatoes,Tomato,,,,,,,Starting Now,Prime Time,Last Chance,,,
maine,turnips,Turnip,,,,,,,,,Starting Now,Last Chance,,
maine,watercress,?,,,,Starting Now,Prime Time,Prime Time,Last Chance,,,,,
maine,watermelon,Watermelon,,,,,,,,Starting Now,Last Chance,,,
maine,winter-squash,Winter squash,,,,,,,,,Starting Now,Prime Time,Last Chance,
maine,zucchini,Zucchini,,,,,,Starting Now,Prime Time,Prime Time,Prime Time,Last Chance,,
maryland,apples,Apple,,,,,,,,Starting Now,Prime Time,Prime Time,Last Chance,
maryland,apricots,Apricot,,,,,,Starting Now,Last Chance,,,,,
maryland,artichokes,Artichoke,,,,,,,,Prime Time,,,,
maryland,arugula,Rocket,,,,,Starting Now,Prime Time,Prime Time,Prime Time,Last Chance,,,
maryland,asian-pears,?,,,,,,,,Starting Now,Prime Time,Last Chance,,
maryland,asparagus,Asparagus,,,,Starting Now,Prime Time,Last Chance,,,,,,
maryland,basil,-,,,,,Starting Now,Prime Time,Prime Time,Prime Time,Prime Time,Last Chance,,
maryland,beets,Beetroot,,,,,,,Starting Now,Prime Time,Last Chance,,,
maryland,black-eyed-peas,-,,,,,,,Starting Now,Last Chance,,,,
maryland,blackberries,Blackberry,,,,,,,Starting Now,Prime Time,Last Chance,,,
maryland,blueberries,Blueberry,,,,,,Starting Now,Prime Time,Last Chance,,,,
maryland,bok-choy,Bok Choy?,,,,,,,,Starting Now,Prime Time,Last Chance,,
maryland,boysenberries,?,,,,,,,Starting Now,Prime Time,Last Chance,,,
maryland,brambles,--BROAD-CATEGORY--,,,,,,,Starting Now,Prime Time,Last Chance,,,
maryland,broccoli,Broccoli,,,,,,,Starting Now,Prime Time,Prime Time,Prime Time,Last Chance,
maryland,brussels-sprouts,Brussels sprouts,,,,,,,,,Starting Now,Prime Time,Last Chance,
maryland,cabbage,White cabbage,,,,,,Starting Now,Prime Time,Prime Time,Last Chance,,,
maryland,cantaloupe,Cantaloupe?,,,,,,,Starting Now,Prime Time,Last Chance,,,
maryland,cardoons,Cardoon?,,,,,,,,,,Starting Now,Prime Time,Last Chance
maryland,carrots,Carrot,,,,,,,Starting Now,Prime Time,Last Chance,,,
maryland,cauliflower,Cauliflower,,,,,Starting Now,Last Chance,,,Starting Now,Prime Time,Last Chance,
maryland,celery,Celery,,,,,,,,Starting Now,Prime Time,Last Chance,,
maryland,celery-root,-,,,,,,,,,Starting Now,Prime Time,Last Chance,
maryland,chard,Swiss chard?,,,,,,Prime Time,,,Starting Now,Prime Time,Last Chance,
maryland,cherries,Cherry,,,,,,Starting Now,Last Chance,,,,,
maryland,chestnuts,-,,,,,,,,,,Prime Time,,
maryland,chicories,?,,,,,,,,,Starting Now,Last Chance,,
maryland,chili-peppers,-,,,,,,Starting Now,Prime Time,Prime Time,Last Chance,,,
maryland,chives,-,,,,,Starting Now,Prime Time,Prime Time,Prime Time,Prime Time,Last Chance,,
maryland,cilantro,-,,,,,Starting Now,Prime Time,Prime Time,Prime Time,Prime Time,Last Chance,,
maryland,collard-greens,Collard greens?,,,,,,Starting Now,Prime Time,Prime Time,Prime Time,Prime Time,Last Chance,
maryland,corn,Corn,,,,,,Starting Now,Prime Time,Prime Time,Last Chance,,,
maryland,cranberries,-,,,,,,,,,,Starting Now,Prime Time,Last Chance
maryland,cucumbers,Cucumber,,,,,,,Starting Now,Prime Time,Last Chance,,,
maryland,currants,Currants,,,,,,,,Prime Time,,,,
maryland,edamame,-,,,,,,,,,Starting Now,Last Chance,,
maryland,eggplant,Aubergine,,,,,,,Starting Now,Prime Time,Last Chance,,,
maryland,endive,Endive,,,,,,,,,Starting Now,Last Chance,,
maryland,fava-beans,-,,,,,Starting Now,Last Chance,,,,,,
maryland,fennel,Fennel,,,,,,,,,,Starting Now,Last Chance,
maryland,fiddleheads,Fiddleheads,,,,Starting Now,Last Chance,,,,,,,
maryland,garlic,-,,,,,,Starting Now,Prime Time,Prime Time,Last Chance,,,
maryland,garlic-scapes,-,,,,,Starting Now,Last Chance,,,,,,
maryland,gooseberries,Gooseberries,,,,,,,Starting Now,Last Chance,,,,
maryland,grapes,Grapes,,,,,,,,Starting Now,Last Chance,,,
maryland,green-beans,Green bean,,,,,,Starting Now,Prime Time,Prime Time,Last Chance,,,
maryland,green-onions,-,,,,,Starting Now,Prime Time,Prime Time,Prime Time,Last Chance,,,
maryland,ground-cherries,-,,,,,,,Starting Now,Prime Time,Last Chance,,,
maryland,horseradish,Horseradish?,Prime Time,Prime Time,Prime Time,Last Chance,,,,,,Starting Now,Prime Time,Prime Time
maryland,kale,Kale,,,,,Starting Now,Last Chance,,,,Starting Now,Last Chance,
maryland,kohlrabi,Kohlrabi,,,,,,Starting Now,Last Chance,,Starting Now,Last Chance,,
maryland,lamb's-quarters,-,,,,,Starting Now,Prime Time,Prime Time,Prime Time,Prime Time,Prime Time,Last Chance,
maryland,lavender,-,,,,,,,Starting Now,Prime Time,Prime Time,Last Chance,,
maryland,leeks,Leek,,,,,,,,Starting Now,Prime Time,Prime Time,Prime Time,Last Chance
maryland,lettuce,Lettuce,,,,,Starting Now,Last Chance,,,,Starting Now,Last Chance,
maryland,lima-beans,-,,,,,,,Starting Now,Last Chance,,,,
maryland,melons,--BROAD-CATEGORY--,,,,,,,Starting Now,Prime Time,Last Chance,,,
maryland,mint,-,,,,,Starting Now,Prime Time,Prime Time,Prime Time,Prime Time,Last Chance,,
maryland,morels,-,,,Starting Now,Prime Time,Last Chance,,,,,,,
maryland,mushrooms,-,Prime Time,Prime Time,Prime Time,Prime Time,Prime Time,Prime Time,Prime Time,Prime Time,Prime Time,Prime Time,Prime Time,Prime Time
maryland,mustard-greens,-,,,,,Starting Now,Last Chance,,,,Starting Now,Last Chance,
maryland,nectarines,Nectarine,,,,,,,Starting Now,Last Chance,,,,
maryland,nettles,-,,,Starting Now,Prime Time,Last Chance,,,,,,,
maryland,okra,Okra?,,,,,,,Starting Now,Prime Time,Last Chance,,,
maryland,onions,-,,,,,Starting Now,Prime Time,Prime Time,Prime Time,Prime Time,Prime Time,Last Chance,
maryland,oregano,-,,,,,Starting Now,Prime Time,Prime Time,Prime Time,Prime Time,Last Chance,,
maryland,parsley,-,,,,,Starting Now,Prime Time,Prime Time,Prime Time,Prime Time,Last Chance,,
maryland,parsnips,Parsnip,,,,Starting Now,Last Chance,,,,,Starting Now,Prime Time,Last Chance
maryland,pawpaw,Pawpaw?,,,,,,,,Starting Now,Last Chance,,,
maryland,pea-shoots,?,,,,Starting Now,Prime Time,Last Chance,,,,,,
maryland,peaches,Peach,,,,,,,Starting Now,Prime Time,Last Chance,,,
maryland,pears,Pear,,,,,,,,Starting Now,Prime Time,Last Chance,,
maryland,peas,Peas,,,,,Starting Now,Prime Time,Prime Time,Prime Time,Last Chance,,,
maryland,peppers,--BROAD-CATEGORY--,,,,,,,Starting Now,Prime Time,Last Chance,,,
maryland,persimmons,Persimmon,,,,,,,,,,Starting Now,Last Chance,
maryland,plums,Plum,,,,,,,Starting Now,Prime Time,Last Chance,,,
maryland,potatoes,Potato,,,,,,,Starting Now,Prime Time,Last Chance,,,
maryland,pumpkin,Pumpkin,,,,,,,,,Starting Now,Prime Time,Last Chance,
maryland,purslane,-,,,,,Starting Now,Prime Time,Prime Time,Prime Time,Prime Time,Prime Time,Last Chance,
maryland,quince,-,,,,,,,,,Starting Now,Prime Time,Last Chance,
maryland,radicchio,Radicchio?,,,,,,,,,Starting Now,Last Chance,,
maryland,radishes,Radish?,,,,,Starting Now,Last Chance,,,Starting Now,Prime Time,Last Chance,
maryland,ramps,-,,,,Starting Now,Last Chance,,,,,,,
maryland,rapini,Rapini,,,,,,,,Starting Now,Prime Time,Prime Time,Last Chance,
maryland,raspberries,Raspberry,,,,,,Prime Time,,Starting Now,Last Chance,,,
maryland,rhubarb,Rhubarb?,,,,,Starting Now,Prime Time,Last Chance,,,,,
maryland,rosemary,-,,,,,Starting Now,Prime Time,Prime Time,Prime Time,Prime Time,Last Chance,,
maryland,rutabaga,?,,,,,,,,Starting Now,Prime Time,Prime Time,Last Chance,
maryland,sage,-,,,,,Starting Now,Prime Time,Prime Time,Prime Time,Prime Time,Last Chance,,
maryland,salsify,-,Last Chance,,,,,,,,,Starting Now,Prime Time,Prime Time
maryland,shallots,?,,,,,Starting Now,Prime Time,Prime Time,Prime Time,Prime Time,Prime Time,Last Chance,
maryland,shell-beans,-,,,,,,,Starting Now,Prime Time,Last Chance,,,
maryland,snap-peas,?,,,,,,Starting Now,Prime Time,Prime Time,Last Chance,,,
maryland,snow-peas,?,,,,,,Starting Now,Prime Time,Prime Time,Last Chance,,,
maryland,sorrel,-,,,,,Starting Now,Last Chance,,,Starting Now,Prime Time,Last Chance,
maryland,spinach,Spinach,,,,,Starting Now,Last Chance,,,Starting Now,Prime Time,Last Chance,
maryland,sprouts,-,Prime Time,Prime Time,Prime Time,Prime Time,Prime Time,Prime Time,Prime Time,Prime Time,Prime Time,Prime Time,Prime Time,Prime Time
maryland,strawberries,Strawberry,,,,,Starting Now,Last Chance,,,,,,
maryland,summer-squash,Summer squash,,,,,,Starting Now,Prime Time,Prime Time,Last Chance,,,
maryland,sunchokes,-,Prime Time,,,,,,Prime Time,,,,,
maryland,sweet-potatoes,Sweet potato,,,,,,,,,Starting Now,Prime Time,Prime Time,Last Chance
maryland,tarragon,-,,,,,Starting Now,Prime Time,Prime Time,Prime Time,Prime Time,Last Chance,,
maryland,thyme,-,,,,Starting Now,Prime Time,Prime Time,Prime Time,Prime Time,Last Chance,,,
maryland,tomatillos,?,,,,,,,Starting Now,Prime Time,Last Chance,,,
maryland,tomatoes,Tomato,,,,,,,Starting Now,Prime Time,Last Chance,,,
maryland,turnips,Turnip,,,,,Starting Now,Last Chance,,Starting Now,Prime Time,Prime Time,Last Chance,
maryland,watercress,?,,,,Starting Now,Prime Time,Prime Time,Last Chance,,,,,
maryland,watermelon,Watermelon,,,,,,,Starting Now,Prime Time,Prime Time,Last Chance,,
maryland,winter-squash,Winter squash,,,,,,,,Starting Now,Prime Time,Prime Time,Last Chance,
maryland,zucchini,Zucchini,,,,,,Starting Now,Prime Time,Prime Time,Prime Time,Last Chance,,
massachusetts,apples,Apple,,,,,,,Starting Now,Prime Time,Prime Time,Last Chance,,
massachusetts,arugula,Rocket,,,,,,Starting Now,Prime Time,Prime Time,Prime Time,Last Chance,,
massachusetts,asparagus,Asparagus,,,,,Prime Time,,,,,,,
massachusetts,basil,-,,,,,,,Starting Now,Prime Time,Last Chance,,,
massachusetts,beets,Beetroot,,,,,Starting Now,Prime Time,Prime Time,Prime Time,Prime Time,Prime Time,Prime Time,Last Chance
massachusetts,black-eyed-peas,-,,,,,,Starting Now,Last Chance,,,,,
massachusetts,blackberries,Blackberry,,,,,,,Starting Now,Prime Time,Last Chance,,,
massachusetts,blueberries,Blueberry,,,,,,Starting Now,Prime Time,Prime Time,Last Chance,,,
massachusetts,bok-choy,Bok Choy?,,,,,,Starting Now,Prime Time,Prime Time,Prime Time,Last Chance,,
massachusetts,brambles,--BROAD-CATEGORY--,,,,,,,Starting Now,Prime Time,Last Chance,,,
massachusetts,broccoli,Broccoli,,,,,,,Starting Now,Prime Time,Prime Time,Prime Time,Last Chance,
massachusetts,brussels-sprouts,Brussels sprouts,,,,,,,,,Starting Now,Prime Time,Last Chance,
massachusetts,cabbage,White cabbage,,,,,,Starting Now,Prime Time,Prime Time,Prime Time,Prime Time,Last Chance,
massachusetts,cantaloupe,Cantaloupe?,,,,,,,,Prime Time,,,,
massachusetts,cardoons,Cardoon?,,,,,,,,,,Starting Now,Prime Time,Last Chance
massachusetts,carrots,Carrot,,,,,,,Starting Now,Prime Time,Prime Time,Prime Time,Last Chance,
massachusetts,cauliflower,Cauliflower,,,,,,Starting Now,Prime Time,Prime Time,Last Chance,,,
massachusetts,celery,Celery,,,,,,,,Starting Now,Prime Time,Last Chance,,
massachusetts,celery-root,-,,,,,,,,Starting Now,Prime Time,Last Chance,,
massachusetts,chard,Swiss chard?,,,,,,,Starting Now,Prime Time,Prime Time,Last Chance,,
massachusetts,cherries,Cherry,,,,,,Prime Time,,,,,,
massachusetts,chicories,?,,,,,,,,,Starting Now,Last Chance,,
massachusetts,chili-peppers,-,,,,,,Starting Now,Prime Time,Prime Time,Last Chance,,,
massachusetts,chives,-,,,Starting Now,Prime Time,Prime Time,Prime Time,Prime Time,Prime Time,Prime Time,Last Chance,,
massachusetts,cilantro,-,,,,,Starting Now,Prime Time,Prime Time,Prime Time,Prime Time,Prime Time,Last Chance,
massachusetts,collard-greens,Collard greens?,,,,,Starting Now,Prime Time,Prime Time,Prime Time,Prime Time,Last Chance,,
massachusetts,corn,Corn,,,,,,,Starting Now,Prime Time,Prime Time,Last Chance,,
massachusetts,cranberries,-,,,,,,,,,Starting Now,Prime Time,Prime Time,Last Chance
massachusetts,cucumbers,Cucumber,,,,,,Starting Now,Prime Time,Last Chance,,,,
massachusetts,currants,Currants,,,,,,Starting Now,Prime Time,Last Chance,,,,
massachusetts,eggplant,Aubergine,,,,,,,Starting Now,Prime Time,Last Chance,,,
massachusetts,endive,Endive,,,,,,,,,Starting Now,Last Chance,,
massachusetts,fava-beans,-,,,,,Starting Now,Last Chance,,,,,,
massachusetts,fennel,Fennel,,,,,,,,,,Starting Now,Last Chance,
massachusetts,fiddleheads,Fiddleheads,,,,Starting Now,Last Chance,,,,,,,
massachusetts,garlic,-,,,,,,,Starting Now,Prime Time,Prime Time,Prime Time,Last Chance,
massachusetts,garlic-scapes,-,,,,,Starting Now,Last Chance,,,,,,
massachusetts,gooseberries,Gooseberries,,,,,,Starting Now,Last Chance,,,,,
massachusetts,grapes,Grapes,,,,,,,,Starting Now,Prime Time,Last Chance,,
massachusetts,green-beans,Green bean,,,,,,Starting Now,Prime Time,Prime Time,Last Chance,,,
massachusetts,green-onions,-,,,,,Starting Now,Prime Time,Prime Time,Prime Time,Last Chance,,,
massachusetts,ground-cherries,-,,,,,,,,,Starting Now,Last Chance,,
massachusetts,horseradish,Horseradish?,Prime Time,Prime Time,Prime Time,Last Chance,,,,,,Starting Now,Prime Time,Prime Time
massachusetts,kale,Kale,,,,,,Starting Now,Prime Time,Prime Time,Prime Time,Prime Time,Last Chance,
massachusetts,kohlrabi,Kohlrabi,,,,,,Starting Now,Last Chance,,Starting Now,Last Chance,,
massachusetts,lamb's-quarters,-,,,,,,Starting Now,Prime Time,Prime Time,Prime Time,Last Chance,,
massachusetts,lavender,-,,,,,,,Starting Now,Prime Time,Prime Time,Last Chance,,
massachusetts,leeks,Leek,,,,,,,,Starting Now,Prime Time,Prime Time,Last Chance,
massachusetts,lettuce,Lettuce,,,,,Starting Now,Prime Time,Prime Time,Prime Time,Prime Time,Prime Time,Last Chance,
massachusetts,lima-beans,-,,,,,,,Starting Now,Prime Time,Prime Time,Last Chance,,
massachusetts,melons,--BROAD-CATEGORY--,,,,,,,Starting Now,Prime Time,Prime Time,Last Chance,,
massachusetts,mint,-,,,Starting Now,Prime Time,Prime Time,Prime Time,Prime Time,Last Chance,,,,
massachusetts,morels,-,,,Starting Now,Prime Time,Last Chance,,,,,,,
massachusetts,mushrooms,-,Prime Time,Prime Time,Prime Time,Prime Time,Prime Time,Prime Time,Prime Time,Prime Time,Prime Time,Prime Time,Prime Time,Prime Time
massachusetts,mustard-greens,-,,,,,Starting Now,Prime Time,Prime Time,Prime Time,Prime Time,Last Chance,,
massachusetts,nectarines,Nectarine,,,,,,,Starting Now,Prime Time,Last Chance,,,
massachusetts,nettles,-,,,Starting Now,Prime Time,Last Chance,,,,,,,
massachusetts,okra,Okra?,,,,,,,Starting Now,Prime Time,Prime Time,Last Chance,,
massachusetts,onions,-,,,,,,,Starting Now,Prime Time,Prime Time,Prime Time,Last Chance,
massachusetts,oregano,-,,,,,,Starting Now,Prime Time,Prime Time,Prime Time,Last Chance,,
massachusetts,parsley,-,,,,,Starting Now,Prime Time,Prime Time,Prime Time,Prime Time,Prime Time,Last Chance,
massachusetts,parsnips,Parsnip,,,,Starting Now,Last Chance,,,,,Starting Now,Prime Time,Last Chance
massachusetts,pawpaw,Pawpaw?,,,,,,,,,,Prime Time,,
massachusetts,pea-shoots,?,,,,Starting Now,Prime Time,Last Chance,,,,,,
massachusetts,peaches,Peach,,,,,,,Starting Now,Prime Time,Last Chance,,,
massachusetts,pears,Pear,,,,,,,,,Starting Now,Prime Time,Last Chance,
massachusetts,peas,Peas,,,,,,Starting Now,Prime Time,Prime Time,Prime Time,Last Chance,,
massachusetts,peppers,--BROAD-CATEGORY--,,,,,,,Starting Now,Prime Time,Prime Time,Prime Time,Last Chance,
massachusetts,plums,Plum,,,,,,,,Starting Now,Last Chance,,,
massachusetts,potatoes,Potato,,,,,,,,,Starting Now,Prime Time,Prime Time,Last Chance
massachusetts,pumpkin,Pumpkin,,,,,,,,,Starting Now,Prime Time,Last Chance,
massachusetts,purslane,-,,,,,,Starting Now,Prime Time,Prime Time,Prime Time,Last Chance,,
massachusetts,quince,-,,,,,,,,,Starting Now,Prime Time,Last Chance,
massachusetts,radicchio,Radicchio?,,,,,,,,,Starting Now,Last Chance,,
massachusetts,radishes,Radish?,,,,,,Starting Now,Prime Time,Prime Time,Last Chance,,,
massachusetts,ramps,-,,,Starting Now,Prime Time,Prime Time,Last Chance,,,,,,
massachusetts,rapini,Rapini,,,,,,,,Starting Now,Prime Time,Prime Time,Last Chance,
massachusetts,raspberries,Raspberry,,,,,,,Starting Now,Prime Time,Last Chance,,,
massachusetts,rhubarb,Rhubarb?,,,,,Starting Now,Prime Time,Prime Time,Last Chance,,,,
massachusetts,rosemary,-,,,,Starting Now,Prime Time,Prime Time,Prime Time,Prime Time,Prime Time,Prime Time,Last Chance,
massachusetts,rutabaga,?,,,,,,,,Starting Now,Prime Time,Prime Time,Last Chance,
massachusetts,sage,-,,,,,,Starting Now,Prime Time,Prime Time,Prime Time,Last Chance,,
massachusetts,salsify,-,Last Chance,,,,,,,,,Starting Now,Prime Time,Prime Time
massachusetts,shallots,?,Last Chance,,,,,Starting Now,Last Chance,,,,,Starting Now
massachusetts,shell-beans,-,,,,,,Starting Now,Prime Time,Prime Time,Last Chance,,,
massachusetts,snap-peas,?,,,,,,Starting Now,Prime Time,Prime Time,Prime Time,Last Chance,,
massachusetts,snow-peas,?,,,,,,Starting Now,Prime Time,Prime Time,Prime Time,Last Chance,,
massachusetts,sorrel,-,,,,,,Starting Now,Prime Time,Prime Time,Prime Time,Last Chance,,
massachusetts,spinach,Spinach,,,,,,Starting Now,Prime Time,Prime Time,Prime Time,Last Chance,,
massachusetts,sprouts,-,Prime Time,Prime Time,Prime Time,Prime Time,Prime Time,Prime Time,Prime Time,Prime Time,Prime Time,Prime Time,Prime Time,Prime Time
massachusetts,strawberries,Strawberry,,,,,,Prime Time,,Starting Now,Prime Time,Last Chance,,
massachusetts,summer-squash,Summer squash,,,,,,,Starting Now,Prime Time,Last Chance,,,
massachusetts,sunchokes,-,,,,,,,Prime Time,,,,,
massachusetts,sweet-potatoes,Sweet potato,,,,,,,,Starting Now,Last Chance,,,
massachusetts,tarragon,-,,,,Starting Now,Prime Time,Last Chance,,,,,,
massachusetts,thyme,-,,,,Starting Now,Prime Time,Prime Time,Prime Time,Prime Time,Prime Time,Prime Time,Last Chance,
massachusetts,tomatillos,?,,,,,,,,,Starting Now,Last Chance,,
massachusetts,tomatoes,Tomato,,,,,,,,,Starting Now,Last Chance,,
massachusetts,turnips,Turnip,,,,,,,,Starting Now,Prime Time,Last Chance,,
massachusetts,watercress,?,,,,Starting Now,Prime Time,Prime Time,Last Chance,,,,,
massachusetts,watermelon,Watermelon,,,,,,,,Starting Now,Prime Time,Last Chance,,
massachusetts,winter-squash,Winter squash,,,,,,,,,Starting Now,Last Chance,,
massachusetts,zucchini,Zucchini,,,,,,,Starting Now,Prime Time,Last Chance,,,
michigan,apples,Apple,,,,,,,,Starting Now,Prime Time,Prime Time,Last Chance,
michigan,apricots,Apricot,,,,,,,Starting Now,Last Chance,,,,
michigan,arugula,Rocket,,,,,Starting Now,Last Chance,,,Starting Now,Last Chance,,
michigan,asian-pears,?,,,,,,,,Starting Now,Prime Time,Last Chance,,
michigan,asparagus,Asparagus,,,,,Starting Now,Last Chance,,,,,,
michigan,basil,-,,,,,,,Starting Now,Prime Time,Last Chance,,,
michigan,beets,Beetroot,,,,,,Starting Now,Prime Time,Prime Time,Last Chance,,,
michigan,black-eyed-peas,-,,,,,,Starting Now,Last Chance,,,,,
michigan,blackberries,Blackberry,,,,,,,,Starting Now,Last Chance,,,
michigan,blueberries,Blueberry,,,,,,,Starting Now,Prime Time,Last Chance,,,
michigan,bok-choy,Bok Choy?,,,,,,Prime Time,,,Starting Now,Last Chance,,
michigan,brambles,--BROAD-CATEGORY--,,,,,,,,Starting Now,Last Chance,,,
michigan,broccoli,Broccoli,,,,,,Starting Now,Prime Time,Prime Time,Prime Time,Prime Time,Last Chance,
michigan,brussels-sprouts,Brussels sprouts,,,,,,,,,,Starting Now,Last Chance,
michigan,cabbage,White cabbage,,,,,,,Starting Now,Last Chance,,Starting Now,Last Chance,
michigan,cantaloupe,Cantaloupe?,,,,,,,,Starting Now,Last Chance,,,
michigan,cardoons,Cardoon?,,,,,,,,,,Starting Now,Prime Time,Last Chance
michigan,carrots,Carrot,,,,,,,Starting Now,Prime Time,Prime Time,Prime Time,Prime Time,Last Chance
michigan,cauliflower,Cauliflower,,,,,,,Starting Now,Prime Time,Prime Time,Prime Time,Last Chance,
michigan,celery,Celery,,,,,,,Starting Now,Prime Time,Prime Time,Prime Time,Prime Time,Last Chance
michigan,celery-root,-,,,,,,,,Starting Now,Prime Time,Last Chance,,
michigan,chard,Swiss chard?,,,,,,Starting Now,Prime Time,Prime Time,Prime Time,Last Chance,,
michigan,cherries,Cherry,,,,,,Starting Now,Prime Time,Last Chance,,,,
michigan,chestnuts,-,,,,,,,,,Starting Now,Last Chance,,
michigan,chicories,?,,,,,,,,,Starting Now,Last Chance,,
michigan,chili-peppers,-,,,,,,,Starting Now,Prime Time,Last Chance,,,
michigan,chives,-,,,,,Starting Now,Prime Time,Last Chance,,,,,
michigan,cilantro,-,,,,,,Starting Now,Prime Time,Last Chance,,,,
michigan,collard-greens,Collard greens?,,,,,Starting Now,Prime Time,Prime Time,Prime Time,Prime Time,Last Chance,,
michigan,corn,Corn,,,,,,,Starting Now,Prime Time,Last Chance,,,
michigan,cranberries,-,,,,,,,,,Starting Now,Prime Time,Last Chance,
michigan,cucumbers,Cucumber,,,,,,,Starting Now,Prime Time,Last Chance,,,
michigan,currants,Currants,,,,,,Starting Now,Prime Time,Last Chance,,,,
michigan,eggplant,Aubergine,,,,,,,Starting Now,Prime Time,Prime Time,Last Chance,,
michigan,endive,Endive,,,,,,,,,Starting Now,Last Chance,,
michigan,fava-beans,-,,,,,Prime Time,,,,,,,
michigan,fennel,Fennel,,,,,,Starting Now,Prime Time,Prime Time,Last Chance,,,
michigan,garlic,-,,,,,,,Starting Now,Last Chance,,,,
michigan,garlic-scapes,-,,,,,Starting Now,Last Chance,,,,,,
michigan,gooseberries,Gooseberries,,,,,,Starting Now,Prime Time,Last Chance,,,,
michigan,grapes,Grapes,,,,,,,,,Starting Now,Last Chance,,
michigan,green-beans,Green bean,,,,,,,Starting Now,Prime Time,Last Chance,,,
michigan,green-onions,-,,,,,,Starting Now,Prime Time,Prime Time,Last Chance,,,
michigan,ground-cherries,-,,,,,,,,Starting Now,Prime Time,Last Chance,,
michigan,horseradish,Horseradish?,Prime Time,Prime Time,Prime Time,Last Chance,,,,,,Starting Now,Prime Time,Prime Time
michigan,kale,Kale,,,,,,Starting Now,Prime Time,Prime Time,Prime Time,Last Chance,,
michigan,kohlrabi,Kohlrabi,,,,,,Starting Now,Prime Time,Prime Time,Prime Time,Last Chance,,
michigan,lamb's-quarters,-,,,,,Starting Now,Prime Time,Prime Time,Prime Time,Prime Time,Prime Time,Last Chance,
michigan,lavender,-,,,,,,,Starting Now,Prime Time,Prime Time,Last Chance,,
michigan,leeks,Leek,,,,,,,,Starting Now,Prime Time,Last Chance,,
michigan,lettuce,Lettuce,,,,,Starting Now,Prime Time,Prime Time,Prime Time,Prime Time,Last Chance,,
michigan,lima-beans,-,,,,,,,,,Starting Now,Last Chance,,
michigan,melons,--BROAD-CATEGORY--,,,,,,,,Starting Now,Last Chance,,,
michigan,mint,-,,,,,Starting Now,Prime Time,Prime Time,Prime Time,Last Chance,,,
michigan,morels,-,,,Starting Now,Prime Time,Last Chance,,,,,,,
michigan,mushrooms,-,Prime Time,Prime Time,Prime Time,Prime Time,Prime Time,Prime Time,Prime Time,Prime Time,Prime Time,Prime Time,Prime Time,Prime Time
michigan,mustard-greens,-,,,,,,Starting Now,Prime Time,Prime Time,Prime Time,Last Chance,,
michigan,nectarines,Nectarine,,,,,,,,Starting Now,Last Chance,,,
michigan,onions,-,,,,,,Starting Now,Prime Time,Prime Time,Prime Time,Last Chance,,
michigan,oregano,-,,,,,Starting Now,Prime Time,Prime Time,Prime Time,Last Chance,,,
michigan,parsley,-,,,,,,Starting Now,Prime Time,Prime Time,Prime Time,Last Chance,,
michigan,parsnips,Parsnip,,,Starting Now,Last Chance,,,,,Starting Now,Last Chance,,
michigan,pawpaw,Pawpaw?,,,,,,,,,,Prime Time,,
michigan,pea-shoots,?,,,,Starting Now,Last Chance,,,,,,,
michigan,peaches,Peach,,,,,,,Starting Now,Prime Time,Last Chance,,,
michigan,pears,Pear,,,,,,,,Starting Now,Last Chance,,,
michigan,peas,Peas,,,,,,Prime Time,,,Starting Now,Last Chance,,
michigan,peppers,--BROAD-CATEGORY--,,,,,,,Starting Now,Prime Time,Prime Time,Last Chance,,
michigan,persimmons,Persimmon,,,,,,,,,,Prime Time,,
michigan,plums,Plum,,,,,,,,Starting Now,Last Chance,,,
michigan,potatoes,Potato,,,,,,,,Starting Now,Prime Time,Prime Time,Last Chance,
michigan,pumpkin,Pumpkin,,,,,,,,,Starting Now,Prime Time,Last Chance,
michigan,purslane,-,,,,,Starting Now,Prime Time,Prime Time,Prime Time,Prime Time,Prime Time,Last Chance,
michigan,quince,-,,,,,,,,,Starting Now,Last Chance,,
michigan,radicchio,Radicchio?,,,,,,,,,Starting Now,Last Chance,,
michigan,radishes,Radish?,,,,Starting Now,Prime Time,Prime Time,Prime Time,Prime Time,Prime Time,Last Chance,,
michigan,ramps,-,,,,Starting Now,Last Chance,,,,,,,
michigan,rapini,Rapini,Prime Time,Last Chance,,,Starting Now,Last Chance,,,,Starting Now,Prime Time,Prime Time
michigan,raspberries,Raspberry,,,,,,,Prime Time,,Prime Time,,,
michigan,rhubarb,Rhubarb?,,,,,Prime Time,,,,,,,
michigan,rosemary,-,,,,,,,Starting Now,Prime Time,Prime Time,Last Chance,,
michigan,rutabaga,?,,,,,,,,,Starting Now,Prime Time,Last Chance,
michigan,sage,-,,,,,,Starting Now,Prime Time,Prime Time,Prime Time,Last Chance,,
michigan,salsify,-,Last Chance,,,,,,,,,Starting Now,Prime Time,Prime Time
michigan,shallots,?,,,,,,Starting Now,Prime Time,Prime Time,Prime Time,Last Chance,,
michigan,shell-beans,-,,,,,,,,,Starting Now,Last Chance,,
michigan,snap-peas,?,,,,,,Starting Now,Prime Time,Last Chance,,,,
michigan,snow-peas,?,,,,,,Starting Now,Prime Time,Last Chance,,,,
michigan,sorrel,-,,,,,Starting Now,Last Chance,,,,,,
michigan,spinach,Spinach,,,,,Starting Now,Last Chance,,,Starting Now,Prime Time,Last Chance,
michigan,sprouts,-,Prime Time,Prime Time,Prime Time,Prime Time,Prime Time,Prime Time,Prime Time,Prime Time,Prime Time,Prime Time,Prime Time,Prime Time
michigan,strawberries,Strawberry,,,,,Starting Now,Prime Time,Last Chance,,,,,
michigan,summer-squash,Summer squash,,,,,,,Starting Now,Prime Time,Last Chance,,,
michigan,sunchokes,-,,,,,,,Starting Now,Last Chance,,,,
michigan,sweet-potatoes,Sweet potato,,,,,,,,Starting Now,Prime Time,Prime Time,Last Chance,
michigan,tarragon,-,,,,Starting Now,Prime Time,Last Chance,,,,,,
michigan,thyme,-,,,,,,Starting Now,Prime Time,Prime Time,Prime Time,Last Chance,,
michigan,tomatillos,?,,,,,,,,Starting Now,Prime Time,Last Chance,,
michigan,tomatoes,Tomato,,,,,,,,Starting Now,Prime Time,Last Chance,,
michigan,turnips,Turnip,,,,,Starting Now,Last Chance,,,Starting Now,Last Chance,,
michigan,watercress,?,,,,Starting Now,Prime Time,Prime Time,Last Chance,,,,,
michigan,watermelon,Watermelon,,,,,,,,Starting Now,Prime Time,Last Chance,,
michigan,winter-squash,Winter squash,,,,,,,,,Starting Now,Last Chance,,
michigan,zucchini,Zucchini,,,,,,,Starting Now,Prime Time,Last Chance,,,
minnesota,apples,Apple,,,,,,,,,Starting Now,Prime Time,Prime Time,Last Chance
minnesota,arugula,Rocket,,,,Starting Now,Prime Time,Last Chance,,,,Starting Now,Prime Time,Last Chance
minnesota,asparagus,Asparagus,,,,,Starting Now,Prime Time,Last Chance,,,,,
minnesota,basil,-,,,,,,,Starting Now,Prime Time,Last Chance,,,
minnesota,beets,Beetroot,,,,,,,Starting Now,Prime Time,Prime Time,Last Chance,,
minnesota,black-eyed-peas,-,,,,,,Starting Now,Last Chance,,,,,
minnesota,blackberries,Blackberry,,,,,,Starting Now,Prime Time,Prime Time,Last Chance,,,
minnesota,blueberries,Blueberry,,,,,,,Starting Now,Last Chance,,,,
minnesota,bok-choy,Bok Choy?,,,,Starting Now,Prime Time,Last Chance,,,,Starting Now,Prime Time,Last Chance
minnesota,brambles,--BROAD-CATEGORY--,,,,,,,Prime Time,,Prime Time,,,
minnesota,broccoli,Broccoli,,,,,,Starting Now,Prime Time,Prime Time,Prime Time,Last Chance,,
minnesota,brussels-sprouts,Brussels sprouts,,,,,,,,,Starting Now,Last Chance,,
minnesota,cabbage,White cabbage,,,,,,Starting Now,Prime Time,Prime Time,Prime Time,Last Chance,,
minnesota,cantaloupe,Cantaloupe?,,,,,,,,Starting Now,Last Chance,,,
minnesota,cardoons,Cardoon?,,,,,,,,,,Starting Now,Prime Time,Last Chance
minnesota,carrots,Carrot,,,,,,,Starting Now,Prime Time,Prime Time,Prime Time,Last Chance,
minnesota,cauliflower,Cauliflower,,,,,,,Starting Now,Prime Time,Prime Time,Prime Time,Last Chance,
minnesota,celery,Celery,,,,,,,Starting Now,Prime Time,Prime Time,Last Chance,,
minnesota,celery-root,-,Prime Time,Prime Time,Last Chance,,,,,,,Starting Now,Prime Time,Prime Time
minnesota,chard,Swiss chard?,,,,Starting Now,Prime Time,Prime Time,Prime Time,Prime Time,Prime Time,Prime Time,Prime Time,Last Chance
minnesota,cherries,Cherry,,,,,,Starting Now,Last Chance,,,,,
minnesota,chicories,?,,,,,,Starting Now,Prime Time,Prime Time,Last Chance,,,
minnesota,chili-peppers,-,,,,,,,Starting Now,Prime Time,Last Chance,,,
minnesota,chives,-,,,,Starting Now,Prime Time,Last Chance,,,,,,
minnesota,cilantro,-,,,,Starting Now,Prime Time,Prime Time,Prime Time,Prime Time,Last Chance,,,
minnesota,collard-greens,Collard greens?,,,,,,Starting Now,Prime Time,Prime Time,Last Chance,,,
minnesota,corn,Corn,,,,,,,Starting Now,Prime Time,Last Chance,,,
minnesota,cucumbers,Cucumber,,,,,,,Starting Now,Prime Time,Last Chance,,,
minnesota,currants,Currants,,,,,,,Starting Now,Prime Time,Last Chance,,,
minnesota,eggplant,Aubergine,,,,,,,,Starting Now,Last Chance,,,
minnesota,endive,Endive,,,,,,Starting Now,Prime Time,Prime Time,Last Chance,,,
minnesota,fennel,Fennel,,,,,,,Starting Now,Prime Time,Prime Time,Prime Time,Prime Time,Last Chance
minnesota,garlic,-,Prime Time,Prime Time,Last Chance,,,,Starting Now,Prime Time,Prime Time,Prime Time,Prime Time,Prime Time
minnesota,garlic-scapes,-,,,,Starting Now,Prime Time,Last Chance,,,,,,
minnesota,gooseberries,Gooseberries,,,,,,,Starting Now,Last Chance,,,,
minnesota,grapes,Grapes,,,,,,,,Starting Now,Last Chance,,,
minnesota,green-beans,Green bean,,,,,,Starting Now,Prime Time,Prime Time,Last Chance,,,
minnesota,green-onions,-,,,,Starting Now,Prime Time,Prime Time,Prime Time,Prime Time,Prime Time,Prime Time,Prime Time,Last Chance
minnesota,ground-cherries,-,,,,,,,Starting Now,Prime Time,Last Chance,,,
minnesota,horseradish,Horseradish?,Prime Time,Prime Time,Last Chance,,,,,,,Starting Now,Prime Time,Prime Time
minnesota,kale,Kale,Prime Time,Prime Time,Prime Time,Prime Time,Prime Time,Last Chance,,,,Starting Now,Prime Time,Prime Time
minnesota,kohlrabi,Kohlrabi,,,,,,Starting Now,Prime Time,Last Chance,,,,
minnesota,lamb's-quarters,-,,,,Starting Now,Prime Time,Prime Time,Prime Time,Prime Time,Prime Time,Prime Time,Prime Time,Last Chance
minnesota,lavender,-,,,,,,,Starting Now,Prime Time,Prime Time,Last Chance,,
minnesota,leeks,Leek,Starting Now,Prime Time,Last Chance,,,,,Starting Now,Prime Time,Last Chance,,
minnesota,lettuce,Lettuce,,,,,,Starting Now,Prime Time,Prime Time,Last Chance,,,
minnesota,lima-beans,-,,,,,,,,,Starting Now,Last Chance,,
minnesota,melons,--BROAD-CATEGORY--,,,,,,,,Starting Now,Last Chance,,,
minnesota,mint,-,,,,Starting Now,Prime Time,Prime Time,Prime Time,Prime Time,Last Chance,,,
minnesota,mushrooms,-,Prime Time,Prime Time,Prime Time,Prime Time,Prime Time,Prime Time,Prime Time,Prime Time,Prime Time,Prime Time,Prime Time,Prime Time
minnesota,mustard-greens,-,,,,Starting Now,Prime Time,Last Chance,,,,Starting Now,Prime Time,Last Chance
minnesota,okra,Okra?,,,,,,,Starting Now,Prime Time,Prime Time,Prime Time,Prime Time,Last Chance
minnesota,onions,-,,,,,,,,Starting Now,Prime Time,Prime Time,Prime Time,Last Chance
minnesota,oregano,-,,,,Starting Now,Prime Time,Prime Time,Prime Time,Prime Time,Last Chance,,,
minnesota,parsley,-,,,,Starting Now,Prime Time,Prime Time,Prime Time,Prime Time,Last Chance,,,
minnesota,parsnips,Parsnip,,,,,,,,,Starting Now,Prime Time,Prime Time,Last Chance
minnesota,pea-shoots,?,,,,,,Starting Now,Last Chance,,,,,
minnesota,pears,Pear,,,,,,,,,Starting Now,Last Chance,,
minnesota,peas,Peas,,,,Starting Now,Prime Time,Prime Time,Prime Time,Last Chance,,,,
minnesota,peppers,--BROAD-CATEGORY--,,,,,,,Starting Now,Prime Time,Last Chance,,,
minnesota,plums,Plum,,,,,,,Starting Now,Prime Time,Last Chance,,,
minnesota,potatoes,Potato,,,,,,,Starting Now,Prime Time,Prime Time,Prime Time,Prime Time,Last Chance
minnesota,pumpkin,Pumpkin,,,,,,,,,,Starting Now,Last Chance,
minnesota,purslane,-,,,,,,,,,,Starting Now,Prime Time,Last Chance
minnesota,quince,-,,,,,,,,,Starting Now,Last Chance,,
minnesota,radicchio,Radicchio?,,,,,,,Starting Now,Prime Time,Last Chance,,,
minnesota,radishes,Radish?,,,,,Starting Now,Prime Time,Prime Time,Prime Time,Prime Time,Last Chance,,
minnesota,ramps,-,,,,Starting Now,Last Chance,,,,,,,
minnesota,rapini,Rapini,Prime Time,Last Chance,,,Starting Now,Last Chance,,,,Starting Now,Prime Time,Prime Time
minnesota,raspberries,Raspberry,,,,,,,Prime Time,,Prime Time,,,
minnesota,rhubarb,Rhubarb?,,,,,Starting Now,Last Chance,,,,,,
minnesota,rosemary,-,,,,Starting Now,Prime Time,Prime Time,Prime Time,Prime Time,Prime Time,Prime Time,Last Chance,
minnesota,rutabaga,?,Prime Time,Prime Time,Last Chance,,,,,,,Starting Now,Prime Time,Prime Time
minnesota,sage,-,,,,Starting Now,Prime Time,Prime Time,Prime Time,Prime Time,Last Chance,,,
minnesota,salsify,-,Last Chance,,,,,,,,,Starting Now,Prime Time,Prime Time
minnesota,shallots,?,Prime Time,Prime Time,Last Chance,,,,,,,Starting Now,Prime Time,Prime Time
minnesota,shell-beans,-,,,,,,,,,Starting Now,Last Chance,,
minnesota,sorrel,-,,,,Starting Now,Prime Time,Last Chance,,,,Starting Now,Prime Time,Last Chance
minnesota,spinach,Spinach,,,,,Starting Now,Last Chance,,Starting Now,Prime Time,Last Chance,,
minnesota,sprouts,-,Prime Time,Prime Time,Prime Time,Prime Time,Prime Time,Prime Time,Prime Time,Prime Time,Prime Time,Prime Time,Prime Time,Prime Time
minnesota,strawberries,Strawberry,,,,,,Starting Now,Last Chance,,,,,
minnesota,summer-squash,Summer squash,,,,,,,Starting Now,Prime Time,Last Chance,,,
minnesota,sunchokes,-,Starting Now,Prime Time,Last Chance,,,,,,,,,
minnesota,sweet-potatoes,Sweet potato,Prime Time,Prime Time,Last Chance,,,,,,,Starting Now,Prime Time,Prime Time
minnesota,tarragon,-,,,,,,,Starting Now,Prime Time,Last Chance,,,
minnesota,thyme,-,,,,Starting Now,Prime Time,Prime Time,Prime Time,Prime Time,Prime Time,Prime Time,Last Chance,
minnesota,tomatillos,?,,,,,,,Starting Now,Prime Time,Last Chance,,,
minnesota,tomatoes,Tomato,,,,,,,Starting Now,Prime Time,Last Chance,,,
minnesota,turnips,Turnip,,,,,,,,,Starting Now,Prime Time,Prime Time,Last Chance
minnesota,watercress,?,,,,Starting Now,Prime Time,Last Chance,,,,Starting Now,Prime Time,Last Chance
minnesota,watermelon,Watermelon,,,,,,,,Starting Now,Last Chance,,,
minnesota,winter-squash,Winter squash,,,,,,,,,Starting Now,Prime Time,Prime Time,Last Chance
minnesota,zucchini,Zucchini,,,,,,,Starting Now,Prime Time,Prime Time,Last Chance,,
mississippi,apples,Apple,,,,,Starting Now,Prime Time,Last Chance,,,,,
mississippi,arugula,Rocket,,,Starting Now,Prime Time,Prime Time,Prime Time,Last Chance,,,Starting Now,Prime Time,Last Chance
mississippi,asian-pears,?,,,,,,,Starting Now,Prime Time,Prime Time,Last Chance,,
mississippi,asparagus,Asparagus,,,Starting Now,Prime Time,Prime Time,Last Chance,,,,,,
mississippi,basil,-,,,,,Starting Now,Prime Time,Prime Time,Prime Time,Prime Time,Last Chance,,
mississippi,beets,Beetroot,,,,Starting Now,Prime Time,Prime Time,Last Chance,,,,,
mississippi,black-eyed-peas,-,,,,Starting Now,Prime Time,Prime Time,Prime Time,Prime Time,Last Chance,,,
mississippi,blackberries,Blackberry,,,,,,Starting Now,Prime Time,Prime Time,Last Chance,,,
mississippi,blueberries,Blueberry,,,,,Starting Now,Prime Time,Last Chance,,,,,
mississippi,bok-choy,Bok Choy?,,,,,,,,,,Prime Time,,
mississippi,brambles,--BROAD-CATEGORY--,,,,,,Starting Now,Prime Time,Prime Time,Last Chance,,,
mississippi,broccoli,Broccoli,,,,Starting Now,Last Chance,,,,,Starting Now,Prime Time,Last Chance
mississippi,brussels-sprouts,Brussels sprouts,,,,,,,,,,Starting Now,Prime Time,Last Chance
mississippi,cabbage,White cabbage,Last Chance,,,Starting Now,Prime Time,Last Chance,,,,Starting Now,Prime Time,Prime Time
mississippi,cantaloupe,Cantaloupe?,,,,,,Starting Now,Prime Time,Last Chance,,,,
mississippi,cardoons,Cardoon?,,,,,,,,,,Starting Now,Prime Time,Last Chance
mississippi,carrots,Carrot,Prime Time,Prime Time,Prime Time,Prime Time,Prime Time,Prime Time,Prime Time,Prime Time,Prime Time,Prime Time,Prime Time,Prime Time
mississippi,cauliflower,Cauliflower,,,,Starting Now,Last Chance,,,,,Starting Now,Prime Time,Last Chance
mississippi,celery,Celery,Prime Time,Prime Time,Prime Time,Last Chance,,,,,,,Starting Now,Prime Time
mississippi,celery-root,-,Prime Time,Prime Time,Prime Time,Last Chance,,,,,,,Starting Now,Prime Time
mississippi,chard,Swiss chard?,,,Starting Now,Prime Time,Prime Time,Last Chance,,,,Starting Now,Prime Time,Last Chance
mississippi,cherries,Cherry,,,,,,Starting Now,Last Chance,,,,,
mississippi,chestnuts,-,,,,,,,,,Starting Now,Last Chance,,
mississippi,chicories,?,Prime Time,Last Chance,,,,,,,Starting Now,Prime Time,Prime Time,Prime Time
mississippi,chili-peppers,-,,,,,,Starting Now,Prime Time,Prime Time,Prime Time,Last Chance,,
mississippi,chives,-,,,Starting Now,Prime Time,Prime Time,Prime Time,Prime Time,Prime Time,Prime Time,Last Chance,,
mississippi,cilantro,-,Prime Time,Prime Time,Prime Time,Prime Time,Last Chance,,,,Starting Now,Prime Time,Prime Time,Prime Time
mississippi,citrus,--BROAD-CATEGORY--,Last Chance,,,,,,,,,,Starting Now,Prime Time
mississippi,clementines,Clementine,,,,,,,,,,,,Prime Time
mississippi,collard-greens,Collard greens?,,,Starting Now,Prime Time,Prime Time,Last Chance,,,,Starting Now,Prime Time,Last Chance
mississippi,corn,Corn,,,,,Starting Now,Last Chance,,,,,,
mississippi,cucumbers,Cucumber,,,,,Starting Now,Prime Time,Last Chance,,,,,
mississippi,edamame,-,,,,,,Starting Now,Prime Time,Prime Time,Last Chance,,,
mississippi,eggplant,Aubergine,,,,,,Starting Now,Last Chance,,,,,
mississippi,endive,Endive,Prime Time,Last Chance,,,,,,,Starting Now,Prime Time,Prime Time,Prime Time
mississippi,fava-beans,-,,Starting Now,Prime Time,Prime Time,Last Chance,,,,,,,
mississippi,fennel,Fennel,Prime Time,Prime Time,Prime Time,Last Chance,,,,,,Starting Now,Prime Time,Prime Time
mississippi,figs,Fig,,,,,,,Starting Now,Prime Time,Prime Time,Last Chance,,
mississippi,garlic,-,,,Starting Now,Prime Time,Prime Time,Last Chance,,,,,,
mississippi,garlic-scapes,-,,,Prime Time,,,,,,,,,
mississippi,gooseberries,Gooseberries,,,,,,,Starting Now,Last Chance,,,,
mississippi,grapes,Grapes,,,,,,Starting Now,Prime Time,Prime Time,Prime Time,Last Chance,,
mississippi,green-beans,Green bean,,,,Starting Now,Prime Time,Last Chance,,,Starting Now,Last Chance,,
mississippi,green-onions,-,Starting Now,Prime Time,Prime Time,Prime Time,Prime Time,Last Chance,,,,,,
mississippi,ground-cherries,-,,,,,,Starting Now,Prime Time,Last Chance,,,,
mississippi,horseradish,Horseradish?,Prime Time,Prime Time,Prime Time,Last Chance,,,,,,Starting Now,Prime Time,Prime Time
mississippi,kale,Kale,,,Starting Now,Prime Time,Prime Time,Last Chance,,,,,,
mississippi,kohlrabi,Kohlrabi,,,,Starting Now,Prime Time,Last Chance,,,,,,
mississippi,lamb's-quarters,-,,,,Starting Now,Prime Time,Prime Time,Prime Time,Prime Time,Prime Time,Prime Time,Last Chance,
mississippi,lavender,-,,,,,,,Starting Now,Prime Time,Prime Time,Last Chance,,
mississippi,leeks,Leek,,,,Starting Now,Prime Time,Prime Time,Prime Time,Last Chance,,,,
mississippi,lemons,-,,,,,,,,,,Starting Now,Prime Time,Last Chance
mississippi,lettuce,Lettuce,,,Starting Now,Prime Time,Prime Time,Prime Time,Last Chance,,,Starting Now,Prime Time,Last Chance
mississippi,lima-beans,-,,,,,,Starting Now,Prime Time,Prime Time,Last Chance,,,
mississippi,loquats,Loquat?,,,Starting Now,Last Chance,,,,,,,,
mississippi,mandarins,Mandarin oranges?,,,,,,,,,,,Starting Now,Last Chance
mississippi,melons,--BROAD-CATEGORY--,,,,,,Starting Now,Prime Time,Prime Time,Last Chance,,,
mississippi,mint,-,Prime Time,Prime Time,Prime Time,Prime Time,Prime Time,Prime Time,Prime Time,Prime Time,Prime Time,Prime Time,Prime Time,Prime Time
mississippi,morels,-,,,Starting Now,Prime Time,Last Chance,,,,,,,
mississippi,mushrooms,-,,,Starting Now,Prime Time,Prime Time,Prime Time,Prime Time,Prime Time,Prime Time,Prime Time,Last Chance,
mississippi,mustard-greens,-,,,Starting Now,Prime Time,Prime Time,Last Chance,,,,Starting Now,Prime Time,Last Chance
mississippi,nectarines,Nectarine,,,,,Starting Now,Prime Time,Prime Time,Last Chance,,,,
mississippi,nettles,-,,,Starting Now,Last Chance,,,,,,,,
mississippi,okra,Okra?,,,,,,Starting Now,Prime Time,Prime Time,Prime Time,Last Chance,,
mississippi,onions,-,,,,Starting Now,Prime Time,Prime Time,Prime Time,Prime Time,Prime Time,Prime Time,Last Chance,
mississippi,oranges,Orange,Last Chance,,,,,,,,,,Starting Now,Prime Time
mississippi,oregano,-,Prime Time,Prime Time,Prime Time,Prime Time,Prime Time,Prime Time,Prime Time,Prime Time,Prime Time,Prime Time,Prime Time,Prime Time
mississippi,parsley,-,Prime Time,Prime Time,Prime Time,Prime Time,Prime Time,Prime Time,Prime Time,Prime Time,Prime Time,Prime Time,Prime Time,Prime Time
mississippi,parsnips,Parsnip,Prime Time,Prime Time,Last Chance,,,,,,,,Starting Now,Prime Time
mississippi,pawpaw,Pawpaw?,,,,,,,,Starting Now,Last Chance,,,
mississippi,pea-shoots,?,,,Starting Now,Prime Time,Last Chance,,,,,,,
mississippi,peaches,Peach,,,,,Starting Now,Prime Time,Last Chance,,,,,
mississippi,peanuts,-,,,,,Starting Now,Prime Time,Prime Time,Prime Time,Prime Time,Last Chance,,
mississippi,pears,Pear,,,,,,,,Starting Now,Prime Time,Prime Time,Last Chance,
mississippi,peas,Peas,,,,Starting Now,Last Chance,,,,,,,
mississippi,pecans,-,,,,,,,,,,Starting Now,Prime Time,Last Chance
mississippi,peppers,--BROAD-CATEGORY--,,,,,,Starting Now,Prime Time,Last Chance,,,,
mississippi,persimmons,Persimmon,,,,,,,,,Starting Now,Prime Time,Prime Time,Last Chance
mississippi,plums,Plum,,,,,Starting Now,Prime Time,Last Chance,,,,,
mississippi,pomegranates,Pomegranate,,,,,,,,,Starting Now,Prime Time,Last Chance,
mississippi,potatoes,Potato,,,,,Starting Now,Last Chance,,,,,,
mississippi,pummelo,?,,,,,,,,,,Starting Now,Prime Time,Last Chance
mississippi,pumpkin,Pumpkin,,,,,,,,,,Prime Time,,
mississippi,purslane,-,,,,Starting Now,Prime Time,Prime Time,Prime Time,Prime Time,Prime Time,Prime Time,Last Chance,
mississippi,quince,-,,,,,,,,,,Starting Now,Last Chance,
mississippi,radicchio,Radicchio?,Prime Time,Last Chance,,,,,,,Starting Now,Prime Time,Prime Time,Prime Time
mississippi,radishes,Radish?,,,Starting Now,Prime Time,Prime Time,Last Chance,,,,,,
mississippi,rapini,Rapini,Prime Time,Last Chance,,,Starting Now,Last Chance,,,,Starting Now,Prime Time,Prime Time
mississippi,raspberries,Raspberry,,,,,,Starting Now,Prime Time,Prime Time,Prime Time,Last Chance,,
mississippi,rhubarb,Rhubarb?,,Starting Now,Prime Time,Prime Time,Prime Time,Last Chance,,,,,,
mississippi,rosemary,-,Prime Time,Prime Time,Prime Time,Prime Time,Prime Time,Prime Time,Prime Time,Prime Time,Prime Time,Prime Time,Prime Time,Prime Time
mississippi,rutabaga,?,,,,,,,,,Starting Now,Prime Time,Prime Time,Last Chance
mississippi,sage,-,Prime Time,Prime Time,Prime Time,Prime Time,Prime Time,Prime Time,Prime Time,Prime Time,Prime Time,Prime Time,Prime Time,Prime Time
mississippi,shallots,?,,,,,,Starting Now,Last Chance,,,,,
mississippi,shell-beans,-,,,,,,Starting Now,Prime Time,Prime Time,Last Chance,,,
mississippi,snap-peas,?,,,,Starting Now,Prime Time,Prime Time,Last Chance,,,,,
mississippi,snow-peas,?,,,,Starting Now,Prime Time,Prime Time,Last Chance,,,,,
mississippi,sorrel,-,Prime Time,Prime Time,Prime Time,Prime Time,Prime Time,Last Chance,,,,Starting Now,Prime Time,Prime Time
mississippi,spinach,Spinach,Prime Time,Prime Time,Prime Time,Prime Time,Prime Time,Prime Time,Last Chance,,,Starting Now,Prime Time,Prime Time
mississippi,sprouts,-,Prime Time,Prime Time,Prime Time,Prime Time,Prime Time,Prime Time,Prime Time,Prime Time,Prime Time,Prime Time,Prime Time,Prime Time
mississippi,strawberries,Strawberry,,,Starting Now,Last Chance,,,,,,,,
mississippi,summer-squash,Summer squash,,,,,,Starting Now,Prime Time,Prime Time,Prime Time,Last Chance,,
mississippi,sunchokes,-,Starting Now,Last Chance,,,,Starting Now,Last Chance,,,,,
mississippi,sweet-potatoes,Sweet potato,,,,,,,,Starting Now,Prime Time,Last Chance,,
mississippi,tangerines,-,,,,,,,,,,,,Prime Time
mississippi,tarragon,-,,,,Starting Now,Prime Time,Last Chance,,,,,,
mississippi,thyme,-,,,,Starting Now,Prime Time,Last Chance,,,,,,
mississippi,tomatillos,?,,,,Starting Now,Prime Time,Last Chance,,,,,,
mississippi,tomatoes,Tomato,,,,,,Starting Now,Prime Time,Last Chance,,,,
mississippi,turnips,Turnip,Prime Time,Prime Time,Prime Time,Prime Time,Prime Time,Last Chance,,,Starting Now,Prime Time,Prime Time,Prime Time
mississippi,watercress,?,,,,Starting Now,Prime Time,Prime Time,Last Chance,,,,,
mississippi,watermelon,Watermelon,,,,,,Starting Now,Prime Time,Last Chance,,,,
mississippi,winter-squash,Winter squash,,,,,,,,,,Starting Now,Last Chance,
mississippi,zucchini,Zucchini,,,,,,Starting Now,Prime Time,Prime Time,Prime Time,Last Chance,,
missouri,apples,Apple,,,,,,Starting Now,Prime Time,Prime Time,Prime Time,Prime Time,Last Chance,
missouri,apricots,Apricot,,,,,,Starting Now,Last Chance,,,,,
missouri,arugula,Rocket,,,,,Starting Now,Prime Time,Prime Time,Prime Time,Last Chance,,,
missouri,asian-pears,?,,,,,,,,Starting Now,Prime Time,Last Chance,,
missouri,asparagus,Asparagus,,,Starting Now,Prime Time,Prime Time,Last Chance,,,,,,
missouri,basil,-,,,,,,,Starting Now,Prime Time,Last Chance,,,
missouri,beets,Beetroot,,,,,Starting Now,Prime Time,Prime Time,Prime Time,Prime Time,Prime Time,Last Chance,
missouri,black-eyed-peas,-,,,,,,,Starting Now,Prime Time,Prime Time,Prime Time,Last Chance,
missouri,blackberries,Blackberry,,,,,,Starting Now,Prime Time,Prime Time,Last Chance,,,
missouri,blueberries,Blueberry,,,,,,Starting Now,Prime Time,Prime Time,Prime Time,Last Chance,,
missouri,bok-choy,Bok Choy?,,,,,,,,Starting Now,Last Chance,,,
missouri,brambles,--BROAD-CATEGORY--,,,,,,Starting Now,Prime Time,Prime Time,Last Chance,,,
missouri,broccoli,Broccoli,,,,,Starting Now,Prime Time,Last Chance,,Starting Now,Prime Time,Prime Time,Last Chance
missouri,brussels-sprouts,Brussels sprouts,,,,,Starting Now,Last Chance,,,,,,
missouri,cabbage,White cabbage,,,,,Starting Now,Prime Time,Prime Time,Prime Time,Prime Time,Prime Time,Last Chance,
missouri,cantaloupe,Cantaloupe?,,,,,,Starting Now,Prime Time,Prime Time,Prime Time,Last Chance,,
missouri,cardoons,Cardoon?,,,,,,,,,,Starting Now,Prime Time,Last Chance
missouri,carrots,Carrot,,,,,,Starting Now,Prime Time,Prime Time,Last Chance,,,
missouri,cauliflower,Cauliflower,,,,,Starting Now,Prime Time,Last Chance,,Starting Now,Prime Time,Last Chance,
missouri,celery,Celery,,,,,,,,Starting Now,Prime Time,Last Chance,,
missouri,celery-root,-,,,,,,,,Starting Now,Prime Time,Last Chance,,
missouri,chard,Swiss chard?,,,,,Starting Now,Prime Time,Prime Time,Prime Time,Last Chance,,,
missouri,cherries,Cherry,,,,,Starting Now,Prime Time,Last Chance,,,,,
missouri,chicories,?,Prime Time,Last Chance,,,,,,,Starting Now,Prime Time,Prime Time,Prime Time
missouri,chili-peppers,-,,,,,,,Starting Now,Prime Time,Prime Time,Prime Time,Last Chance,
missouri,chives,-,,,Starting Now,Prime Time,Prime Time,Prime Time,Prime Time,Prime Time,Prime Time,Last Chance,,
missouri,cilantro,-,,,,,,Starting Now,Prime Time,Prime Time,Last Chance,,,
missouri,collard-greens,Collard greens?,,,,,Prime Time,,,,Starting Now,Prime Time,Last Chance,
missouri,corn,Corn,,,,,,Starting Now,Prime Time,Prime Time,Prime Time,Last Chance,,
missouri,cucumbers,Cucumber,,,,,Starting Now,Prime Time,Prime Time,Prime Time,Prime Time,Last Chance,,
missouri,eggplant,Aubergine,,,,,,Starting Now,Prime Time,Prime Time,Prime Time,Last Chance,,
missouri,endive,Endive,Prime Time,Last Chance,,,,,,,Starting Now,Prime Time,Prime Time,Prime Time
missouri,fava-beans,-,,,,,Prime Time,,,,,,,
missouri,garlic,-,,,,,,Starting Now,Prime Time,Prime Time,Prime Time,Prime Time,Last Chance,
missouri,garlic-scapes,-,,,,,Starting Now,Last Chance,,,,,,
missouri,gooseberries,Gooseberries,,,,,Starting Now,Prime Time,Last Chance,,,,,
missouri,grapes,Grapes,,,,,,,Starting Now,Prime Time,Prime Time,Last Chance,,
missouri,green-beans,Green bean,,,,,,Starting Now,Prime Time,Prime Time,Prime Time,Last Chance,,
missouri,green-onions,-,,,,Starting Now,Prime Time,Prime Time,Prime Time,Prime Time,Prime Time,Prime Time,Last Chance,
missouri,ground-cherries,-,,,,,Starting Now,Prime Time,Prime Time,Prime Time,Prime Time,Prime Time,Last Chance,
missouri,horseradish,Horseradish?,,,,,,Starting Now,Prime Time,Prime Time,Prime Time,Prime Time,Last Chance,
missouri,kale,Kale,,,,,,Starting Now,Prime Time,Prime Time,Prime Time,Prime Time,Last Chance,
missouri,kohlrabi,Kohlrabi,,,,,Starting Now,Last Chance,,,Starting Now,Last Chance,,
missouri,lamb's-quarters,-,,,Starting Now,Prime Time,Prime Time,Prime Time,Prime Time,Prime Time,Prime Time,Prime Time,Last Chance,
missouri,lavender,-,,,,,,,Starting Now,Prime Time,Prime Time,Last Chance,,
missouri,leeks,Leek,,,,,Starting Now,Prime Time,Prime Time,Last Chance,,,,
missouri,lettuce,Lettuce,,,,Starting Now,Prime Time,Last Chance,,,Starting Now,Prime Time,Last Chance,
missouri,lima-beans,-,,,,,,,Starting Now,Prime Time,Prime Time,Last Chance,,
missouri,melons,--BROAD-CATEGORY--,,,,,,,Starting Now,Prime Time,Last Chance,,,
missouri,mint,-,,,,,Starting Now,Prime Time,Prime Time,Prime Time,Prime Time,Prime Time,Last Chance,
missouri,morels,-,,,Starting Now,Prime Time,Last Chance,,,,,,,
missouri,mushrooms,-,,,Starting Now,Prime Time,Prime Time,Prime Time,Prime Time,Prime Time,Prime Time,Last Chance,,
missouri,mustard-greens,-,,,,,Prime Time,,,,Starting Now,Prime Time,Last Chance,
missouri,nectarines,Nectarine,,,,,,Starting Now,Prime Time,Prime Time,Prime Time,Last Chance,,
missouri,okra,Okra?,,,,,,Starting Now,Prime Time,Prime Time,Prime Time,Last Chance,,
missouri,onions,-,,,,,Starting Now,Prime Time,Prime Time,Prime Time,Prime Time,Prime Time,Last Chance,
missouri,oregano,-,,,,,Starting Now,Prime Time,Prime Time,Prime Time,Prime Time,Prime Time,Last Chance,
missouri,parsley,-,,,,,Starting Now,Prime Time,Prime Time,Prime Time,Last Chance,,,
missouri,parsnips,Parsnip,,,,Starting Now,Last Chance,,,,,Starting Now,Last Chance,
missouri,pawpaw,Pawpaw?,,,,,,,,,Prime Time,,,
missouri,pea-shoots,?,,,,Starting Now,Last Chance,,,,,,,
missouri,peaches,Peach,,,,,,Starting Now,Prime Time,Prime Time,Last Chance,,,
missouri,pears,Pear,,,,,,,Starting Now,Prime Time,Prime Time,Prime Time,Last Chance,
missouri,peas,Peas,,,,Starting Now,Prime Time,Prime Time,Prime Time,Prime Time,Prime Time,Prime Time,Last Chance,
missouri,peppers,--BROAD-CATEGORY--,,,,,,,Starting Now,Prime Time,Prime Time,Prime Time,Last Chance,
missouri,persimmons,Persimmon,,,,,,,,,,Prime Time,,
missouri,plums,Plum,,,,,,Starting Now,Prime Time,Prime Time,Prime Time,Last Chance,,
missouri,potatoes,Potato,,,,,,Starting Now,Prime Time,Prime Time,Prime Time,Prime Time,Prime Time,Last Chance
missouri,pumpkin,Pumpkin,,,,,,,Starting Now,Prime Time,Prime Time,Prime Time,Prime Time,Last Chance
missouri,purslane,-,,,Starting Now,Prime Time,Prime Time,Last Chance,,,Starting Now,Prime Time,Last Chance,
missouri,quince,-,,,,,,,,,,Starting Now,Last Chance,
missouri,radicchio,Radicchio?,Prime Time,Last Chance,,,,,,,Starting Now,Prime Time,Prime Time,Prime Time
missouri,radishes,Radish?,,,,,Starting Now,Prime Time,Prime Time,Prime Time,Prime Time,Prime Time,Last Chance,
missouri,ramps,-,,,,Starting Now,Last Chance,,,,,,,
missouri,rapini,Rapini,Prime Time,Last Chance,,,Starting Now,Last Chance,,,,Starting Now,Prime Time,Prime Time
missouri,raspberries,Raspberry,,,,,,Starting Now,Prime Time,Prime Time,Prime Time,Last Chance,,
missouri,rhubarb,Rhubarb?,,,,,Starting Now,Prime Time,Prime Time,Prime Time,Prime Time,Prime Time,Last Chance,
missouri,rosemary,-,,,,Starting Now,Prime Time,Prime Time,Prime Time,Prime Time,Prime Time,Prime Time,Last Chance,
missouri,sage,-,,,,,Starting Now,Prime Time,Prime Time,Prime Time,Prime Time,Prime Time,Last Chance,
missouri,salsify,-,Last Chance,,,,,,,,,Starting Now,Prime Time,Prime Time
missouri,shallots,?,,,,,,,,,Starting Now,Last Chance,,
missouri,shell-beans,-,,,,,,,Starting Now,Prime Time,Prime Time,Last Chance,,
missouri,snap-peas,?,,,,,,Starting Now,Prime Time,Last Chance,,,,
missouri,snow-peas,?,,,,,,Starting Now,Prime Time,Last Chance,,,,
missouri,sorrel,-,,,Starting Now,Prime Time,Prime Time,Last Chance,,,Starting Now,Prime Time,Prime Time,Last Chance
missouri,spinach,Spinach,,,Starting Now,Prime Time,Prime Time,Last Chance,,,Starting Now,Prime Time,Prime Time,Last Chance
missouri,sprouts,-,Prime Time,Prime Time,Prime Time,Prime Time,Prime Time,Prime Time,Prime Time,Prime Time,Prime Time,Prime Time,Prime Time,Prime Time
missouri,strawberries,Strawberry,,,,,Starting Now,Prime Time,Prime Time,Last Chance,,,,
missouri,summer-squash,Summer squash,,,,,Starting Now,Prime Time,Prime Time,Prime Time,Prime Time,Last Chance,,
missouri,sunchokes,-,,,,,,,Prime Time,,,,,
missouri,sweet-potatoes,Sweet potato,,,,,,,,Starting Now,Prime Time,Prime Time,Prime Time,Last Chance
missouri,tarragon,-,,,,Starting Now,Prime Time,Last Chance,,,,,,
missouri,thyme,-,,,,Starting Now,Prime Time,Prime Time,Prime Time,Prime Time,Prime Time,Prime Time,Last Chance,
missouri,tomatillos,?,,,,,Starting Now,Prime Time,Prime Time,Prime Time,Prime Time,Prime Time,Last Chance,
missouri,tomatoes,Tomato,,,,,Starting Now,Prime Time,Prime Time,Prime Time,Prime Time,Prime Time,Last Chance,
missouri,turnips,Turnip,,,,,Starting Now,Prime Time,Prime Time,Prime Time,Prime Time,Prime Time,Prime Time,Last Chance
missouri,watercress,?,,,,Starting Now,Prime Time,Prime Time,Last Chance,,,,,
missouri,watermelon,Watermelon,,,,,,Starting Now,Prime Time,Prime Time,Prime Time,Last Chance,,
missouri,winter-squash,Winter squash,,,,,,,Starting Now,Prime Time,Prime Time,Prime Time,Prime Time,Last Chance
missouri,zucchini,Zucchini,,,,,,,Starting Now,Prime Time,Prime Time,Last Chance,,
montana,apples,Apple,,,,,,,,,Starting Now,Last Chance,,
montana,apricots,Apricot,,,,,,,,Prime Time,,,,
montana,arugula,Rocket,,,,,Starting Now,Prime Time,Prime Time,Prime Time,Last Chance,,,
montana,asparagus,Asparagus,,,,,Prime Time,,,,,,,
montana,basil,-,,,,,,Starting Now,Prime Time,Prime Time,Last Chance,,,
montana,beets,Beetroot,,,,,,Starting Now,Prime Time,Prime Time,Last Chance,,,
montana,black-eyed-peas,-,,,,,,Starting Now,Last Chance,,,,,
montana,blackberries,Blackberry,,,,,,Starting Now,Prime Time,Prime Time,Last Chance,,,
montana,blueberries,Blueberry,,,,,,,Starting Now,Last Chance,,,,
montana,bok-choy,Bok Choy?,,,,,,,,Starting Now,Last Chance,,,
montana,brambles,--BROAD-CATEGORY--,,,,,,,Prime Time,,,,,
montana,broccoli,Broccoli,,,,,,Prime Time,,,,,,
montana,brussels-sprouts,Brussels sprouts,,,,,,,,Starting Now,Prime Time,Prime Time,Last Chance,
montana,cabbage,White cabbage,,,,,,Starting Now,Prime Time,Prime Time,Prime Time,Last Chance,,
montana,cantaloupe,Cantaloupe?,,,,,,,,Starting Now,Last Chance,,,
montana,cardoons,Cardoon?,,,,,,,,,,Starting Now,Prime Time,Last Chance
montana,carrots,Carrot,,,,,,Starting Now,Prime Time,Prime Time,Last Chance,,,
montana,cauliflower,Cauliflower,,,,,,,,Starting Now,Prime Time,Prime Time,Last Chance,
montana,celery,Celery,,,,,,,,Starting Now,Prime Time,Last Chance,,
montana,celery-root,-,,,,,,,,Starting Now,Prime Time,Last Chance,,
montana,chard,Swiss chard?,,,,,,,Starting Now,Prime Time,Prime Time,Prime Time,Prime Time,Last Chance
montana,cherries,Cherry,,,,,,,Starting Now,Last Chance,,,,
montana,chickpeas,-,,,,Starting Now,Last Chance,,,,,,,
montana,chicories,?,Prime Time,Last Chance,,,,,,,Starting Now,Prime Time,Prime Time,Prime Time
montana,chili-peppers,-,,,,,,,Starting Now,Prime Time,Last Chance,,,
montana,chives,-,,,,,,Starting Now,Prime Time,Prime Time,Last Chance,,,
montana,cilantro,-,,,,,Starting Now,Prime Time,Prime Time,Prime Time,Last Chance,,,
montana,collard-greens,Collard greens?,,,,,,Starting Now,Prime Time,Prime Time,Prime Time,Last Chance,,
montana,corn,Corn,,,,,,,Starting Now,Prime Time,Prime Time,Last Chance,,
montana,cucumbers,Cucumber,,,,,,,Starting Now,Prime Time,Prime Time,Last Chance,,
montana,eggplant,Aubergine,,,,,,,Starting Now,Prime Time,Prime Time,Last Chance,,
montana,endive,Endive,Prime Time,Last Chance,,,,,,,Starting Now,Prime Time,Prime Time,Prime Time
montana,garlic,-,,,,,,,,Starting Now,Prime Time,Prime Time,Last Chance,
montana,garlic-scapes,-,,,,,,Prime Time,,,,,,
montana,gooseberries,Gooseberries,,,,,,,Starting Now,Last Chance,,,,
montana,grapes,Grapes,,,,,,,,,Prime Time,,,
montana,green-beans,Green bean,,,,,,,Starting Now,Prime Time,Last Chance,,,
montana,green-onions,-,,,,,,Starting Now,Prime Time,Prime Time,Prime Time,Last Chance,,
montana,ground-cherries,-,,,,,,Starting Now,Prime Time,Prime Time,Prime Time,Last Chance,,
montana,horseradish,Horseradish?,Prime Time,Prime Time,Prime Time,Last Chance,,,,,,Starting Now,Prime Time,Prime Time
montana,kale,Kale,,,,,,,Starting Now,Prime Time,Last Chance,,,
montana,lamb's-quarters,-,,,,,,Starting Now,Prime Time,Prime Time,Last Chance,,,
montana,lavender,-,,,,,,,Starting Now,Prime Time,Prime Time,Last Chance,,
montana,leeks,Leek,,,,,,Starting Now,Prime Time,Prime Time,Prime Time,Prime Time,Last Chance,
montana,lettuce,Lettuce,,,,,Starting Now,Prime Time,Prime Time,Prime Time,Last Chance,,,
montana,lima-beans,-,,,,,,Starting Now,Prime Time,Prime Time,Last Chance,,,
montana,melons,--BROAD-CATEGORY--,,,,,,,,Starting Now,Last Chance,,,
montana,mint,-,,,,,Starting Now,Prime Time,Prime Time,Prime Time,Last Chance,,,
montana,mushrooms,-,Prime Time,Prime Time,Prime Time,Prime Time,Prime Time,Prime Time,Prime Time,Prime Time,Prime Time,Prime Time,Prime Time,Prime Time
montana,mustard-greens,-,,,,,,,Starting Now,Prime Time,Last Chance,,,
montana,onions,-,,,,,,,,,Starting Now,Prime Time,Prime Time,Last Chance
montana,oregano,-,,,,,,Starting Now,Prime Time,Prime Time,Last Chance,,,
montana,parsley,-,,,,,,Starting Now,Prime Time,Prime Time,Last Chance,,,
montana,parsnips,Parsnip,,,,Starting Now,Last Chance,,,,,Starting Now,Last Chance,
montana,pea-shoots,?,,,,,,Starting Now,Last Chance,,,,,
montana,pears,Pear,,,,,,,,,Starting Now,Last Chance,,
montana,peas,Peas,,,,,,Starting Now,Prime Time,Prime Time,Last Chance,,,
montana,peppers,--BROAD-CATEGORY--,,,,,,,,Prime Time,,,,
montana,plums,Plum,,,,,,,Starting Now,Last Chance,,,,
montana,potatoes,Potato,,,,,,,,Starting Now,Prime Time,Prime Time,Prime Time,Last Chance
montana,pumpkin,Pumpkin,,,,,,,,,Starting Now,Last Chance,,
montana,purslane,-,,,,,,Starting Now,Prime Time,Prime Time,Last Chance,,,
montana,quince,-,,,,,,,,,,Starting Now,Last Chance,
montana,radicchio,Radicchio?,Prime Time,Last Chance,,,,,,,Starting Now,Prime Time,Prime Time,Prime Time
montana,radishes,Radish?,,,,,,Starting Now,Prime Time,Prime Time,Last Chance,,,
montana,rapini,Rapini,Prime Time,Last Chance,,,Starting Now,Last Chance,,,,Starting Now,Prime Time,Prime Time
montana,raspberries,Raspberry,,,,,,,Prime Time,,,,,
montana,rhubarb,Rhubarb?,,,,,Starting Now,Last Chance,,,,,,
montana,rosemary,-,,,,,,Starting Now,Prime Time,Prime Time,Last Chance,,,
montana,rutabaga,?,,,,,,,,,,Starting Now,Last Chance,
montana,sage,-,,,,,,Starting Now,Prime Time,Prime Time,Last Chance,,,
montana,salsify,-,Last Chance,,,,,,,,,Starting Now,Prime Time,Prime Time
montana,shallots,?,,,,,,,,,Starting Now,Prime Time,Prime Time,Last Chance
montana,shell-beans,-,,,,,,Starting Now,Prime Time,Prime Time,Last Chance,,,
montana,sorrel,-,,,,,,Starting Now,Prime Time,Prime Time,Last Chance,,,
montana,spinach,Spinach,,,,,,Starting Now,Prime Time,Prime Time,Last Chance,,,
montana,sprouts,-,Prime Time,Prime Time,Prime Time,Prime Time,Prime Time,Prime Time,Prime Time,Prime Time,Prime Time,Prime Time,Prime Time,Prime Time
montana,strawberries,Strawberry,,,,,,Starting Now,Last Chance,,,,,
montana,summer-squash,Summer squash,,,,,,Starting Now,Prime Time,Prime Time,Prime Time,Last Chance,,
montana,sunchokes,-,,,,,,,Starting Now,Last Chance,,,,
montana,tarragon,-,,,,,,Starting Now,Prime Time,Prime Time,Last Chance,,,
montana,thyme,-,,,,,,Starting Now,Prime Time,Prime Time,Last Chance,,,
montana,tomatillos,?,,,,,,Starting Now,Prime Time,Prime Time,Prime Time,Last Chance,,
montana,tomatoes,Tomato,,,,,,Starting Now,Prime Time,Prime Time,Prime Time,Last Chance,,
montana,turnips,Turnip,,,,,,,,Starting Now,Prime Time,Prime Time,Last Chance,
montana,watercress,?,,,,Starting Now,Prime Time,Prime Time,Last Chance,,,,,
montana,watermelon,Watermelon,,,,,,,,Starting Now,Last Chance,,,
montana,winter-squash,Winter squash,,,,,,,,Starting Now,Prime Time,Prime Time,Prime Time,Last Chance
montana,zucchini,Zucchini,,,,,,,Starting Now,Prime Time,Prime Time,Last Chance,,
nebraska,apples,Apple,,,,,,,Starting Now,Prime Time,Prime Time,Prime Time,Last Chance,
nebraska,apricots,Apricot,,,,,,,Starting Now,Last Chance,,,,
nebraska,arugula,Rocket,,,,,Starting Now,Prime Time,Prime Time,Prime Time,Last Chance,,,
nebraska,asian-pears,?,,,,,,,,Starting Now,Prime Time,Last Chance,,
nebraska,asparagus,Asparagus,,,,Starting Now,Prime Time,Last Chance,,,,,,
nebraska,basil,-,,,,,,,Starting Now,Prime Time,Last Chance,,,
nebraska,beets,Beetroot,,,,,Starting Now,Prime Time,Prime Time,Prime Time,Prime Time,Last Chance,,
nebraska,black-eyed-peas,-,,,,,,Starting Now,Last Chance,,,,,
nebraska,blackberries,Blackberry,,,,,,,Starting Now,Prime Time,Last Chance,,,
nebraska,blueberries,Blueberry,,,,,,,Starting Now,Last Chance,,,,
nebraska,bok-choy,Bok Choy?,,,,,,,,Prime Time,,,,
nebraska,boysenberries,?,,,,,,Starting Now,Last Chance,,,,,
nebraska,brambles,--BROAD-CATEGORY--,,,,,,,Starting Now,Prime Time,Last Chance,,,
nebraska,broccoli,Broccoli,,,,,,Starting Now,Prime Time,Prime Time,Prime Time,Last Chance,,
nebraska,brussels-sprouts,Brussels sprouts,,,,,,,,,Starting Now,Prime Time,Last Chance,
nebraska,cabbage,White cabbage,,,,,,Starting Now,Prime Time,Prime Time,Prime Time,Prime Time,Prime Time,Last Chance
nebraska,cantaloupe,Cantaloupe?,,,,,,,,Starting Now,Prime Time,Prime Time,Last Chance,
nebraska,cardoons,Cardoon?,,,,,,,,,,Starting Now,Prime Time,Last Chance
nebraska,carrots,Carrot,,,,,,Starting Now,Prime Time,Prime Time,Prime Time,Prime Time,Prime Time,Last Chance
nebraska,cauliflower,Cauliflower,,,,,,,Starting Now,Prime Time,Prime Time,Prime Time,Last Chance,
nebraska,celery,Celery,,,,,,,Starting Now,Prime Time,Prime Time,Last Chance,,
nebraska,celery-root,-,,,,,,,,Starting Now,Prime Time,Last Chance,,
nebraska,chard,Swiss chard?,,,,,Starting Now,Prime Time,Prime Time,Prime Time,Last Chance,,,
nebraska,cherries,Cherry,,,,,,Starting Now,Last Chance,,,,,
nebraska,chicories,?,Prime Time,Last Chance,,,,,,,Starting Now,Prime Time,Prime Time,Prime Time
nebraska,chili-peppers,-,,,,,,,Starting Now,Prime Time,Last Chance,,,
nebraska,chives,-,,,,,Starting Now,Prime Time,Prime Time,Prime Time,Prime Time,Last Chance,,
nebraska,cilantro,-,,,,,,Starting Now,Prime Time,Prime Time,Last Chance,,,
nebraska,collard-greens,Collard greens?,,,,,Starting Now,Prime Time,Prime Time,Prime Time,Prime Time,Prime Time,Last Chance,
nebraska,corn,Corn,,,,,,,Starting Now,Prime Time,Prime Time,Last Chance,,
nebraska,cucumbers,Cucumber,,,,,,,Starting Now,Prime Time,Last Chance,,,
nebraska,eggplant,Aubergine,,,,,,,Starting Now,Prime Time,Prime Time,Last Chance,,
nebraska,endive,Endive,Prime Time,Last Chance,,,,,,,Starting Now,Prime Time,Prime Time,Prime Time
nebraska,fava-beans,-,,,,,Prime Time,,,,,,,
nebraska,garlic,-,,,,,,,,Starting Now,Prime Time,Prime Time,Last Chance,
nebraska,garlic-scapes,-,,,,,Starting Now,Last Chance,,,,,,
nebraska,gooseberries,Gooseberries,,,,,,,Starting Now,Last Chance,,,,
nebraska,grapes,Grapes,,,,,,,Starting Now,Prime Time,Last Chance,,,
nebraska,green-beans,Green bean,,,,,,Starting Now,Prime Time,Prime Time,Last Chance,,,
nebraska,green-onions,-,,,,,,Starting Now,Prime Time,Prime Time,Last Chance,,,
nebraska,ground-cherries,-,,,,,,,Starting Now,Prime Time,Last Chance,,,
nebraska,horseradish,Horseradish?,Prime Time,Prime Time,Prime Time,Last Chance,,,,,,Starting Now,Prime Time,Prime Time
nebraska,kale,Kale,,,,,,Starting Now,Prime Time,Prime Time,Prime Time,Prime Time,Last Chance,
nebraska,kohlrabi,Kohlrabi,,,,,Starting Now,Prime Time,Prime Time,Prime Time,Prime Time,Last Chance,,
nebraska,lamb's-quarters,-,,,,,Starting Now,Prime Time,Prime Time,Prime Time,Prime Time,Prime Time,Last Chance,
nebraska,lavender,-,,,,,,,Starting Now,Prime Time,Prime Time,Last Chance,,
nebraska,leeks,Leek,,,,,,,,Starting Now,Prime Time,Last Chance,,
nebraska,lettuce,Lettuce,,,,Starting Now,Prime Time,Prime Time,Prime Time,Prime Time,Prime Time,Prime Time,Prime Time,Last Chance
nebraska,lima-beans,-,,,,,,,Starting Now,Prime Time,Prime Time,Last Chance,,
nebraska,melons,--BROAD-CATEGORY--,,,,,,,Starting Now,Prime Time,Last Chance,,,
nebraska,mint,-,,,,,Starting Now,Prime Time,Prime Time,Prime Time,Prime Time,Last Chance,,
nebraska,morels,-,,,Starting Now,Prime Time,Last Chance,,,,,,,
nebraska,mushrooms,-,,,,Starting Now,Prime Time,Prime Time,Prime Time,Prime Time,Prime Time,Prime Time,Prime Time,Last Chance
nebraska,mustard-greens,-,,,,,Starting Now,Prime Time,Prime Time,Prime Time,Prime Time,Prime Time,Last Chance,
nebraska,nectarines,Nectarine,,,,,,,Starting Now,Last Chance,,,,
nebraska,onions,-,,,,Starting Now,Prime Time,Prime Time,Prime Time,Prime Time,Prime Time,Prime Time,Prime Time,Last Chance
nebraska,oregano,-,,,,,Starting Now,Prime Time,Prime Time,Prime Time,Prime Time,Last Chance,,
nebraska,parsley,-,,,,,Starting Now,Prime Time,Prime Time,Prime Time,Last Chance,,,
nebraska,parsnips,Parsnip,,,,Starting Now,Prime Time,Prime Time,Prime Time,Prime Time,Prime Time,Prime Time,Last Chance,
nebraska,pawpaw,Pawpaw?,,,,,,,,,Starting Now,Last Chance,,
nebraska,pea-shoots,?,,,,Starting Now,Last Chance,,,,,,,
nebraska,peaches,Peach,,,,,,,Starting Now,Last Chance,,,,
nebraska,pears,Pear,,,,,,,,Starting Now,Prime Time,Last Chance,,
nebraska,peas,Peas,,,,,,Starting Now,Last Chance,,,,,
nebraska,peppers,--BROAD-CATEGORY--,,,,,,Starting Now,Prime Time,Prime Time,Prime Time,Last Chance,,
nebraska,persimmons,Persimmon,,,,,,,,,,Prime Time,,
nebraska,plums,Plum,,,,,,,Starting Now,Last Chance,,,,
nebraska,potatoes,Potato,,,,,,,Starting Now,Prime Time,Prime Time,Last Chance,,
nebraska,pumpkin,Pumpkin,,,,,,,,,Starting Now,Prime Time,Last Chance,
nebraska,purslane,-,,,,,Starting Now,Prime Time,Prime Time,Prime Time,Prime Time,Prime Time,Last Chance,
nebraska,quince,-,,,,,,,,,,Starting Now,Last Chance,
nebraska,radicchio,Radicchio?,Prime Time,Last Chance,,,,,,,Starting Now,Prime Time,Prime Time,Prime Time
nebraska,radishes,Radish?,,,,,Starting Now,Prime Time,Prime Time,Prime Time,Prime Time,Prime Time,Last Chance,
nebraska,ramps,-,,,,Starting Now,Prime Time,Last Chance,,,,,,
nebraska,rapini,Rapini,Prime Time,Last Chance,,,Starting Now,Last Chance,,,,Starting Now,Prime Time,Prime Time
nebraska,raspberries,Raspberry,,,,,,Starting Now,Prime Time,Last Chance,,,,
nebraska,rhubarb,Rhubarb?,,,,Starting Now,Prime Time,Last Chance,,,,,,
nebraska,rosemary,-,,,,Starting Now,Prime Time,Prime Time,Prime Time,Prime Time,Prime Time,Prime Time,Last Chance,
nebraska,sage,-,,,,Starting Now,Prime Time,Prime Time,Prime Time,Prime Time,Prime Time,Last Chance,,
nebraska,salsify,-,Last Chance,,,,,,,,,Starting Now,Prime Time,Prime Time
nebraska,shallots,?,Last Chance,,,,,Starting Now,Last Chance,,,,,Starting Now
nebraska,shell-beans,-,,,,,,,Starting Now,Prime Time,Prime Time,Last Chance,,
nebraska,snap-peas,?,,,,,,Starting Now,Prime Time,Last Chance,,,,
nebraska,snow-peas,?,,,,,,Starting Now,Prime Time,Last Chance,,,,
nebraska,sorrel,-,,,,,Starting Now,Prime Time,Prime Time,Prime Time,Prime Time,Prime Time,Last Chance,
nebraska,spinach,Spinach,,,,,Starting Now,Prime Time,Prime Time,Prime Time,Prime Time,Prime Time,Last Chance,
nebraska,sprouts,-,Prime Time,Prime Time,Prime Time,Prime Time,Prime Time,Prime Time,Prime Time,Prime Time,Prime Time,Prime Time,Prime Time,Prime Time
nebraska,strawberries,Strawberry,,,,,,Starting Now,Last Chance,,,,,
nebraska,summer-squash,Summer squash,,,,,Starting Now,Prime Time,Prime Time,Prime Time,Prime Time,Last Chance,,
nebraska,sunchokes,-,,,,,,,Starting Now,Last Chance,,,,
nebraska,sweet-potatoes,Sweet potato,,,,,,,,,Starting Now,Prime Time,Prime Time,Last Chance
nebraska,tarragon,-,,,,Starting Now,Prime Time,Last Chance,,,,,,
nebraska,thyme,-,,,,Starting Now,Prime Time,Last Chance,,,,,,
nebraska,tomatillos,?,,,,,,,Starting Now,Prime Time,Last Chance,,,
nebraska,tomatoes,Tomato,,,,,,,Starting Now,Prime Time,Last Chance,,,
nebraska,turnips,Turnip,,,,,,,Starting Now,Prime Time,Prime Time,Prime Time,Prime Time,Last Chance
nebraska,watercress,?,,,,Starting Now,Prime Time,Prime Time,Last Chance,,,,,
nebraska,watermelon,Watermelon,,,,,,,Starting Now,Prime Time,Prime Time,Last Chance,,
nebraska,winter-squash,Winter squash,,,,Starting Now,Prime Time,Prime Time,Prime Time,Prime Time,Prime Time,Prime Time,Prime Time,Last Chance
nebraska,zucchini,Zucchini,,,,,,Starting Now,Prime Time,Prime Time,Prime Time,Last Chance,,
nevada,apples,Apple,,,,,,,,Starting Now,Prime Time,Last Chance,,
nevada,apricots,Apricot,,,,,,Starting Now,Prime Time,Last Chance,,,,
nevada,arugula,Rocket,,,,Starting Now,Prime Time,Prime Time,Last Chance,,Starting Now,Last Chance,,
nevada,asian-pears,?,,,,,,,,Starting Now,Last Chance,,,
nevada,asparagus,Asparagus,,,Starting Now,Prime Time,Prime Time,Last Chance,,,,,,
nevada,basil,-,,,,,Starting Now,Prime Time,Prime Time,Prime Time,Prime Time,Last Chance,,
nevada,beets,Beetroot,,,,,Starting Now,Prime Time,Prime Time,Prime Time,Prime Time,Prime Time,Prime Time,Last Chance
nevada,black-eyed-peas,-,,,,,Starting Now,Prime Time,Prime Time,Prime Time,Prime Time,Last Chance,,
nevada,blackberries,Blackberry,,,,,,,Starting Now,Prime Time,Last Chance,,,
nevada,blueberries,Blueberry,,,,,,,,Starting Now,Last Chance,,,
nevada,bok-choy,Bok Choy?,,,,,,,,Starting Now,Prime Time,Last Chance,,
nevada,boysenberries,?,,,,,,Starting Now,Prime Time,Prime Time,Prime Time,Last Chance,,
nevada,brambles,--BROAD-CATEGORY--,,,,,,Starting Now,Prime Time,Prime Time,Prime Time,Last Chance,,
nevada,broccoli,Broccoli,,,,Starting Now,Last Chance,,Starting Now,Prime Time,Last Chance,,Starting Now,Last Chance
nevada,brussels-sprouts,Brussels sprouts,,,,Starting Now,Last Chance,,,,Prime Time,,Starting Now,Last Chance
nevada,cabbage,White cabbage,,,,Starting Now,Last Chance,,Starting Now,Prime Time,Last Chance,,,
nevada,cantaloupe,Cantaloupe?,,,,,,,Starting Now,Prime Time,Prime Time,Prime Time,Last Chance,
nevada,cardoons,Cardoon?,,,,,,,,,,Starting Now,Prime Time,Last Chance
nevada,carrots,Carrot,Prime Time,Prime Time,Prime Time,Prime Time,Prime Time,Prime Time,Prime Time,Prime Time,Prime Time,Prime Time,Prime Time,Prime Time
nevada,cauliflower,Cauliflower,,,,,Starting Now,Prime Time,Prime Time,Prime Time,Last Chance,,Prime Time,
nevada,celery,Celery,,,,,,Starting Now,Prime Time,Prime Time,Prime Time,Last Chance,,
nevada,celery-root,-,,,,,,,,,Starting Now,Last Chance,,
nevada,chard,Swiss chard?,Prime Time,Prime Time,Prime Time,Prime Time,Prime Time,Last Chance,,,Starting Now,Prime Time,Prime Time,Prime Time
nevada,cherries,Cherry,,,,,,Prime Time,,,,,,
nevada,chicories,?,,,,,,,,,Starting Now,Prime Time,Last Chance,
nevada,chili-peppers,-,,,,,,,,Starting Now,Prime Time,Last Chance,,
nevada,chives,-,,,Starting Now,Prime Time,Prime Time,Prime Time,Prime Time,Prime Time,Prime Time,Last Chance,,
nevada,cilantro,-,,,,,,Starting Now,Prime Time,Prime Time,Prime Time,Last Chance,,
nevada,collard-greens,Collard greens?,,,,,,,Starting Now,Prime Time,Prime Time,Last Chance,,
nevada,corn,Corn,,,,,,,Starting Now,Prime Time,Prime Time,Last Chance,,
nevada,cucumbers,Cucumber,,,,,,Starting Now,Prime Time,Prime Time,Prime Time,Last Chance,,
nevada,currants,Currants,,,,,,Prime Time,,,,,,
nevada,eggplant,Aubergine,,,,,,Starting Now,Prime Time,Prime Time,Prime Time,Prime Time,Last Chance,
nevada,endive,Endive,,,,,,,,,Starting Now,Prime Time,Last Chance,
nevada,fava-beans,-,,,,,Prime Time,,,,,,,
nevada,fennel,Fennel,,,,,,Starting Now,Prime Time,Prime Time,Last Chance,,,
nevada,figs,Fig,,,,,,,,Starting Now,Prime Time,Last Chance,,
nevada,garlic,-,,,,,Starting Now,Prime Time,Prime Time,Prime Time,Prime Time,Prime Time,Prime Time,Last Chance
nevada,garlic-scapes,-,,,,,Starting Now,Last Chance,,,,,,
nevada,gooseberries,Gooseberries,,,,,,,Starting Now,Last Chance,,,,
nevada,grapes,Grapes,,,,,,,Starting Now,Prime Time,Last Chance,,,
nevada,green-beans,Green bean,,,,,Starting Now,Prime Time,Prime Time,Prime Time,Prime Time,Prime Time,Last Chance,
nevada,green-onions,-,,Starting Now,Prime Time,Prime Time,Prime Time,Prime Time,Prime Time,Prime Time,Prime Time,Prime Time,Last Chance,
nevada,ground-cherries,-,,,,,,Starting Now,Prime Time,Prime Time,Last Chance,,Prime Time,
nevada,horseradish,Horseradish?,Prime Time,Prime Time,Prime Time,Last Chance,,,,,,Starting Now,Prime Time,Prime Time
nevada,kale,Kale,Prime Time,Prime Time,Prime Time,Prime Time,Prime Time,Prime Time,Prime Time,Prime Time,Last Chance,,Starting Now,Prime Time
nevada,kohlrabi,Kohlrabi,,,,,,,Starting Now,Prime Time,Last Chance,,,
nevada,lamb's-quarters,-,,,Starting Now,Prime Time,Prime Time,Prime Time,Prime Time,Prime Time,Prime Time,Prime Time,Last Chance,
nevada,lavender,-,,,,,,,Starting Now,Prime Time,Prime Time,Last Chance,,
nevada,leeks,Leek,Prime Time,Prime Time,Prime Time,Prime Time,Prime Time,Last Chance,,Starting Now,Prime Time,Prime Time,Prime Time,Prime Time
nevada,lettuce,Lettuce,Prime Time,Prime Time,Prime Time,Prime Time,Prime Time,Prime Time,Prime Time,Prime Time,Prime Time,Prime Time,Prime Time,Prime Time
nevada,lima-beans,-,,,,,,,,,Prime Time,,,
nevada,melons,--BROAD-CATEGORY--,,,,,,,Starting Now,Prime Time,Prime Time,Prime Time,Last Chance,
nevada,mint,-,,,,,Starting Now,Prime Time,Prime Time,Prime Time,Prime Time,Last Chance,,
nevada,morels,-,,,,Starting Now,Prime Time,Last Chance,,,,,,
nevada,mushrooms,-,,,Starting Now,Prime Time,Prime Time,Prime Time,Prime Time,Prime Time,Prime Time,Prime Time,Last Chance,
nevada,mustard-greens,-,,,,,,,Starting Now,Prime Time,Prime Time,Last Chance,,
nevada,nectarines,Nectarine,,,,,,,Starting Now,Prime Time,Last Chance,,,
nevada,nettles,-,,,,Starting Now,Prime Time,Last Chance,,,,,,
nevada,nopales,Prickly pear,,,,,,,,,Starting Now,Prime Time,Prime Time,Last Chance
nevada,okra,Okra?,,,,,,Starting Now,Prime Time,Prime Time,Prime Time,Prime Time,Last Chance,
nevada,onions,-,,,Starting Now,Prime Time,Prime Time,Prime Time,Prime Time,Prime Time,Prime Time,Prime Time,Prime Time,Last Chance
nevada,oregano,-,,,,,,,,Starting Now,Last Chance,,,
nevada,parsley,-,,,,,,Starting Now,Prime Time,Prime Time,Prime Time,Last Chance,,
nevada,parsnips,Parsnip,Prime Time,Prime Time,Last Chance,,,Starting Now,Prime Time,Prime Time,Prime Time,Prime Time,Prime Time,Prime Time
nevada,pea-shoots,?,,,Starting Now,Prime Time,Last Chance,,,,,,,
nevada,peaches,Peach,,,,,,,Starting Now,Prime Time,Last Chance,,,
nevada,pears,Pear,,,,,,,,Starting Now,Prime Time,Last Chance,,
nevada,peas,Peas,,,,Starting Now,Prime Time,Last Chance,,,,,Starting Now,Last Chance
nevada,peppers,--BROAD-CATEGORY--,,,,,,Starting Now,Prime Time,Prime Time,Prime Time,Prime Time,Last Chance,
nevada,plums,Plum,,,,,,,Starting Now,Last Chance,,,,
nevada,pomegranates,Pomegranate,Last Chance,,,,,,,,,Starting Now,Prime Time,Prime Time
nevada,potatoes,Potato,,,,,,Starting Now,Prime Time,Prime Time,Prime Time,Prime Time,Last Chance,
nevada,pumpkin,Pumpkin,,,,,,,Starting Now,Prime Time,Prime Time,Prime Time,Last Chance,
nevada,purslane,-,,,Starting Now,Prime Time,Prime Time,Prime Time,Prime Time,Prime Time,Prime Time,Prime Time,Last Chance,
nevada,quince,-,,,,,,,,,,Starting Now,Last Chance,
nevada,radicchio,Radicchio?,,,,,,,,Starting Now,Prime Time,Prime Time,Last Chance,
nevada,radishes,Radish?,,Starting Now,Prime Time,Prime Time,Prime Time,Last Chance,,,,Starting Now,Prime Time,Last Chance
nevada,rapini,Rapini,,,,,,,,,Starting Now,Last Chance,,
nevada,raspberries,Raspberry,,,,,,,Starting Now,Prime Time,Prime Time,Last Chance,,
nevada,rhubarb,Rhubarb?,,,Starting Now,Prime Time,Prime Time,Prime Time,Prime Time,Prime Time,Prime Time,Prime Time,Last Chance,
nevada,rosemary,-,,,,Starting Now,Prime Time,Prime Time,Prime Time,Prime Time,Prime Time,Prime Time,Last Chance,
nevada,rutabaga,?,,,,,,,,,,Starting Now,Last Chance,
nevada,sage,-,,,,,Starting Now,Prime Time,Prime Time,Prime Time,Prime Time,Last Chance,,
nevada,salsify,-,Last Chance,,,,,,,,,Starting Now,Prime Time,Prime Time
nevada,shallots,?,,,,,Starting Now,Prime Time,Last Chance,,,,,
nevada,shell-beans,-,,,,,,,,,Prime Time,,,
nevada,snap-peas,?,,,Starting Now,Prime Time,Prime Time,Prime Time,Last Chance,,,,,
nevada,snow-peas,?,,,Starting Now,Prime Time,Prime Time,Prime Time,Last Chance,,,,,
nevada,sorrel,-,,,Starting Now,Prime Time,Prime Time,Last Chance,,,Starting Now,Prime Time,Last Chance,
nevada,spinach,Spinach,Prime Time,Prime Time,Prime Time,Prime Time,Prime Time,Last Chance,,,Starting Now,Prime Time,Prime Time,Prime Time
nevada,sprouts,-,Prime Time,Prime Time,Prime Time,Prime Time,Prime Time,Prime Time,Prime Time,Prime Time,Prime Time,Prime Time,Prime Time,Prime Time
nevada,strawberries,Strawberry,,,,,Starting Now,Prime Time,Prime Time,Prime Time,Prime Time,Last Chance,,
nevada,summer-squash,Summer squash,,,,,,Starting Now,Prime Time,Prime Time,Last Chance,,,
nevada,sunchokes,-,,,,,,,,,Starting Now,Prime Time,Last Chance,
nevada,sweet-potatoes,Sweet potato,,,,,,,Starting Now,Prime Time,Prime Time,Prime Time,Last Chance,
nevada,tarragon,-,,,,Starting Now,Prime Time,Last Chance,,,,,,
nevada,thyme,-,,,,Starting Now,Prime Time,Prime Time,Prime Time,Prime Time,Prime Time,Prime Time,Last Chance,
nevada,tomatillos,?,,,,,,Starting Now,Prime Time,Prime Time,Last Chance,,Prime Time,
nevada,tomatoes,Tomato,,,,,,Starting Now,Prime Time,Prime Time,Prime Time,Prime Time,Last Chance,
nevada,turnips,Turnip,,,Starting Now,Prime Time,Prime Time,Prime Time,Prime Time,Prime Time,Prime Time,Prime Time,Prime Time,Last Chance
nevada,watercress,?,,,,Starting Now,Prime Time,Prime Time,Last Chance,,,,,
nevada,watermelon,Watermelon,,,,,,Starting Now,Prime Time,Prime Time,Prime Time,Prime Time,Last Chance,
nevada,winter-squash,Winter squash,,,,,,,Starting Now,Prime Time,Prime Time,Prime Time,Prime Time,Last Chance
nevada,zucchini,Zucchini,,,,,Starting Now,Prime Time,Prime Time,Prime Time,Prime Time,Prime Time,Last Chance,
new-hampshire,apples,Apple,,,,,,,,Starting Now,Prime Time,Last Chance,,
new-hampshire,apricots,Apricot,,,,,,,Starting Now,Last Chance,,,,
new-hampshire,arugula,Rocket,,,,Starting Now,Prime Time,Last Chance,,,Starting Now,Prime Time,Last Chance,
new-hampshire,asian-pears,?,,,,,,,,Starting Now,Prime Time,Last Chance,,
new-hampshire,asparagus,Asparagus,,,,,Starting Now,Prime Time,Last Chance,,,,,
new-hampshire,basil,-,,,,,,,Starting Now,Prime Time,Last Chance,,,
new-hampshire,beets,Beetroot,,,,,,,Starting Now,Prime Time,Prime Time,Last Chance,,
new-hampshire,black-eyed-peas,-,,,,,,Starting Now,Last Chance,,,,,
new-hampshire,blackberries,Blackberry,,,,,,,Starting Now,Last Chance,,,,
new-hampshire,blueberries,Blueberry,,,,,,,Starting Now,Prime Time,Last Chance,,,
new-hampshire,bok-choy,Bok Choy?,,,,,,,Starting Now,Prime Time,Last Chance,,,
new-hampshire,boysenberries,?,,,,,,Starting Now,Last Chance,,,,,
new-hampshire,brambles,--BROAD-CATEGORY--,,,,,,Starting Now,Prime Time,Last Chance,,,,
new-hampshire,broccoli,Broccoli,,,,,,Starting Now,Prime Time,Prime Time,Last Chance,,,
new-hampshire,brussels-sprouts,Brussels sprouts,,,,,,,,Starting Now,Prime Time,Prime Time,Prime Time,Last Chance
new-hampshire,cabbage,White cabbage,,,,,,,Starting Now,Prime Time,Prime Time,Last Chance,,
new-hampshire,cantaloupe,Cantaloupe?,,,,,,,Starting Now,Prime Time,Last Chance,,,
new-hampshire,cardoons,Cardoon?,,,,,,,,,,Starting Now,Prime Time,Last Chance
new-hampshire,carrots,Carrot,,,,,,,Starting Now,Prime Time,Last Chance,,,
new-hampshire,cauliflower,Cauliflower,,,,,,,Starting Now,Prime Time,Prime Time,Last Chance,,
new-hampshire,celery,Celery,,,,,,,,Starting Now,Last Chance,,,
new-hampshire,celery-root,-,,,,,,,,Starting Now,Last Chance,,,
new-hampshire,chard,Swiss chard?,,,,,,Starting Now,Prime Time,Prime Time,Last Chance,,,
new-hampshire,cherries,Cherry,,,,,,Starting Now,Last Chance,,,,,
new-hampshire,chicories,?,,,,,Starting Now,Prime Time,Prime Time,Prime Time,Last Chance,,,
new-hampshire,chili-peppers,-,,,,,,Starting Now,Prime Time,Prime Time,Last Chance,,,
new-hampshire,chives,-,,,Starting Now,Prime Time,Prime Time,Prime Time,Prime Time,Prime Time,Prime Time,Last Chance,,
new-hampshire,cilantro,-,,,,,,,,Starting Now,Prime Time,Prime Time,Last Chance,
new-hampshire,collard-greens,Collard greens?,Prime Time,Prime Time,Prime Time,Prime Time,Prime Time,Prime Time,Prime Time,Prime Time,Prime Time,Prime Time,Prime Time,Prime Time
new-hampshire,corn,Corn,,,,,,,Starting Now,Prime Time,Last Chance,,,
new-hampshire,cranberries,-,,,,,,,,,,Starting Now,Prime Time,Last Chance
new-hampshire,cucumbers,Cucumber,,,,,,,Starting Now,Prime Time,Last Chance,,,
new-hampshire,currants,Currants,,,,,,Starting Now,Prime Time,Last Chance,,,,
new-hampshire,eggplant,Aubergine,,,,,,,,Starting Now,Last Chance,,,
new-hampshire,endive,Endive,,,,,Starting Now,Prime Time,Prime Time,Prime Time,Last Chance,,,
new-hampshire,fiddleheads,Fiddleheads,,,,,Prime Time,,,,,,,
new-hampshire,garlic,-,,,,,,,Starting Now,Last Chance,,,,
new-hampshire,garlic-scapes,-,,,,,,Prime Time,,,,,,
new-hampshire,gooseberries,Gooseberries,,,,,,,Starting Now,Last Chance,,,,
new-hampshire,grapes,Grapes,,,,,,,,,Starting Now,Last Chance,,
new-hampshire,green-beans,Green bean,,,,,,,Starting Now,Prime Time,Last Chance,,,
new-hampshire,green-onions,-,,,,,Starting Now,Prime Time,Prime Time,Prime Time,Prime Time,Last Chance,,
new-hampshire,ground-cherries,-,,,,,,,Starting Now,Prime Time,Last Chance,,,
new-hampshire,horseradish,Horseradish?,Prime Time,Prime Time,Prime Time,Last Chance,,,,,,Starting Now,Prime Time,Prime Time
new-hampshire,kale,Kale,,,,,,Starting Now,Prime Time,Prime Time,Prime Time,Prime Time,Last Chance,
new-hampshire,kohlrabi,Kohlrabi,,,,,,,Starting Now,Prime Time,Prime Time,Last Chance,,
new-hampshire,lamb's-quarters,-,,,,,,Starting Now,Prime Time,Prime Time,Prime Time,Prime Time,Last Chance,
new-hampshire,lavender,-,,,,,,,Starting Now,Prime Time,Prime Time,Last Chance,,
new-hampshire,leeks,Leek,,,,,,,,Starting Now,Prime Time,Prime Time,Last Chance,
new-hampshire,lettuce,Lettuce,,,,,,Starting Now,Prime Time,Prime Time,Last Chance,,,
new-hampshire,lima-beans,-,,,,,,,Starting Now,Last Chance,,,,
new-hampshire,melons,--BROAD-CATEGORY--,,,,,,,,Starting Now,Last Chance,,,
new-hampshire,mint,-,,,,,,Starting Now,Prime Time,Prime Time,Prime Time,Last Chance,,
new-hampshire,morels,-,,,Starting Now,Prime Time,Last Chance,,,,,,,
new-hampshire,mushrooms,-,Prime Time,Prime Time,Prime Time,Prime Time,Prime Time,Prime Time,Prime Time,Prime Time,Prime Time,Prime Time,Prime Time,Prime Time
new-hampshire,mustard-greens,-,,,,,,Starting Now,Prime Time,Prime Time,Prime Time,Prime Time,Last Chance,
new-hampshire,nectarines,Nectarine,,,,,,,Starting Now,Last Chance,,,,
new-hampshire,nettles,-,,,Starting Now,Prime Time,Last Chance,,,,,,,
new-hampshire,onions,-,,,,,,,Starting Now,Prime Time,Prime Time,Last Chance,,
new-hampshire,oregano,-,,,,,,Starting Now,Prime Time,Prime Time,Prime Time,Last Chance,,
new-hampshire,parsley,-,,,,,,Starting Now,Prime Time,Prime Time,Last Chance,,,
new-hampshire,parsnips,Parsnip,,,Starting Now,Last Chance,,,,Starting Now,Prime Time,Prime Time,Last Chance,
new-hampshire,pawpaw,Pawpaw?,,,,,,,,,,Prime Time,,
new-hampshire,pea-shoots,?,,,,,Starting Now,Last Chance,,,,,,
new-hampshire,peaches,Peach,,,,,,,,Starting Now,Last Chance,,,
new-hampshire,pears,Pear,,,,,,,,Starting Now,Prime Time,Last Chance,,
new-hampshire,peas,Peas,,,,,,Starting Now,Prime Time,Last Chance,,,,
new-hampshire,peppers,--BROAD-CATEGORY--,,,,,,,,Starting Now,Last Chance,,,
new-hampshire,plums,Plum,,,,,,,Starting Now,Last Chance,,,,
new-hampshire,potatoes,Potato,,,,,,,Starting Now,Prime Time,Prime Time,Last Chance,,
new-hampshire,pumpkin,Pumpkin,,,,,,,,,Starting Now,Last Chance,,
new-hampshire,purslane,-,,,,,,Starting Now,Prime Time,Prime Time,Prime Time,Prime Time,Last Chance,
new-hampshire,quince,-,,,,,,,,,,Starting Now,Last Chance,
new-hampshire,radicchio,Radicchio?,,,,,Starting Now,Prime Time,Prime Time,Prime Time,Last Chance,,,
new-hampshire,radishes,Radish?,,,,,Starting Now,Prime Time,Prime Time,Prime Time,Prime Time,Prime Time,Last Chance,
new-hampshire,ramps,-,,,,Starting Now,Prime Time,Last Chance,,,,,,
new-hampshire,rapini,Rapini,Prime Time,Last Chance,,,Starting Now,Last Chance,,,,Starting Now,Prime Time,Prime Time
new-hampshire,raspberries,Raspberry,,,,,,,Starting Now,Prime Time,Last Chance,,,
new-hampshire,rhubarb,Rhubarb?,,,,,,Prime Time,,,,,,
new-hampshire,rosemary,-,,,,Starting Now,Prime Time,Prime Time,Prime Time,Prime Time,Prime Time,Prime Time,Last Chance,
new-hampshire,rutabaga,?,Prime Time,Prime Time,Prime Time,Last Chance,,Starting Now,Prime Time,Prime Time,Prime Time,Prime Time,Prime Time,Prime Time
new-hampshire,sage,-,,,,,,Starting Now,Prime Time,Prime Time,Prime Time,Last Chance,,
new-hampshire,salsify,-,Last Chance,,,,,,,,,Starting Now,Prime Time,Prime Time
new-hampshire,shallots,?,,,,,,,,Starting Now,Last Chance,,,
new-hampshire,shell-beans,-,,,,,,,Starting Now,Last Chance,,,,
new-hampshire,snap-peas,?,,,,,,Starting Now,Prime Time,Last Chance,,,,
new-hampshire,snow-peas,?,,,,,,Starting Now,Prime Time,Last Chance,,,,
new-hampshire,sorrel,-,,,,,,Starting Now,Prime Time,Prime Time,Prime Time,Prime Time,Last Chance,
new-hampshire,spinach,Spinach,,,,,,Starting Now,Prime Time,Prime Time,Prime Time,Prime Time,Last Chance,
new-hampshire,sprouts,-,Prime Time,Prime Time,Prime Time,Prime Time,Prime Time,Prime Time,Prime Time,Prime Time,Prime Time,Prime Time,Prime Time,Prime Time
new-hampshire,strawberries,Strawberry,,,,,,Starting Now,Prime Time,Prime Time,Last Chance,,,
new-hampshire,summer-squash,Summer squash,,,,,,,Starting Now,Prime Time,Last Chance,,,
new-hampshire,sunchokes,-,,,,,,,Starting Now,Last Chance,,,,
new-hampshire,sweet-potatoes,Sweet potato,,,,,,,,,Starting Now,Last Chance,,
new-hampshire,tarragon,-,,,,Starting Now,Prime Time,Last Chance,,,,,,
new-hampshire,thyme,-,,,,Starting Now,Prime Time,Prime Time,Prime Time,Prime Time,Prime Time,Prime Time,Last Chance,
new-hampshire,tomatillos,?,,,,,,,Starting Now,Prime Time,Last Chance,,,
new-hampshire,tomatoes,Tomato,,,,,,,Starting Now,Prime Time,Last Chance,,,
new-hampshire,turnips,Turnip,,,,,,Starting Now,Prime Time,Prime Time,Prime Time,Last Chance,,
new-hampshire,watercress,?,,,,Starting Now,Prime Time,Prime Time,Last Chance,,,,,
new-hampshire,watermelon,Watermelon,,,,,,,,Starting Now,Last Chance,,,
new-hampshire,winter-squash,Winter squash,,,,,,,,Starting Now,Prime Time,Last Chance,,
new-hampshire,zucchini,Zucchini,,,,,,,Starting Now,Prime Time,Last Chance,,,
new-jersey,apples,Apple,,,,,,,Starting Now,Prime Time,Prime Time,Last Chance,,
new-jersey,arugula,Rocket,,,,,Starting Now,Prime Time,Prime Time,Prime Time,Last Chance,,,
new-jersey,asparagus,Asparagus,,,,Starting Now,Prime Time,Last Chance,,,,,,
new-jersey,basil,-,,,,,,,Starting Now,Prime Time,Last Chance,,,
new-jersey,beets,Beetroot,,,,,,Starting Now,Prime Time,Prime Time,Prime Time,Prime Time,Last Chance,
new-jersey,black-eyed-peas,-,,,,,,Starting Now,Last Chance,,,,,
new-jersey,blackberries,Blackberry,,,,,,,Starting Now,Last Chance,,,,
new-jersey,blueberries,Blueberry,,,,,,Starting Now,Prime Time,Last Chance,,,,
new-jersey,bok-choy,Bok Choy?,,,,,,,,,,Prime Time,,
new-jersey,brambles,--BROAD-CATEGORY--,,,,,,,Starting Now,Last Chance,,,,
new-jersey,broccoli,Broccoli,,,,,,Starting Now,Prime Time,Prime Time,Prime Time,Last Chance,,
new-jersey,brussels-sprouts,Brussels sprouts,,,,,,,,,Starting Now,Prime Time,Last Chance,
new-jersey,cabbage,White cabbage,,,,,,Starting Now,Prime Time,Prime Time,Prime Time,Prime Time,Last Chance,
new-jersey,cantaloupe,Cantaloupe?,,,,,,,,Starting Now,Last Chance,,,
new-jersey,cardoons,Cardoon?,,,,,,,,,,Starting Now,Prime Time,Last Chance
new-jersey,carrots,Carrot,,,,,,Starting Now,Prime Time,Prime Time,Last Chance,,,
new-jersey,cauliflower,Cauliflower,,,,,,,,,Starting Now,Prime Time,Prime Time,Last Chance
new-jersey,celery,Celery,,,,,,,,Starting Now,Prime Time,Last Chance,,
new-jersey,celery-root,-,,,,,,,,,Starting Now,Prime Time,Last Chance,
new-jersey,chard,Swiss chard?,,,,,Starting Now,Prime Time,Prime Time,Prime Time,Prime Time,Prime Time,Last Chance,
new-jersey,cherries,Cherry,,,,,,Prime Time,,,,,,
new-jersey,chicories,?,,,,,,,,,Starting Now,Last Chance,,
new-jersey,chili-peppers,-,,,,,,,Starting Now,Prime Time,Last Chance,,,
new-jersey,chives,-,,,Starting Now,Prime Time,Prime Time,Prime Time,Prime Time,Prime Time,Prime Time,Last Chance,,
new-jersey,cilantro,-,,,,,,,Starting Now,Prime Time,Last Chance,,,
new-jersey,collard-greens,Collard greens?,,,,,Starting Now,Prime Time,Prime Time,Prime Time,Prime Time,Prime Time,Last Chance,
new-jersey,corn,Corn,,,,,,,Starting Now,Prime Time,Last Chance,,,
new-jersey,cranberries,-,,,,,,,,,Starting Now,Prime Time,Last Chance,
new-jersey,cucumbers,Cucumber,,,,,,Starting Now,Prime Time,Prime Time,Last Chance,,,
new-jersey,currants,Currants,,,,,,Starting Now,Prime Time,Last Chance,,,,
new-jersey,eggplant,Aubergine,,,,,,,Starting Now,Prime Time,Prime Time,Last Chance,,
new-jersey,endive,Endive,,,,,,,,,Starting Now,Last Chance,,
new-jersey,fava-beans,-,,,,,Starting Now,Last Chance,,,,,,
new-jersey,fennel,Fennel,,,,,,,,,,Starting Now,Last Chance,
new-jersey,fiddleheads,Fiddleheads,,,,Starting Now,Last Chance,,,,,,,
new-jersey,garlic,-,,,,,,,Starting Now,Prime Time,Prime Time,Last Chance,,
new-jersey,garlic-scapes,-,,,,,Starting Now,Last Chance,,,,,,
new-jersey,gooseberries,Gooseberries,,,,,,Starting Now,Last Chance,,,,,
new-jersey,grapes,Grapes,,,,,,,,Starting Now,Last Chance,,,
new-jersey,green-beans,Green bean,,,,,,Starting Now,Prime Time,Prime Time,Last Chance,,,
new-jersey,green-onions,-,,,,,Starting Now,Prime Time,Prime Time,Prime Time,Last Chance,,,
new-jersey,ground-cherries,-,,,,,,,Starting Now,Prime Time,Prime Time,Last Chance,,
new-jersey,horseradish,Horseradish?,Prime Time,Prime Time,Prime Time,Last Chance,,,,,,Starting Now,Prime Time,Prime Time
new-jersey,kale,Kale,Prime Time,Prime Time,Prime Time,Last Chance,,,,,,Starting Now,Prime Time,Prime Time
new-jersey,kohlrabi,Kohlrabi,,,,,,Starting Now,Last Chance,,Starting Now,Last Chance,,
new-jersey,lamb's-quarters,-,,,,Starting Now,Prime Time,Prime Time,Prime Time,Prime Time,Prime Time,Last Chance,,
new-jersey,lavender,-,,,,,,,Starting Now,Prime Time,Prime Time,Last Chance,,
new-jersey,leeks,Leek,,,,,,,,Starting Now,Prime Time,Prime Time,Prime Time,Last Chance
new-jersey,lettuce,Lettuce,,,,,Starting Now,Prime Time,Prime Time,Prime Time,Prime Time,Prime Time,Last Chance,
new-jersey,lima-beans,-,,,,,,,Starting Now,Prime Time,Prime Time,Last Chance,,
new-jersey,melons,--BROAD-CATEGORY--,,,,,,,Starting Now,Prime Time,Prime Time,Last Chance,,
new-jersey,mint,-,,,Starting Now,Prime Time,Prime Time,Prime Time,Prime Time,Last Chance,,,,
new-jersey,morels,-,,,Starting Now,Prime Time,Last Chance,,,,,,,
new-jersey,mushrooms,-,,,Starting Now,Prime Time,Prime Time,Prime Time,Prime Time,Prime Time,Prime Time,Prime Time,Last Chance,
new-jersey,mustard-greens,-,,,,,,Starting Now,Prime Time,Prime Time,Prime Time,Prime Time,Last Chance,
new-jersey,nectarines,Nectarine,,,,,,,Starting Now,Prime Time,Last Chance,,,
new-jersey,nettles,-,,,Starting Now,Prime Time,Last Chance,,,,,,,
new-jersey,okra,Okra?,,,,,,,Starting Now,Prime Time,Prime Time,Last Chance,,
new-jersey,onions,-,,,,,,Starting Now,Prime Time,Prime Time,Last Chance,,,
new-jersey,oregano,-,,,,,,Starting Now,Prime Time,Prime Time,Prime Time,Last Chance,,
new-jersey,parsley,-,,,,,,,Starting Now,Prime Time,Last Chance,,,
new-jersey,parsnips,Parsnip,,,,Starting Now,Prime Time,Last Chance,,,,Starting Now,Prime Time,Last Chance
new-jersey,pawpaw,Pawpaw?,,,,,,,,,Starting Now,Last Chance,,
new-jersey,pea-shoots,?,,,,Starting Now,Prime Time,Last Chance,,,,,,
new-jersey,peaches,Peach,,,,,,,Starting Now,Prime Time,Last Chance,,,
new-jersey,pears,Pear,,,,,,,,Starting Now,Last Chance,,,
new-jersey,peas,Peas,,,,,Starting Now,Prime Time,Last Chance,,,,,
new-jersey,peppers,--BROAD-CATEGORY--,,,,,,,Starting Now,Prime Time,Prime Time,Last Chance,,
new-jersey,plums,Plum,,,,,,,Starting Now,Last Chance,,,,
new-jersey,potatoes,Potato,,,,,,,Starting Now,Prime Time,Prime Time,Last Chance,,
new-jersey,pumpkin,Pumpkin,,,,,,,,,Starting Now,Last Chance,,
new-jersey,purslane,-,,,,Starting Now,Prime Time,Prime Time,Prime Time,Prime Time,Prime Time,Last Chance,,
new-jersey,quince,-,,,,,,,,,,Starting Now,Last Chance,
new-jersey,radicchio,Radicchio?,,,,,,,,,Starting Now,Last Chance,,
new-jersey,radishes,Radish?,,,,,Starting Now,Prime Time,Prime Time,Prime Time,Last Chance,,,
new-jersey,ramps,-,,,,Starting Now,Last Chance,,,,,,,
new-jersey,rapini,Rapini,,,,,,,,Starting Now,Prime Time,Prime Time,Last Chance,
new-jersey,raspberries,Raspberry,,,,,,,Starting Now,Prime Time,Prime Time,Last Chance,,
new-jersey,rhubarb,Rhubarb?,,,,,Starting Now,Prime Time,Last Chance,,,,,
new-jersey,rosemary,-,,,,,,Starting Now,Prime Time,Prime Time,Last Chance,,,
new-jersey,rutabaga,?,,,,,,,,Starting Now,Prime Time,Prime Time,Last Chance,
new-jersey,sage,-,,,,,,,Starting Now,Prime Time,Last Chance,,,
new-jersey,salsify,-,Last Chance,,,,,,,,,Starting Now,Prime Time,Prime Time
new-jersey,shallots,?,,,,,,Starting Now,Prime Time,Prime Time,Last Chance,,,
new-jersey,shell-beans,-,,,,,,,,,Starting Now,Prime Time,Last Chance,
new-jersey,snap-peas,?,,,,,,Starting Now,Prime Time,Prime Time,Last Chance,,,
new-jersey,snow-peas,?,,,,,,Starting Now,Prime Time,Prime Time,Last Chance,,,
new-jersey,sorrel,-,,,,Starting Now,Prime Time,Last Chance,,,,,,
new-jersey,spinach,Spinach,,,,Starting Now,Prime Time,Last Chance,,,,,,
new-jersey,sprouts,-,Prime Time,Prime Time,Prime Time,Prime Time,Prime Time,Prime Time,Prime Time,Prime Time,Prime Time,Prime Time,Prime Time,Prime Time
new-jersey,strawberries,Strawberry,,,,,Starting Now,Last Chance,,,,,,
new-jersey,summer-squash,Summer squash,,,,,,Starting Now,Prime Time,Prime Time,Last Chance,,,
new-jersey,sunchokes,-,Prime Time,,,,,,Prime Time,,,,,
new-jersey,sweet-potatoes,Sweet potato,,,,,,,,Starting Now,Last Chance,,,
new-jersey,tarragon,-,,,,,,,Starting Now,Prime Time,Last Chance,,,
new-jersey,thyme,-,,,,,,,Starting Now,Prime Time,Last Chance,,,
new-jersey,tomatillos,?,,,,,,,Starting Now,Prime Time,Prime Time,Last Chance,,
new-jersey,tomatoes,Tomato,,,,,,,Starting Now,Prime Time,Prime Time,Last Chance,,
new-jersey,turnips,Turnip,,,,,,,,Starting Now,Prime Time,Prime Time,Last Chance,
new-jersey,watercress,?,,,,Starting Now,Prime Time,Prime Time,Last Chance,,,,,
new-jersey,watermelon,Watermelon,,,,,,,,Starting Now,Prime Time,Last Chance,,
new-jersey,winter-squash,Winter squash,,,,,,,,Starting Now,Prime Time,Prime Time,Prime Time,Last Chance
new-jersey,zucchini,Zucchini,,,,,,Starting Now,Prime Time,Prime Time,Last Chance,,,
new-mexico,apples,Apple,,,,,,,,Starting Now,Prime Time,Prime Time,Prime Time,Last Chance
new-mexico,apricots,Apricot,,,,,,Starting Now,Last Chance,,,,,
new-mexico,arugula,Rocket,Prime Time,Prime Time,Prime Time,Prime Time,Prime Time,Prime Time,Prime Time,Prime Time,Prime Time,Prime Time,Prime Time,Prime Time
new-mexico,asparagus,Asparagus,,,,,Starting Now,Last Chance,,,,,,
new-mexico,basil,-,Prime Time,Prime Time,Prime Time,Prime Time,Prime Time,Prime Time,Prime Time,Prime Time,Prime Time,Prime Time,Prime Time,Prime Time
new-mexico,beets,Beetroot,Prime Time,Prime Time,Prime Time,Prime Time,Prime Time,Prime Time,Prime Time,Prime Time,Prime Time,Prime Time,Prime Time,Prime Time
new-mexico,black-eyed-peas,-,,,,,,Starting Now,Prime Time,Prime Time,Prime Time,Prime Time,Last Chance,
new-mexico,blackberries,Blackberry,,,,,,,Starting Now,Prime Time,Last Chance,,,
new-mexico,blueberries,Blueberry,,,,,,Starting Now,Last Chance,,,,,
new-mexico,bok-choy,Bok Choy?,Prime Time,Prime Time,Prime Time,Prime Time,Last Chance,,,,Starting Now,Prime Time,Prime Time,Prime Time
new-mexico,brambles,--BROAD-CATEGORY--,,,,,,,Starting Now,Prime Time,Last Chance,,,
new-mexico,broccoli,Broccoli,,,,,,Prime Time,,,Starting Now,Prime Time,Last Chance,
new-mexico,brussels-sprouts,Brussels sprouts,,,,,,,,,Starting Now,Prime Time,Last Chance,
new-mexico,cabbage,White cabbage,,,,,,Starting Now,Prime Time,Prime Time,Prime Time,Prime Time,Prime Time,Last Chance
new-mexico,cantaloupe,Cantaloupe?,,,,,,,Starting Now,Prime Time,Prime Time,Prime Time,Last Chance,
new-mexico,cardoons,Cardoon?,,,,,,,,,,Starting Now,Prime Time,Last Chance
new-mexico,carrots,Carrot,Prime Time,Prime Time,Last Chance,,,Starting Now,Prime Time,Prime Time,Prime Time,Prime Time,Prime Time,Prime Time
new-mexico,cauliflower,Cauliflower,,,,,,,,,Starting Now,Last Chance,,
new-mexico,celery,Celery,Starting Now,Prime Time,Prime Time,Prime Time,Last Chance,,,Starting Now,Prime Time,Prime Time,Last Chance,
new-mexico,celery-root,-,,,,,,,,,Starting Now,Prime Time,Last Chance,
new-mexico,chard,Swiss chard?,Prime Time,Prime Time,Prime Time,Prime Time,Prime Time,Last Chance,,,,Starting Now,Prime Time,Prime Time
new-mexico,cherries,Cherry,,,,,,,Prime Time,,,,,
new-mexico,chicories,?,,,,,,,,,Starting Now,Prime Time,Last Chance,
new-mexico,chili-peppers,-,Prime Time,Prime Time,Prime Time,Prime Time,Prime Time,Prime Time,Prime Time,Prime Time,Prime Time,Prime Time,Prime Time,Prime Time
new-mexico,chives,-,,,Starting Now,Prime Time,Prime Time,Prime Time,Prime Time,Prime Time,Prime Time,Last Chance,,
new-mexico,cilantro,-,Prime Time,Prime Time,Prime Time,Prime Time,Prime Time,Prime Time,Prime Time,Prime Time,Prime Time,Prime Time,Prime Time,Prime Time
new-mexico,collard-greens,Collard greens?,Prime Time,Prime Time,Prime Time,Prime Time,Prime Time,Prime Time,Prime Time,Prime Time,Prime Time,Prime Time,Prime Time,Prime Time
new-mexico,corn,Corn,,,,,,,Starting Now,Prime Time,Prime Time,Last Chance,,
new-mexico,cucumbers,Cucumber,,,,,,,Starting Now,Prime Time,Prime Time,Last Chance,,
new-mexico,eggplant,Aubergine,,,,,,,Starting Now,Prime Time,Prime Time,Last Chance,,
new-mexico,endive,Endive,,,,,,,,,Starting Now,Prime Time,Last Chance,
new-mexico,fennel,Fennel,,,,,,,,Starting Now,Prime Time,Prime Time,Last Chance,
new-mexico,figs,Fig,,,,,,,,Starting Now,Last Chance,,,
new-mexico,garlic,-,Prime Time,Prime Time,Last Chance,,,,Starting Now,Prime Time,Prime Time,Prime Time,Prime Time,Prime Time
new-mexico,garlic-scapes,-,,,Starting Now,Last Chance,,,,,,,,
new-mexico,grapes,Grapes,,,,,,,,Starting Now,Prime Time,Last Chance,,
new-mexico,green-beans,Green bean,,,,,,Starting Now,Prime Time,Prime Time,Prime Time,Prime Time,Last Chance,
new-mexico,green-onions,-,,,,,,Starting Now,Prime Time,Prime Time,Prime Time,Prime Time,Last Chance,
new-mexico,ground-cherries,-,,,,,,,Starting Now,Prime Time,Prime Time,Last Chance,,
new-mexico,horseradish,Horseradish?,Prime Time,Prime Time,Prime Time,Last Chance,,,,,,Starting Now,Prime Time,Prime Time
new-mexico,kale,Kale,Prime Time,Prime Time,Prime Time,Prime Time,Prime Time,Last Chance,,,Starting Now,Prime Time,Prime Time,Prime Time
new-mexico,kohlrabi,Kohlrabi,,,,,,,Starting Now,Prime Time,Prime Time,Prime Time,Last Chance,
new-mexico,lamb's-quarters,-,,,Starting Now,Prime Time,Prime Time,Prime Time,Prime Time,Prime Time,Prime Time,Prime Time,Prime Time,Last Chance
new-mexico,lavender,-,,,,,,,Starting Now,Prime Time,Prime Time,Last Chance,,
new-mexico,leeks,Leek,,,,,,,Starting Now,Prime Time,Prime Time,Prime Time,Prime Time,Last Chance
new-mexico,lettuce,Lettuce,Prime Time,Prime Time,Prime Time,Prime Time,Prime Time,Prime Time,Prime Time,Prime Time,Prime Time,Prime Time,Prime Time,Prime Time
new-mexico,lima-beans,-,,,,,,Starting Now,Prime Time,Prime Time,Prime Time,Last Chance,,
new-mexico,melons,--BROAD-CATEGORY--,,,,,,,Starting Now,Prime Time,Prime Time,Last Chance,,
new-mexico,mint,-,Prime Time,Prime Time,Prime Time,Prime Time,Prime Time,Prime Time,Prime Time,Prime Time,Prime Time,Prime Time,Prime Time,Prime Time
new-mexico,morels,-,,,Starting Now,Prime Time,Last Chance,,,,,,,
new-mexico,mushrooms,-,,,Starting Now,Prime Time,Last Chance,,,,Starting Now,Prime Time,Last Chance,
new-mexico,mustard-greens,-,Prime Time,Prime Time,Prime Time,Prime Time,Prime Time,Last Chance,,,Starting Now,Prime Time,Prime Time,Prime Time
new-mexico,nectarines,Nectarine,,,,,,,Starting Now,Prime Time,Last Chance,,,
new-mexico,nopales,Prickly pear,,,,,,,,,Starting Now,Prime Time,Prime Time,Last Chance
new-mexico,okra,Okra?,,,,,,,Starting Now,Prime Time,Prime Time,Last Chance,,
new-mexico,onions,-,Prime Time,Prime Time,Last Chance,,,Starting Now,Prime Time,Prime Time,Prime Time,Prime Time,Prime Time,Prime Time
new-mexico,oregano,-,Prime Time,Prime Time,Prime Time,Prime Time,Prime Time,Prime Time,Prime Time,Prime Time,Prime Time,Prime Time,Prime Time,Prime Time
new-mexico,parsley,-,Prime Time,Prime Time,Prime Time,Prime Time,Prime Time,Prime Time,Prime Time,Prime Time,Prime Time,Prime Time,Prime Time,Prime Time
new-mexico,parsnips,Parsnip,,,,,,,,,Starting Now,Prime Time,Prime Time,Last Chance
new-mexico,pea-shoots,?,,Starting Now,Prime Time,Last Chance,,,,,,,,
new-mexico,peaches,Peach,,,,,,,Starting Now,Prime Time,Last Chance,,,
new-mexico,pears,Pear,,,,,,,,Starting Now,Prime Time,Last Chance,,
new-mexico,peas,Peas,,,,Starting Now,Prime Time,Prime Time,Last Chance,,Starting Now,Last Chance,,
new-mexico,pecans,-,,,,,,,,,Starting Now,Prime Time,Last Chance,
new-mexico,peppers,--BROAD-CATEGORY--,,,,,,,Starting Now,Prime Time,Prime Time,Last Chance,,
new-mexico,pistachios,-,,,,,,,,,Starting Now,Prime Time,Last Chance,
new-mexico,plums,Plum,,,,,,,Starting Now,Prime Time,Last Chance,,,
new-mexico,potatoes,Potato,Prime Time,Prime Time,Last Chance,,,,,Starting Now,Prime Time,Prime Time,Prime Time,Prime Time
new-mexico,pumpkin,Pumpkin,,,,,,,,Starting Now,Prime Time,Prime Time,Last Chance,
new-mexico,purslane,-,,,Starting Now,Prime Time,Prime Time,Prime Time,Prime Time,Prime Time,Prime Time,Prime Time,Prime Time,Last Chance
new-mexico,quince,-,,,,,,,,,,Starting Now,Last Chance,
new-mexico,radicchio,Radicchio?,,,,,,,,,Starting Now,Prime Time,Last Chance,
new-mexico,radishes,Radish?,Prime Time,Prime Time,Prime Time,Prime Time,Prime Time,Last Chance,,,Starting Now,Prime Time,Prime Time,Prime Time
new-mexico,rapini,Rapini,Prime Time,Prime Time,Prime Time,Prime Time,Prime Time,Last Chance,,Starting Now,Prime Time,Prime Time,Prime Time,Prime Time
new-mexico,raspberries,Raspberry,,,,,,,,Starting Now,Prime Time,Last Chance,,
new-mexico,rhubarb,Rhubarb?,,,,Starting Now,Prime Time,Last Chance,,,,,,
new-mexico,rosemary,-,Prime Time,Prime Time,Prime Time,Prime Time,Prime Time,Prime Time,Prime Time,Prime Time,Prime Time,Prime Time,Prime Time,Prime Time
new-mexico,rutabaga,?,,,,,,,,,Starting Now,Prime Time,Prime Time,Last Chance
new-mexico,sage,-,Prime Time,Prime Time,Prime Time,Prime Time,Prime Time,Prime Time,Prime Time,Prime Time,Prime Time,Prime Time,Prime Time,Prime Time
new-mexico,salsify,-,Last Chance,,,,,,,,,Starting Now,Prime Time,Prime Time
new-mexico,shallots,?,,,,,,Starting Now,Prime Time,Prime Time,Prime Time,Prime Time,Last Chance,
new-mexico,shell-beans,-,,,,,,Starting Now,Prime Time,Prime Time,Prime Time,Last Chance,,
new-mexico,snap-peas,?,,Starting Now,Prime Time,Prime Time,Prime Time,Prime Time,Last Chance,,,,,
new-mexico,snow-peas,?,,Starting Now,Prime Time,Prime Time,Prime Time,Prime Time,Last Chance,,,,,
new-mexico,sorrel,-,,,Starting Now,Prime Time,Prime Time,Prime Time,Prime Time,Prime Time,Prime Time,Prime Time,Prime Time,Last Chance
new-mexico,spinach,Spinach,Prime Time,Prime Time,Prime Time,Prime Time,Prime Time,Prime Time,Prime Time,Prime Time,Prime Time,Prime Time,Prime Time,Prime Time
new-mexico,sprouts,-,Prime Time,Prime Time,Prime Time,Prime Time,Prime Time,Prime Time,Prime Time,Prime Time,Prime Time,Prime Time,Prime Time,Prime Time
new-mexico,strawberries,Strawberry,,,,,,Starting Now,Last Chance,,,,,
new-mexico,summer-squash,Summer squash,,,,,,Starting Now,Prime Time,Prime Time,Last Chance,,,
new-mexico,sunchokes,-,Starting Now,Prime Time,Last Chance,,Starting Now,Prime Time,Last Chance,,,,,
new-mexico,sweet-potatoes,Sweet potato,Last Chance,,,,,,,,,Starting Now,Prime Time,Prime Time
new-mexico,tarragon,-,,,,Starting Now,Prime Time,Last Chance,,,,,,
new-mexico,thyme,-,,,,Starting Now,Prime Time,Prime Time,Prime Time,Prime Time,Prime Time,Prime Time,Last Chance,
new-mexico,tomatillos,?,,,,,,,Starting Now,Prime Time,Prime Time,Last Chance,,
new-mexico,tomatoes,Tomato,,,,,,,Starting Now,Prime Time,Prime Time,Last Chance,,
new-mexico,turnips,Turnip,,,,,Starting Now,Prime Time,Prime Time,Prime Time,Prime Time,Prime Time,Last Chance,
new-mexico,watercress,?,,,,Starting Now,Prime Time,Prime Time,Last Chance,,,,,
new-mexico,watermelon,Watermelon,,,,,,,Starting Now,Prime Time,Last Chance,,,
new-mexico,winter-squash,Winter squash,Prime Time,Last Chance,,,,,,,,Starting Now,Prime Time,Prime Time
new-mexico,zucchini,Zucchini,,,,,,Starting Now,Prime Time,Prime Time,Last Chance,,,
new-york,apples,Apple,,,,,,,Starting Now,Prime Time,Prime Time,Prime Time,Last Chance,
new-york,arugula,Rocket,,,,,Starting Now,Prime Time,Prime Time,Prime Time,Last Chance,,,
new-york,asparagus,Asparagus,,,,,Starting Now,Last Chance,,,,,,
new-york,basil,-,,,,,,,Starting Now,Prime Time,Prime Time,Last Chance,,
new-york,beets,Beetroot,,,,,,Starting Now,Prime Time,Prime Time,Prime Time,Prime Time,Last Chance,
new-york,black-eyed-peas,-,,,,,,Starting Now,Last Chance,,,,,
new-york,blackberries,Blackberry,,,,,,,,Starting Now,Last Chance,,,
new-york,blueberries,Blueberry,,,,,,,Starting Now,Prime Time,Last Chance,,,
new-york,bok-choy,Bok Choy?,,,,,,,,Starting Now,Last Chance,,Prime Time,
new-york,brambles,--BROAD-CATEGORY--,,,,,,,,Starting Now,Last Chance,,,
new-york,broccoli,Broccoli,,,,,,Starting Now,Prime Time,Prime Time,Prime Time,Prime Time,Last Chance,
new-york,brussels-sprouts,Brussels sprouts,,,,,,,,,Starting Now,Prime Time,Last Chance,
new-york,cabbage,White cabbage,,,,,,Starting Now,Prime Time,Prime Time,Prime Time,Prime Time,Prime Time,Last Chance
new-york,cantaloupe,Cantaloupe?,,,,,,,,Starting Now,Last Chance,,,
new-york,cardoons,Cardoon?,,,,,,,,,,Starting Now,Prime Time,Last Chance
new-york,carrots,Carrot,,,,,,,Starting Now,Prime Time,Prime Time,Prime Time,Last Chance,
new-york,cauliflower,Cauliflower,,,,,,,,Starting Now,Prime Time,Prime Time,Last Chance,
new-york,celery,Celery,,,,,,,,Starting Now,Prime Time,Prime Time,Last Chance,
new-york,celery-root,-,,,,,,,,Starting Now,Prime Time,Prime Time,Last Chance,
new-york,chard,Swiss chard?,,,,,Starting Now,Prime Time,Prime Time,Prime Time,Prime Time,Prime Time,Last Chance,
new-york,cherries,Cherry,,,,,,Starting Now,Last Chance,,,,,
new-york,chicories,?,,,,,,,,,Starting Now,Last Chance,,
new-york,chili-peppers,-,,,,,,Starting Now,Prime Time,Prime Time,Last Chance,,,
new-york,chives,-,,,Starting Now,Prime Time,Prime Time,Prime Time,Prime Time,Prime Time,Prime Time,Last Chance,,
new-york,cilantro,-,,,,,,,Starting Now,Prime Time,Prime Time,Last Chance,,
new-york,collard-greens,Collard greens?,,,,,,,Starting Now,Prime Time,Prime Time,Prime Time,Prime Time,Last Chance
new-york,corn,Corn,,,,,,,,Starting Now,Prime Time,Prime Time,Last Chance,
new-york,cranberries,-,,,,,,,,,,Starting Now,Prime Time,Last Chance
new-york,cucumbers,Cucumber,,,,,,,,Starting Now,Prime Time,Prime Time,Last Chance,
new-york,currants,Currants,,,,,,Starting Now,Prime Time,Last Chance,,,,
new-york,eggplant,Aubergine,,,,,,,,Starting Now,Prime Time,Prime Time,Last Chance,
new-york,endive,Endive,,,,,,,,,Starting Now,Last Chance,,
new-york,fava-beans,-,,,,,Starting Now,Last Chance,,,,,,
new-york,fennel,Fennel,,,,,,,,,,Starting Now,Last Chance,
new-york,fiddleheads,Fiddleheads,,,,Starting Now,Last Chance,,,,,,,
new-york,garlic,-,,,,,,Starting Now,Last Chance,,,,,
new-york,garlic-scapes,-,,,,,Starting Now,Last Chance,,,,,,
new-york,gooseberries,Gooseberries,,,,,,Prime Time,,,,,,
new-york,grapes,Grapes,,,,,,,,Starting Now,Prime Time,Last Chance,,
new-york,green-beans,Green bean,,,,,,,Starting Now,Prime Time,Prime Time,Last Chance,,
new-york,green-onions,-,,,,,Starting Now,Prime Time,Prime Time,Prime Time,Last Chance,,,
new-york,ground-cherries,-,,,,,,Starting Now,Prime Time,Prime Time,Prime Time,Last Chance,,
new-york,horseradish,Horseradish?,Prime Time,Prime Time,Prime Time,Last Chance,,,,,,Starting Now,Prime Time,Prime Time
new-york,kale,Kale,,,,,,,,,Starting Now,Prime Time,Last Chance,
new-york,kohlrabi,Kohlrabi,,,,,,Starting Now,Last Chance,,Starting Now,Last Chance,,
new-york,lamb's-quarters,-,,,,,Starting Now,Prime Time,Prime Time,Prime Time,Prime Time,Last Chance,,
new-york,lavender,-,,,,,,,Starting Now,Prime Time,Prime Time,Last Chance,,
new-york,leeks,Leek,,,,,,,,Starting Now,Prime Time,Last Chance,,
new-york,lettuce,Lettuce,,,,,Starting Now,Prime Time,Prime Time,Prime Time,Prime Time,Last Chance,,
new-york,lima-beans,-,,,,,,,,,Starting Now,Last Chance,,
new-york,melons,--BROAD-CATEGORY--,,,,,,,Starting Now,Prime Time,Prime Time,Last Chance,,
new-york,mint,-,,,,,,,Starting Now,Prime Time,Prime Time,Last Chance,,
new-york,morels,-,,,Starting Now,Prime Time,Last Chance,,,,,,,
new-york,mushrooms,-,,,Starting Now,Prime Time,Prime Time,Prime Time,Prime Time,Prime Time,Prime Time,Prime Time,Last Chance,
new-york,mustard-greens,-,,,,,,Starting Now,Prime Time,Prime Time,Prime Time,Prime Time,Last Chance,
new-york,nectarines,Nectarine,,,,,,,Starting Now,Prime Time,Last Chance,,,
new-york,nettles,-,,,Starting Now,Prime Time,Last Chance,,,,,,,
new-york,okra,Okra?,,,,,,,Starting Now,Prime Time,Prime Time,Last Chance,,
new-york,onions,-,,,,,,,Starting Now,Prime Time,Prime Time,Prime Time,Last Chance,
new-york,oregano,-,,,,,,,Starting Now,Prime Time,Prime Time,Last Chance,,
new-york,parsley,-,,,,,,,Starting Now,Prime Time,Prime Time,Last Chance,,
new-york,parsnips,Parsnip,,,,Starting Now,Last Chance,,,,,Starting Now,Prime Time,Last Chance
new-york,pawpaw,Pawpaw?,,,,,,,,,Starting Now,Last Chance,,
new-york,pea-shoots,?,,,,Starting Now,Prime Time,Last Chance,,,,,,
new-york,peaches,Peach,,,,,,,Starting Now,Prime Time,Last Chance,,,
new-york,pears,Pear,,,,,,,,Starting Now,Prime Time,Last Chance,,
new-york,peas,Peas,,,,,,Starting Now,Last Chance,,Starting Now,Last Chance,,
new-york,peppers,--BROAD-CATEGORY--,,,,,,,Starting Now,Prime Time,Prime Time,Last Chance,,
new-york,plums,Plum,,,,,,,Starting Now,Prime Time,Last Chance,,,
new-york,potatoes,Potato,,,,,,,Starting Now,Prime Time,Prime Time,Last Chance,,
new-york,pumpkin,Pumpkin,,,,,,,,,Starting Now,Last Chance,,
new-york,purslane,-,,,,,Starting Now,Prime Time,Prime Time,Prime Time,Prime Time,Last Chance,,
new-york,quince,-,,,,,,,,,,Starting Now,Last Chance,
new-york,radicchio,Radicchio?,,,,,,,,,Starting Now,Last Chance,,
new-york,radishes,Radish?,,,,,Starting Now,Prime Time,Prime Time,Prime Time,Last Chance,,,
new-york,ramps,-,,,Starting Now,Prime Time,Prime Time,Last Chance,,,,,,
new-york,rapini,Rapini,,,,,,,,Starting Now,Prime Time,Prime Time,Last Chance,
new-york,raspberries,Raspberry,,,,,,,Prime Time,,Starting Now,Last Chance,,
new-york,rhubarb,Rhubarb?,,,,,Starting Now,Prime Time,Last Chance,,,,,
new-york,rosemary,-,,,,,,,Starting Now,Prime Time,Prime Time,Last Chance,,
new-york,rutabaga,?,,,,,,,,Starting Now,Prime Time,Prime Time,Last Chance,
new-york,sage,-,,,,,,,Starting Now,Prime Time,Prime Time,Last Chance,,
new-york,salsify,-,Last Chance,,,,,,,,,Starting Now,Prime Time,Prime Time
new-york,shallots,?,Last Chance,,,,,Starting Now,Last Chance,,,,,Starting Now
new-york,shell-beans,-,,,,,,,,,Starting Now,Prime Time,Prime Time,Last Chance
new-york,snap-peas,?,,,,,,Starting Now,Prime Time,Prime Time,Prime Time,Last Chance,,
new-york,snow-peas,?,,,,,,Starting Now,Prime Time,Prime Time,Prime Time,Last Chance,,
new-york,sorrel,-,,,,,Starting Now,Prime Time,Prime Time,Prime Time,Prime Time,Last Chance,,
new-york,spinach,Spinach,,,,,Starting Now,Prime Time,Prime Time,Prime Time,Prime Time,Last Chance,,
new-york,sprouts,-,Prime Time,Prime Time,Prime Time,Prime Time,Prime Time,Prime Time,Prime Time,Prime Time,Prime Time,Prime Time,Prime Time,Prime Time
new-york,strawberries,Strawberry,,,,,,Starting Now,Last Chance,,,,,
new-york,summer-squash,Summer squash,,,,,,Starting Now,Prime Time,Prime Time,Prime Time,Last Chance,,
new-york,sunchokes,-,Prime Time,,,,,,Starting Now,Last Chance,,,,
new-york,sweet-potatoes,Sweet potato,,,,,,,,Starting Now,Last Chance,,,
new-york,tarragon,-,,,,,,,Starting Now,Prime Time,Prime Time,Last Chance,,
new-york,thyme,-,,,,,,,Starting Now,Prime Time,Prime Time,Last Chance,,
new-york,tomatillos,?,,,,,,,Starting Now,Prime Time,Prime Time,Last Chance,,
new-york,tomatoes,Tomato,,,,,,Starting Now,Prime Time,Prime Time,Prime Time,Last Chance,,
new-york,turnips,Turnip,,,,,,,,Starting Now,Prime Time,Prime Time,Last Chance,
new-york,watercress,?,,,,Starting Now,Prime Time,Prime Time,Last Chance,,,,,
new-york,watermelon,Watermelon,,,,,,,,,Starting Now,Last Chance,,
new-york,winter-squash,Winter squash,,,,,,,,Starting Now,Prime Time,Prime Time,Last Chance,
new-york,zucchini,Zucchini,,,,,,Starting Now,Prime Time,Prime Time,Prime Time,Last Chance,,
north-carolina,apples,Apple,Prime Time,Last Chance,,,,,,Starting Now,Prime Time,Prime Time,Prime Time,Prime Time
north-carolina,arugula,Rocket,,,Starting Now,Prime Time,Last Chance,,,,Starting Now,Prime Time,Last Chance,
north-carolina,asparagus,Asparagus,,,Starting Now,Last Chance,,,,,,,,
north-carolina,basil,-,,,,,Starting Now,Prime Time,Prime Time,Prime Time,Prime Time,Prime Time,Last Chance,
north-carolina,beets,Beetroot,,,,,Starting Now,Last Chance,,,,Starting Now,Prime Time,Last Chance
north-carolina,black-eyed-peas,-,,,,,,Starting Now,Prime Time,Last Chance,,,,
north-carolina,blackberries,Blackberry,,,,,,Starting Now,Last Chance,,Prime Time,,,
north-carolina,blueberries,Blueberry,,,,,Starting Now,Prime Time,Last Chance,,,,,
north-carolina,bok-choy,Bok Choy?,,,,,Starting Now,Last Chance,,,,Starting Now,Prime Time,Last Chance
north-carolina,brambles,--BROAD-CATEGORY--,,,,,,Starting Now,Last Chance,,Prime Time,,,
north-carolina,broccoli,Broccoli,,,,Starting Now,Last Chance,,,,,,,
north-carolina,brussels-sprouts,Brussels sprouts,,,,,,,,,,Starting Now,Prime Time,Last Chance
north-carolina,cabbage,White cabbage,,,,,Starting Now,Prime Time,Prime Time,Prime Time,Prime Time,Prime Time,Prime Time,Last Chance
north-carolina,cantaloupe,Cantaloupe?,,,,,,,Starting Now,Last Chance,,,,
north-carolina,cardoons,Cardoon?,,,,,,,,,,Starting Now,Prime Time,Last Chance
north-carolina,carrots,Carrot,Last Chance,,,,,,,,,,,Starting Now
north-carolina,cauliflower,Cauliflower,,,,,,,,,,Starting Now,Prime Time,Last Chance
north-carolina,celery,Celery,,,,,,,,,Starting Now,Prime Time,Last Chance,
north-carolina,celery-root,-,Last Chance,,,,,,,,,Starting Now,Prime Time,Prime Time
north-carolina,chard,Swiss chard?,,,Starting Now,Prime Time,Prime Time,Prime Time,Prime Time,Prime Time,Prime Time,Prime Time,Prime Time,Last Chance
north-carolina,cherries,Cherry,,,,,Starting Now,Prime Time,Last Chance,,,,,
north-carolina,chicories,?,,,,,,,,,,Starting Now,Prime Time,Last Chance
north-carolina,chili-peppers,-,,,,,,,,Starting Now,Last Chance,,,
north-carolina,chives,-,,,Starting Now,Prime Time,Prime Time,Prime Time,Prime Time,Prime Time,Prime Time,Last Chance,,
north-carolina,cilantro,-,Prime Time,Prime Time,Prime Time,Prime Time,Prime Time,Prime Time,Prime Time,Prime Time,Prime Time,Prime Time,Prime Time,Prime Time
north-carolina,collard-greens,Collard greens?,Prime Time,Prime Time,Prime Time,Prime Time,Prime Time,Prime Time,Prime Time,Prime Time,Prime Time,Prime Time,Prime Time,Prime Time
north-carolina,corn,Corn,,,,,,Starting Now,Prime Time,Prime Time,Prime Time,Prime Time,Last Chance,
north-carolina,cucumbers,Cucumber,,,,,,Starting Now,Prime Time,Prime Time,Prime Time,Prime Time,Last Chance,
north-carolina,eggplant,Aubergine,,,,,,Starting Now,Prime Time,Last Chance,,,,
north-carolina,endive,Endive,,,,,,,,,,Starting Now,Prime Time,Last Chance
north-carolina,fennel,Fennel,Prime Time,Prime Time,Prime Time,Prime Time,Prime Time,Last Chance,,,Starting Now,Prime Time,Prime Time,Prime Time
north-carolina,figs,Fig,,,,,,,Starting Now,Prime Time,Last Chance,,,
north-carolina,garlic,-,,,,,,,Starting Now,Last Chance,,,,
north-carolina,garlic-scapes,-,,,Starting Now,Last Chance,,,,,,,,
north-carolina,gooseberries,Gooseberries,,,,,,Starting Now,Last Chance,,,,,
north-carolina,grapes,Grapes,,,,,,,,Starting Now,Last Chance,,,
north-carolina,green-beans,Green bean,,,,,,Starting Now,Prime Time,Prime Time,Last Chance,,,
north-carolina,green-onions,-,,,Starting Now,Prime Time,Prime Time,Prime Time,Prime Time,Prime Time,Prime Time,Prime Time,Last Chance,
north-carolina,ground-cherries,-,,,,,,Starting Now,Prime Time,Prime Time,Prime Time,Last Chance,,
north-carolina,horseradish,Horseradish?,Prime Time,Prime Time,Prime Time,Last Chance,,,,,,Starting Now,Prime Time,Prime Time
north-carolina,kale,Kale,,,,,Starting Now,Last Chance,,,,Starting Now,Prime Time,Last Chance
north-carolina,kohlrabi,Kohlrabi,Prime Time,Prime Time,Last Chance,,,,,,,Starting Now,Prime Time,Prime Time
north-carolina,lamb's-quarters,-,Prime Time,Prime Time,Prime Time,Prime Time,Last Chance,,,,,Starting Now,Prime Time,Prime Time
north-carolina,lavender,-,,,,,,,Starting Now,Prime Time,Prime Time,Last Chance,,
north-carolina,leeks,Leek,Prime Time,Prime Time,Prime Time,Prime Time,Prime Time,Prime Time,Prime Time,Prime Time,Prime Time,Prime Time,Prime Time,Prime Time
north-carolina,lettuce,Lettuce,,,,Starting Now,Last Chance,,,,,Starting Now,Last Chance,
north-carolina,lima-beans,-,,,,,,,Starting Now,Last Chance,,,,
north-carolina,loquats,Loquat?,,,,Starting Now,Prime Time,Last Chance,,,,,,
north-carolina,melons,--BROAD-CATEGORY--,,,,,,,Starting Now,Last Chance,,,,
north-carolina,mint,-,Prime Time,Prime Time,Prime Time,Prime Time,Prime Time,Prime Time,Prime Time,Prime Time,Prime Time,Prime Time,Prime Time,Prime Time
north-carolina,morels,-,,,Starting Now,Prime Time,Last Chance,,,,,,,
north-carolina,mushrooms,-,,,Starting Now,Prime Time,Prime Time,Last Chance,,,Starting Now,Prime Time,Last Chance,
north-carolina,mustard-greens,-,,,,Starting Now,Prime Time,Last Chance,,,Starting Now,Prime Time,Prime Time,Last Chance
north-carolina,nectarines,Nectarine,,,,,,,Starting Now,Last Chance,,,,
north-carolina,nettles,-,,,Starting Now,Last Chance,,,,,,,,
north-carolina,okra,Okra?,,,,,,,Starting Now,Last Chance,,,,
north-carolina,onions,-,,,,,,Starting Now,Last Chance,,,,,
north-carolina,oregano,-,Prime Time,Prime Time,Prime Time,Prime Time,Prime Time,Prime Time,Prime Time,Prime Time,Prime Time,Prime Time,Prime Time,Prime Time
north-carolina,parsley,-,Prime Time,Prime Time,Prime Time,Prime Time,Prime Time,Prime Time,Prime Time,Prime Time,Prime Time,Prime Time,Prime Time,Prime Time
north-carolina,parsnips,Parsnip,,,,,,,,,,Starting Now,Prime Time,Last Chance
north-carolina,pawpaw,Pawpaw?,,,,,,,,Starting Now,Last Chance,,,
north-carolina,pea-shoots,?,,,Starting Now,Last Chance,,,,,,,,
north-carolina,peaches,Peach,,,,,,Starting Now,Prime Time,Prime Time,Last Chance,,,
north-carolina,peanuts,-,Prime Time,Prime Time,Prime Time,Prime Time,Prime Time,Prime Time,Prime Time,Prime Time,Prime Time,Prime Time,Prime Time,Prime Time
north-carolina,pears,Pear,,,,,,,,Starting Now,Prime Time,Last Chance,,
north-carolina,peas,Peas,,,,,Prime Time,,,,,,,
north-carolina,pecans,-,,,,,,,,,,,Starting Now,Last Chance
north-carolina,peppers,--BROAD-CATEGORY--,,,,,,Starting Now,Prime Time,Last Chance,,,,
north-carolina,persimmons,Persimmon,,,,,,,,,Starting Now,Last Chance,,
north-carolina,plums,Plum,,,,,,Starting Now,Prime Time,Last Chance,,,,
north-carolina,potatoes,Potato,,,,,,Starting Now,Last Chance,,,,,
north-carolina,pumpkin,Pumpkin,,,,,,,,,Starting Now,Last Chance,,
north-carolina,purslane,-,Prime Time,Prime Time,Prime Time,Prime Time,Last Chance,,,,,Starting Now,Prime Time,Prime Time
north-carolina,quince,-,,,,,,,,,,Starting Now,Last Chance,
north-carolina,radicchio,Radicchio?,,,,,,,,,Starting Now,Prime Time,Prime Time,Last Chance
north-carolina,radishes,Radish?,,,,Starting Now,Prime Time,Last Chance,,,,Starting Now,Last Chance,
north-carolina,ramps,-,,,,Starting Now,Last Chance,,,,,,,
north-carolina,rapini,Rapini,,,,,,,,,,Starting Now,Prime Time,Last Chance
north-carolina,raspberries,Raspberry,,,,,,Prime Time,,,Starting Now,Last Chance,,
north-carolina,rosemary,-,,,,Starting Now,Prime Time,Prime Time,Prime Time,Prime Time,Prime Time,Prime Time,Last Chance,
north-carolina,sage,-,Prime Time,Prime Time,Prime Time,Prime Time,Prime Time,Prime Time,Prime Time,Prime Time,Prime Time,Prime Time,Prime Time,Prime Time
north-carolina,salsify,-,Last Chance,,,,,,,,,Starting Now,Prime Time,Prime Time
north-carolina,shallots,?,,,,,,Starting Now,Prime Time,Prime Time,Prime Time,Prime Time,Last Chance,
north-carolina,shell-beans,-,,,,,,,,Starting Now,Last Chance,,,
north-carolina,snap-peas,?,,,,,Starting Now,Prime Time,Last Chance,,,,,
north-carolina,snow-peas,?,,,,,Starting Now,Prime Time,Last Chance,,,,,
north-carolina,sorrel,-,Prime Time,Prime Time,Prime Time,Prime Time,Last Chance,,,,,Starting Now,Prime Time,Prime Time
north-carolina,spinach,Spinach,Prime Time,Prime Time,Prime Time,Prime Time,Last Chance,,,,,Starting Now,Prime Time,Prime Time
north-carolina,sprouts,-,Prime Time,Prime Time,Prime Time,Prime Time,Prime Time,Prime Time,Prime Time,Prime Time,Prime Time,Prime Time,Prime Time,Prime Time
north-carolina,strawberries,Strawberry,,,,Starting Now,Prime Time,Last Chance,,,,,,
north-carolina,summer-squash,Summer squash,,,,,Starting Now,Prime Time,Prime Time,Prime Time,Last Chance,,,
north-carolina,sunchokes,-,Starting Now,Last Chance,,,,Starting Now,Last Chance,,,,,
north-carolina,sweet-potatoes,Sweet potato,Prime Time,Prime Time,Prime Time,Prime Time,Prime Time,Prime Time,Prime Time,Prime Time,Prime Time,Prime Time,Prime Time,Prime Time
north-carolina,tarragon,-,,,,Starting Now,Prime Time,Last Chance,,,,,,
north-carolina,thyme,-,,,,Starting Now,Prime Time,Prime Time,Prime Time,Prime Time,Prime Time,Prime Time,Last Chance,
north-carolina,tomatillos,?,,,,,,Starting Now,Prime Time,Prime Time,Prime Time,Last Chance,,
north-carolina,tomatoes,Tomato,,,,,,Starting Now,Prime Time,Prime Time,Prime Time,Last Chance,,
north-carolina,turnips,Turnip,,,,Starting Now,Prime Time,Last Chance,,,,Starting Now,Prime Time,Last Chance
north-carolina,watercress,?,,,,Starting Now,Prime Time,Prime Time,Last Chance,,,,,
north-carolina,watermelon,Watermelon,,,,,,,Starting Now,Last Chance,,,,
north-carolina,winter-squash,Winter squash,Last Chance,,,,,,,,Starting Now,Prime Time,Prime Time,Prime Time
north-carolina,zucchini,Zucchini,,,,,Starting Now,Prime Time,Prime Time,Prime Time,Last Chance,,,
north-dakota,apples,Apple,,,,,,,,Starting Now,Prime Time,Last Chance,,
north-dakota,apricots,Apricot,,,,,,,Starting Now,Last Chance,,,,
north-dakota,arugula,Rocket,,,,,Starting Now,Prime Time,Last Chance,,,,,
north-dakota,asian-pears,?,,,,,,,,Starting Now,Last Chance,,,
north-dakota,asparagus,Asparagus,,,,Starting Now,Last Chance,,,,,,,
north-dakota,basil,-,,,,,,,,Starting Now,Last Chance,,,
north-dakota,beets,Beetroot,,,,,,,Starting Now,Prime Time,Last Chance,,,
north-dakota,blackberries,Blackberry,,,,,,,Starting Now,Last Chance,,,,
north-dakota,blueberries,Blueberry,,,,,,,Starting Now,Last Chance,,,,
north-dakota,bok-choy,Bok Choy?,,,,,,,,,Prime Time,,,
north-dakota,brambles,--BROAD-CATEGORY--,,,,,,Starting Now,Prime Time,Last Chance,,,,
north-dakota,broccoli,Broccoli,,,,,,Starting Now,Last Chance,,,,,
north-dakota,brussels-sprouts,Brussels sprouts,,,,,,,,Starting Now,Last Chance,,,
north-dakota,cabbage,White cabbage,,,,,,,Starting Now,Prime Time,Prime Time,Prime Time,Last Chance,
north-dakota,cantaloupe,Cantaloupe?,,,,,,,Starting Now,Prime Time,Last Chance,,,
north-dakota,cardoons,Cardoon?,,,,,,,,,,Starting Now,Prime Time,Last Chance
north-dakota,carrots,Carrot,,,,,,,Starting Now,Prime Time,Prime Time,Prime Time,Last Chance,
north-dakota,cauliflower,Cauliflower,,,,,,,,Starting Now,Prime Time,Prime Time,Last Chance,
north-dakota,celery,Celery,,,,,,,,Starting Now,Prime Time,Prime Time,Last Chance,
north-dakota,celery-root,-,,,,,,,,,Prime Time,,,
north-dakota,chard,Swiss chard?,,,,,,,Starting Now,Prime Time,Last Chance,,,
north-dakota,cherries,Cherry,,,,,,,Starting Now,Last Chance,,,,
north-dakota,chicories,?,,,,,,Starting Now,Prime Time,Prime Time,Prime Time,Last Chance,,
north-dakota,chili-peppers,-,,,,,,,Starting Now,Prime Time,Last Chance,,,
north-dakota,chives,-,,,Starting Now,Prime Time,Prime Time,Prime Time,Prime Time,Prime Time,Prime Time,Last Chance,,
north-dakota,cilantro,-,,,,,,Starting Now,Prime Time,Last Chance,,,,
north-dakota,collard-greens,Collard greens?,,,,,,Starting Now,Prime Time,Prime Time,Prime Time,Last Chance,,
north-dakota,corn,Corn,,,,,,,,Starting Now,Last Chance,,,
north-dakota,cucumbers,Cucumber,,,,,,,Starting Now,Prime Time,Last Chance,,,
north-dakota,currants,Currants,,,,,,Starting Now,Last Chance,,,,,
north-dakota,eggplant,Aubergine,,,,,,,Starting Now,Prime Time,Last Chance,,,
north-dakota,endive,Endive,,,,,,Starting Now,Prime Time,Prime Time,Prime Time,Last Chance,,
north-dakota,garlic,-,,,,,,,Starting Now,Prime Time,Prime Time,Prime Time,Last Chance,
north-dakota,garlic-scapes,-,,,,,,Prime Time,,,,,,
north-dakota,gooseberries,Gooseberries,,,,,,,Starting Now,Last Chance,,,,
north-dakota,grapes,Grapes,,,,,,,,Starting Now,Last Chance,,,
north-dakota,green-beans,Green bean,,,,,,,Starting Now,Prime Time,Last Chance,,,
north-dakota,green-onions,-,,,,,,Starting Now,Prime Time,Prime Time,Last Chance,,,
north-dakota,ground-cherries,-,,,,,,,,Starting Now,Last Chance,,,
north-dakota,horseradish,Horseradish?,Prime Time,Prime Time,Prime Time,Last Chance,,,,,,Starting Now,Prime Time,Prime Time
north-dakota,kale,Kale,,,,,,Starting Now,Prime Time,Prime Time,Prime Time,Last Chance,,
north-dakota,kohlrabi,Kohlrabi,,,,,,Starting Now,Prime Time,Prime Time,Last Chance,,,
north-dakota,lamb's-quarters,-,,,,,,Starting Now,Prime Time,Last Chance,,,,
north-dakota,lavender,-,,,,,,,Starting Now,Prime Time,Prime Time,Last Chance,,
north-dakota,leeks,Leek,,,,,,,Starting Now,Prime Time,Prime Time,Last Chance,,
north-dakota,lettuce,Lettuce,,,,,Starting Now,Prime Time,Last Chance,,,,,
north-dakota,lima-beans,-,,,,,,,,,Starting Now,Last Chance,,
north-dakota,melons,--BROAD-CATEGORY--,,,,,,,,Starting Now,Last Chance,,,
north-dakota,mint,-,,,,Starting Now,Prime Time,Prime Time,Prime Time,Prime Time,Prime Time,Last Chance,,
north-dakota,mushrooms,-,,,,,,,Starting Now,Prime Time,Last Chance,,,
north-dakota,mustard-greens,-,,,,,,,,Starting Now,Last Chance,,,
north-dakota,nectarines,Nectarine,,,,,,,Starting Now,Last Chance,,,,
north-dakota,okra,Okra?,,,,,,,,Starting Now,Last Chance,,,
north-dakota,onions,-,,,,,,,,Starting Now,Prime Time,Last Chance,,
north-dakota,oregano,-,,,,Starting Now,Prime Time,Prime Time,Prime Time,Prime Time,Prime Time,Last Chance,,
north-dakota,parsley,-,,,,,,Starting Now,Prime Time,Last Chance,,,,
north-dakota,parsnips,Parsnip,,,,,,,,Starting Now,Prime Time,Last Chance,,
north-dakota,pea-shoots,?,,,,,,Starting Now,Last Chance,,,,,
north-dakota,pears,Pear,,,,,,,,Starting Now,Prime Time,Last Chance,,
north-dakota,peas,Peas,,,,,Starting Now,Last Chance,,,,,,
north-dakota,peppers,--BROAD-CATEGORY--,,,,,,,,Starting Now,Last Chance,,,
north-dakota,plums,Plum,,,,,,,Starting Now,Last Chance,,,,
north-dakota,potatoes,Potato,,,,,,,,,Starting Now,Last Chance,,
north-dakota,pumpkin,Pumpkin,,,,,,,,,Starting Now,Last Chance,,
north-dakota,purslane,-,,,,,,Starting Now,Prime Time,Last Chance,,,,
north-dakota,quince,-,,,,,,,,,,Starting Now,Last Chance,
north-dakota,radicchio,Radicchio?,,,,,,Starting Now,Prime Time,Prime Time,Prime Time,Last Chance,,
north-dakota,radishes,Radish?,,,,,,Starting Now,Last Chance,,,,,
north-dakota,ramps,-,,,,Starting Now,Prime Time,Last Chance,,,,,,
north-dakota,rapini,Rapini,Prime Time,Last Chance,,,Starting Now,Last Chance,,,,Starting Now,Prime Time,Prime Time
north-dakota,raspberries,Raspberry,,,,,,Starting Now,Prime Time,Prime Time,Last Chance,,,
north-dakota,rhubarb,Rhubarb?,,,,,Starting Now,Prime Time,Last Chance,,,,,
north-dakota,rosemary,-,,,,,,,Starting Now,Prime Time,Last Chance,,,
north-dakota,rutabaga,?,,,,,,,,,,Starting Now,Last Chance,
north-dakota,sage,-,,,,Starting Now,Prime Time,Prime Time,Prime Time,Prime Time,Prime Time,Last Chance,,
north-dakota,salsify,-,Last Chance,,,,,,,,,Starting Now,Prime Time,Prime Time
north-dakota,shallots,?,,,,,,,Starting Now,Prime Time,Last Chance,,,
north-dakota,shell-beans,-,,,,,,,,,Starting Now,Last Chance,,
north-dakota,sorrel,-,,,,,,Starting Now,Prime Time,Last Chance,,,,
north-dakota,spinach,Spinach,,,,,,Starting Now,Prime Time,Last Chance,,,,
north-dakota,sprouts,-,Prime Time,Prime Time,Prime Time,Prime Time,Prime Time,Prime Time,Prime Time,Prime Time,Prime Time,Prime Time,Prime Time,Prime Time
north-dakota,strawberries,Strawberry,,,,,,Starting Now,Last Chance,,,,,
north-dakota,summer-squash,Summer squash,,,,,,Starting Now,Prime Time,Prime Time,Last Chance,,,
north-dakota,sunchokes,-,,,,,,,,Prime Time,,,,
north-dakota,sweet-potatoes,Sweet potato,,,,,,,,,Prime Time,,,
north-dakota,tarragon,-,,,,Starting Now,Prime Time,Last Chance,,,,,,
north-dakota,thyme,-,,,,Starting Now,Prime Time,Prime Time,Prime Time,Prime Time,Prime Time,Prime Time,Last Chance,
north-dakota,tomatillos,?,,,,,,,Starting Now,Prime Time,Last Chance,,,
north-dakota,tomatoes,Tomato,,,,,,,Starting Now,Prime Time,Last Chance,,,
north-dakota,turnips,Turnip,,,,,,,,Starting Now,Prime Time,Last Chance,,
north-dakota,watercress,?,,,,Starting Now,Prime Time,Prime Time,Last Chance,,,,,
north-dakota,watermelon,Watermelon,,,,,,,,Starting Now,Last Chance,,,
north-dakota,winter-squash,Winter squash,,,,,,,,,Starting Now,Prime Time,Last Chance,
north-dakota,zucchini,Zucchini,,,,,,,Starting Now,Prime Time,Prime Time,Prime Time,Last Chance,
ohio,apples,Apple,,,,,,,,Starting Now,Prime Time,Prime Time,Last Chance,
ohio,arugula,Rocket,,,,,Starting Now,Prime Time,Prime Time,Prime Time,Last Chance,,,
ohio,asparagus,Asparagus,,,,Starting Now,Prime Time,Prime Time,Last Chance,,,,,
ohio,basil,-,,,,,,,Starting Now,Prime Time,Last Chance,,,
ohio,beets,Beetroot,,,,,,Starting Now,Prime Time,Prime Time,Last Chance,,,
ohio,blackberries,Blackberry,,,,,,,Starting Now,Prime Time,Last Chance,,,
ohio,blueberries,Blueberry,,,,,,Starting Now,Prime Time,Prime Time,Last Chance,,,
ohio,bok-choy,Bok Choy?,,,,,,,,Starting Now,Last Chance,,,
ohio,brambles,--BROAD-CATEGORY--,,,,,,,Starting Now,Prime Time,Last Chance,,,
ohio,broccoli,Broccoli,,,,,,Starting Now,Last Chance,,Starting Now,Last Chance,,
ohio,brussels-sprouts,Brussels sprouts,,,,,,,,Starting Now,Prime Time,Prime Time,Last Chance,
ohio,cabbage,White cabbage,,,,,Starting Now,Prime Time,Prime Time,Prime Time,Prime Time,Prime Time,Last Chance,
ohio,cantaloupe,Cantaloupe?,,,,,,,Starting Now,Prime Time,Prime Time,Last Chance,,
ohio,cardoons,Cardoon?,,,,,,,,,,Starting Now,Prime Time,Last Chance
ohio,carrots,Carrot,,,,,,,Starting Now,Prime Time,Prime Time,Last Chance,,
ohio,cauliflower,Cauliflower,,,,,,,,,Starting Now,Prime Time,Last Chance,
ohio,celery,Celery,,,,,,,,Starting Now,Prime Time,Last Chance,,
ohio,celery-root,-,,,,,,,,Starting Now,Prime Time,Last Chance,,
ohio,chard,Swiss chard?,,,,,Starting Now,Prime Time,Prime Time,Prime Time,Last Chance,,,
ohio,cherries,Cherry,,,,,,Starting Now,Last Chance,,,,,
ohio,chicories,?,,,,,Starting Now,Prime Time,Prime Time,Prime Time,Prime Time,Last Chance,,
ohio,chili-peppers,-,,,,,,Starting Now,Prime Time,Prime Time,Last Chance,,,
ohio,chives,-,,,Starting Now,Prime Time,Prime Time,Prime Time,Prime Time,Prime Time,Prime Time,Last Chance,,
ohio,cilantro,-,,,,,,Starting Now,Prime Time,Prime Time,Last Chance,,,
ohio,collard-greens,Collard greens?,,,,,Starting Now,Prime Time,Prime Time,Prime Time,Prime Time,Last Chance,,
ohio,corn,Corn,,,,,,Starting Now,Prime Time,Prime Time,Prime Time,Last Chance,,
ohio,cucumbers,Cucumber,,,,,,Starting Now,Prime Time,Prime Time,Prime Time,Last Chance,,
ohio,currants,Currants,,,,,,Starting Now,Prime Time,Last Chance,,,,
ohio,eggplant,Aubergine,,,,,,,Starting Now,Prime Time,Prime Time,Last Chance,,
ohio,endive,Endive,,,,,Starting Now,Prime Time,Prime Time,Prime Time,Prime Time,Last Chance,,
ohio,fava-beans,-,,,,,Starting Now,Last Chance,,,,,,
ohio,fennel,Fennel,,,,,,,,,Starting Now,Last Chance,,
ohio,garlic,-,,,,,,,,Starting Now,Prime Time,Prime Time,Last Chance,
ohio,garlic-scapes,-,,,,,Starting Now,Last Chance,,,,,,
ohio,gooseberries,Gooseberries,,,,,,Starting Now,Last Chance,,,,,
ohio,grapes,Grapes,,,,,,,,Starting Now,Last Chance,,,
ohio,green-beans,Green bean,,,,,,Starting Now,Prime Time,Prime Time,Prime Time,Last Chance,,
ohio,green-onions,-,,,,,,Starting Now,Prime Time,Prime Time,Last Chance,,,
ohio,ground-cherries,-,,,,,,Starting Now,Prime Time,Prime Time,Prime Time,Last Chance,,
ohio,horseradish,Horseradish?,Prime Time,Prime Time,Prime Time,Last Chance,,,,,,Starting Now,Prime Time,Prime Time
ohio,kale,Kale,,,,,Starting Now,Prime Time,Prime Time,Prime Time,Prime Time,Last Chance,,
ohio,lamb's-quarters,-,,,,,Starting Now,Prime Time,Prime Time,Prime Time,Prime Time,Last Chance,,
ohio,lavender,-,,,,,,,Starting Now,Prime Time,Prime Time,Last Chance,,
ohio,leeks,Leek,,,,,,,Starting Now,Prime Time,Prime Time,Prime Time,Last Chance,
ohio,lettuce,Lettuce,,,,,Starting Now,Prime Time,Prime Time,Prime Time,Prime Time,Last Chance,,
ohio,lima-beans,-,,,,,,,Starting Now,Prime Time,Prime Time,Last Chance,,
ohio,melons,--BROAD-CATEGORY--,,,,,,,Starting Now,Prime Time,Last Chance,,,
ohio,mint,-,,,,,Starting Now,Prime Time,Prime Time,Prime Time,Prime Time,Last Chance,,
ohio,morels,-,,,Starting Now,Prime Time,Last Chance,,,,,,,
ohio,mushrooms,-,Prime Time,Prime Time,Prime Time,Prime Time,Prime Time,Prime Time,Prime Time,Prime Time,Prime Time,Prime Time,Prime Time,Prime Time
ohio,mustard-greens,-,,,,,Starting Now,Prime Time,Prime Time,Prime Time,Prime Time,Last Chance,,
ohio,nectarines,Nectarine,,,,,,,Starting Now,Prime Time,Last Chance,,,
ohio,okra,Okra?,,,,,,,Starting Now,Prime Time,Prime Time,Last Chance,,
ohio,onions,-,,,,,,Starting Now,Prime Time,Prime Time,Prime Time,Last Chance,,
ohio,oregano,-,,,,,Starting Now,Prime Time,Prime Time,Prime Time,Prime Time,Last Chance,,
ohio,parsley,-,,,,,Starting Now,Prime Time,Prime Time,Prime Time,Last Chance,,,
ohio,parsnips,Parsnip,,,,,,,,Starting Now,Prime Time,Prime Time,Last Chance,
ohio,pawpaw,Pawpaw?,,,,,,,,,Starting Now,Last Chance,,
ohio,pea-shoots,?,,,,,Starting Now,Last Chance,,,,,,
ohio,peaches,Peach,,,,,,,Starting Now,Prime Time,Last Chance,,,
ohio,pears,Pear,,,,,,,,Starting Now,Prime Time,Last Chance,,
ohio,peas,Peas,,,,,,Starting Now,Last Chance,,,,,
ohio,peppers,--BROAD-CATEGORY--,,,,,,Starting Now,Prime Time,Prime Time,Prime Time,Last Chance,,
ohio,persimmons,Persimmon,,,,,,,,,,Prime Time,,
ohio,plums,Plum,,,,,,,Starting Now,Prime Time,Prime Time,Last Chance,,
ohio,potatoes,Potato,,,,,,,Starting Now,Prime Time,Prime Time,Prime Time,Last Chance,
ohio,pumpkin,Pumpkin,,,,,,,,,Starting Now,Prime Time,Last Chance,
ohio,purslane,-,,,,,Starting Now,Prime Time,Prime Time,Prime Time,Prime Time,Last Chance,,
ohio,quince,-,,,,,,,,,,Starting Now,Last Chance,
ohio,radicchio,Radicchio?,,,,,Starting Now,Prime Time,Prime Time,Prime Time,Prime Time,Last Chance,,
ohio,radishes,Radish?,,,,,Starting Now,Prime Time,Prime Time,Prime Time,Prime Time,Prime Time,Last Chance,
ohio,ramps,-,,,,Starting Now,Last Chance,,,,,,,
ohio,rapini,Rapini,Prime Time,Last Chance,,,Starting Now,Last Chance,,,,Starting Now,Prime Time,Prime Time
ohio,raspberries,Raspberry,,,,,,Starting Now,Prime Time,Prime Time,Last Chance,,,
ohio,rhubarb,Rhubarb?,,,,Starting Now,Prime Time,Prime Time,Last Chance,,,,,
ohio,rosemary,-,,,,Starting Now,Prime Time,Prime Time,Prime Time,Prime Time,Prime Time,Prime Time,Last Chance,
ohio,sage,-,,,,,Starting Now,Prime Time,Prime Time,Prime Time,Prime Time,Last Chance,,
ohio,salsify,-,Last Chance,,,,,,,,,Starting Now,Prime Time,Prime Time
ohio,shallots,?,Last Chance,,,,,Starting Now,Last Chance,,,,,Starting Now
ohio,shell-beans,-,,,,,,,,,Starting Now,Last Chance,,
ohio,snap-peas,?,,,,,,Starting Now,Prime Time,Last Chance,,,,
ohio,snow-peas,?,,,,,,Starting Now,Prime Time,Last Chance,,,,
ohio,sorrel,-,,,,,Starting Now,Prime Time,Prime Time,Prime Time,Prime Time,Last Chance,,
ohio,spinach,Spinach,,,,,Starting Now,Prime Time,Prime Time,Prime Time,Prime Time,Last Chance,,
ohio,sprouts,-,Prime Time,Prime Time,Prime Time,Prime Time,Prime Time,Prime Time,Prime Time,Prime Time,Prime Time,Prime Time,Prime Time,Prime Time
ohio,strawberries,Strawberry,,,,Starting Now,Prime Time,Last Chance,,,,,,
ohio,summer-squash,Summer squash,,,,,,Starting Now,Prime Time,Prime Time,Prime Time,Last Chance,,
ohio,sunchokes,-,,,,,,,Prime Time,,,,,
ohio,sweet-potatoes,Sweet potato,,,,,,,,Starting Now,Last Chance,,,
ohio,tarragon,-,,,,Starting Now,Prime Time,Last Chance,,,,,,
ohio,thyme,-,,,,Starting Now,Prime Time,Prime Time,Prime Time,Prime Time,Prime Time,Prime Time,Last Chance,
ohio,tomatillos,?,,,,,,Starting Now,Prime Time,Prime Time,Prime Time,Last Chance,,
ohio,tomatoes,Tomato,,,,,,Starting Now,Prime Time,Prime Time,Prime Time,Last Chance,,
ohio,turnips,Turnip,,,,,,,,Starting Now,Prime Time,Prime Time,Last Chance,
ohio,watercress,?,,,,Starting Now,Prime Time,Prime Time,Last Chance,,,,,
ohio,watermelon,Watermelon,,,,,,,,Starting Now,Prime Time,Last Chance,,
ohio,winter-squash,Winter squash,,,,,,,,Starting Now,Prime Time,Prime Time,Last Chance,
ohio,zucchini,Zucchini,,,,,,,Starting Now,Prime Time,Prime Time,Last Chance,,
oklahoma,apples,Apple,,,,,,,Starting Now,Prime Time,Prime Time,Last Chance,,
oklahoma,apricots,Apricot,,,,,,Starting Now,Last Chance,,,,,
oklahoma,arugula,Rocket,,,,,Starting Now,Prime Time,Prime Time,Prime Time,Last Chance,,,
oklahoma,asparagus,Asparagus,,,Starting Now,Prime Time,Prime Time,Last Chance,,,,,,
oklahoma,basil,-,,,,,,,Starting Now,Prime Time,Last Chance,,,
oklahoma,beets,Beetroot,,,,Starting Now,Prime Time,Prime Time,Prime Time,Prime Time,Prime Time,Prime Time,Prime Time,Last Chance
oklahoma,black-eyed-peas,-,,,,,,Starting Now,Last Chance,,,,,
oklahoma,blackberries,Blackberry,,,,,Starting Now,Prime Time,Last Chance,,,,,
oklahoma,blueberries,Blueberry,,,,,Starting Now,Prime Time,Last Chance,,,,,
oklahoma,bok-choy,Bok Choy?,,,,,,,,,,Prime Time,,
oklahoma,brambles,--BROAD-CATEGORY--,,,,,Starting Now,Prime Time,Last Chance,,,,,
oklahoma,broccoli,Broccoli,,,,Starting Now,Prime Time,Last Chance,,,,,,
oklahoma,brussels-sprouts,Brussels sprouts,,,,Starting Now,Last Chance,,,Starting Now,Prime Time,Prime Time,Prime Time,Last Chance
oklahoma,cabbage,White cabbage,,,,,Starting Now,Prime Time,Last Chance,,,,,
oklahoma,cantaloupe,Cantaloupe?,,,,,,Starting Now,Prime Time,Prime Time,Last Chance,,,
oklahoma,cardoons,Cardoon?,,,,,,,,,,Starting Now,Prime Time,Last Chance
oklahoma,carrots,Carrot,,Starting Now,Prime Time,Prime Time,Prime Time,Prime Time,Last Chance,,,,,
oklahoma,cauliflower,Cauliflower,,,,,Starting Now,Last Chance,,Starting Now,Prime Time,Prime Time,Last Chance,
oklahoma,celery,Celery,,,,,,,,Starting Now,Prime Time,Prime Time,Prime Time,Last Chance
oklahoma,celery-root,-,,,,,,,,Starting Now,Prime Time,Last Chance,,
oklahoma,chard,Swiss chard?,,,Starting Now,Prime Time,Prime Time,Prime Time,Prime Time,Prime Time,Prime Time,Prime Time,Last Chance,
oklahoma,cherries,Cherry,,,,,,Starting Now,Last Chance,,,,,
oklahoma,chicories,?,,,,,Starting Now,Prime Time,Prime Time,Prime Time,Prime Time,Last Chance,,
oklahoma,chili-peppers,-,,,,,,,,Starting Now,Last Chance,,,
oklahoma,chives,-,,,Starting Now,Prime Time,Prime Time,Prime Time,Prime Time,Prime Time,Prime Time,Last Chance,,
oklahoma,cilantro,-,,,,,,Starting Now,Prime Time,Prime Time,Last Chance,,,
oklahoma,collard-greens,Collard greens?,,,,Starting Now,Prime Time,Prime Time,Prime Time,Prime Time,Prime Time,Prime Time,Prime Time,Last Chance
oklahoma,corn,Corn,,,,,,Starting Now,Prime Time,Last Chance,,,,
oklahoma,cucumbers,Cucumber,,,,,Starting Now,Prime Time,Prime Time,Prime Time,Prime Time,Last Chance,,
oklahoma,eggplant,Aubergine,,,,,,,Starting Now,Prime Time,Prime Time,Last Chance,,
oklahoma,endive,Endive,,,,,Starting Now,Prime Time,Prime Time,Prime Time,Prime Time,Last Chance,,
oklahoma,fava-beans,-,,,,,Prime Time,,,,,,,
oklahoma,figs,Fig,,,,,,,,Starting Now,Last Chance,,,
oklahoma,garlic,-,,,,,,,,Starting Now,Prime Time,Prime Time,Prime Time,Last Chance
oklahoma,garlic-scapes,-,,,,,Starting Now,Last Chance,,,,,,
oklahoma,gooseberries,Gooseberries,,,,,,Starting Now,Last Chance,,,,,
oklahoma,grapes,Grapes,,,,,,,Starting Now,Prime Time,Last Chance,,,
oklahoma,green-beans,Green bean,,,,,Starting Now,Prime Time,Prime Time,Last Chance,,,,
oklahoma,green-onions,-,,,,,,Starting Now,Prime Time,Prime Time,Last Chance,,,
oklahoma,ground-cherries,-,,,,,,,Starting Now,Prime Time,Prime Time,Last Chance,,
oklahoma,horseradish,Horseradish?,,,,,,Starting Now,Prime Time,Prime Time,Prime Time,Prime Time,Last Chance,
oklahoma,kale,Kale,,,,,,Starting Now,Prime Time,Prime Time,Prime Time,Prime Time,Prime Time,Last Chance
oklahoma,kohlrabi,Kohlrabi,Prime Time,Prime Time,Prime Time,Last Chance,,,,,,,Starting Now,Prime Time
oklahoma,lamb's-quarters,-,,,,,Starting Now,Prime Time,Prime Time,Last Chance,,,,
oklahoma,lavender,-,,,,,,,Starting Now,Prime Time,Prime Time,Last Chance,,
oklahoma,leeks,Leek,,,,,,,,Starting Now,Prime Time,Prime Time,Prime Time,Last Chance
oklahoma,lettuce,Lettuce,,Starting Now,Prime Time,Prime Time,Prime Time,Last Chance,,,,,,
oklahoma,lima-beans,-,,,,,,,,,Starting Now,Last Chance,,
oklahoma,melons,--BROAD-CATEGORY--,,,,,,,Starting Now,Prime Time,Last Chance,,,
oklahoma,mint,-,,,,,Starting Now,Prime Time,Prime Time,Prime Time,Prime Time,Last Chance,,
oklahoma,morels,-,,,Starting Now,Prime Time,Last Chance,,,,,,,
oklahoma,mushrooms,-,,,Starting Now,Prime Time,Prime Time,Prime Time,Prime Time,Prime Time,Prime Time,Prime Time,Last Chance,
oklahoma,mustard-greens,-,,,,,,Starting Now,Prime Time,Prime Time,Prime Time,Prime Time,Prime Time,Last Chance
oklahoma,nectarines,Nectarine,,,,,,Starting Now,Prime Time,Prime Time,Last Chance,,,
oklahoma,okra,Okra?,,,,,,,Starting Now,Prime Time,Last Chance,,,
oklahoma,onions,-,,,,Starting Now,Prime Time,Prime Time,Last Chance,,,,,
oklahoma,oregano,-,,,,,Starting Now,Prime Time,Prime Time,Prime Time,Prime Time,Last Chance,,
oklahoma,parsley,-,,,,,Starting Now,Prime Time,Prime Time,Prime Time,Last Chance,,,
oklahoma,parsnips,Parsnip,,,,Starting Now,Last Chance,,,,,Starting Now,Prime Time,Last Chance
oklahoma,pawpaw,Pawpaw?,,,,,,,,Starting Now,Last Chance,,,
oklahoma,pea-shoots,?,,,Starting Now,Last Chance,,,,,,,,
oklahoma,peaches,Peach,,,,,,Starting Now,Prime Time,Prime Time,Last Chance,,,
oklahoma,peanuts,-,,,,,,,,,Starting Now,Prime Time,Prime Time,Last Chance
oklahoma,pears,Pear,,,,,,,,Starting Now,Prime Time,Last Chance,,
oklahoma,peas,Peas,,,,,Starting Now,Prime Time,Last Chance,,,,,
oklahoma,pecans,-,,,,,,,,,,Starting Now,Prime Time,Last Chance
oklahoma,peppers,--BROAD-CATEGORY--,,,,Starting Now,Prime Time,Last Chance,,,,,,
oklahoma,persimmons,Persimmon,,,,,,,,,,Prime Time,,
oklahoma,plums,Plum,,,,,Starting Now,Prime Time,Last Chance,,,,,
oklahoma,potatoes,Potato,,,,,Starting Now,Prime Time,Prime Time,Prime Time,Prime Time,Last Chance,,
oklahoma,pumpkin,Pumpkin,,,,,,,,,Starting Now,Last Chance,,
oklahoma,purslane,-,,,,,Starting Now,Prime Time,Prime Time,Last Chance,,,,
oklahoma,quince,-,,,,,,,,,,Starting Now,Last Chance,
oklahoma,radicchio,Radicchio?,,,,,Starting Now,Prime Time,Prime Time,Prime Time,Prime Time,Last Chance,,
oklahoma,radishes,Radish?,,Starting Now,Prime Time,Prime Time,Prime Time,Last Chance,,,,,,
oklahoma,rapini,Rapini,Prime Time,Last Chance,,,Starting Now,Last Chance,,,,Starting Now,Prime Time,Prime Time
oklahoma,raspberries,Raspberry,,,,,,Starting Now,Prime Time,Prime Time,Prime Time,Last Chance,,
oklahoma,rhubarb,Rhubarb?,,,,Starting Now,Prime Time,Last Chance,,,,,,
oklahoma,rosemary,-,,,,Starting Now,Prime Time,Prime Time,Prime Time,Prime Time,Prime Time,Prime Time,Last Chance,
oklahoma,sage,-,,,,,Starting Now,Prime Time,Prime Time,Prime Time,Prime Time,Last Chance,,
oklahoma,salsify,-,Last Chance,,,,,,,,,Starting Now,Prime Time,Prime Time
oklahoma,shallots,?,,,,Starting Now,Prime Time,Prime Time,Last Chance,,,,,
oklahoma,shell-beans,-,,,,,,,,,Starting Now,Last Chance,,
oklahoma,snap-peas,?,,,,,,Starting Now,Prime Time,Prime Time,Prime Time,Prime Time,Prime Time,Last Chance
oklahoma,snow-peas,?,,,,,,Starting Now,Prime Time,Prime Time,Prime Time,Prime Time,Prime Time,Last Chance
oklahoma,sorrel,-,,,,,Starting Now,Prime Time,Prime Time,Last Chance,,,,
oklahoma,spinach,Spinach,,,,,Starting Now,Prime Time,Prime Time,Last Chance,,,,
oklahoma,sprouts,-,Prime Time,Prime Time,Prime Time,Prime Time,Prime Time,Prime Time,Prime Time,Prime Time,Prime Time,Prime Time,Prime Time,Prime Time
oklahoma,strawberries,Strawberry,,,,Starting Now,Prime Time,Last Chance,,,,,,
oklahoma,summer-squash,Summer squash,,,,Starting Now,Prime Time,Prime Time,Prime Time,Prime Time,Last Chance,,,
oklahoma,sunchokes,-,Prime Time,,,,,,Prime Time,,,,,
oklahoma,sweet-potatoes,Sweet potato,,,,,,,,,,Starting Now,Prime Time,Last Chance
oklahoma,tarragon,-,,,,Starting Now,Prime Time,Last Chance,,,,,,
oklahoma,thyme,-,,,,Starting Now,Prime Time,Prime Time,Prime Time,Prime Time,Prime Time,Prime Time,Last Chance,
oklahoma,tomatillos,?,,,,,,,Starting Now,Prime Time,Prime Time,Last Chance,,
oklahoma,tomatoes,Tomato,,,,,,,Starting Now,Prime Time,Prime Time,Last Chance,,
oklahoma,turnips,Turnip,,,,Starting Now,Last Chance,,,Starting Now,Prime Time,Prime Time,Last Chance,
oklahoma,watercress,?,,,,Starting Now,Prime Time,Prime Time,Last Chance,,,,,
oklahoma,watermelon,Watermelon,,,,,,Starting Now,Prime Time,Prime Time,Prime Time,Last Chance,,
oklahoma,winter-squash,Winter squash,,,,,,,Starting Now,Prime Time,Prime Time,Prime Time,Last Chance,
oklahoma,zucchini,Zucchini,,,,,,,Starting Now,Prime Time,Prime Time,Last Chance,,
oregon,apples,Apple,Prime Time,Prime Time,Prime Time,Prime Time,Prime Time,Prime Time,Prime Time,Prime Time,Prime Time,Prime Time,Prime Time,Prime Time
oregon,apricots,Apricot,,,,,,,Starting Now,Last Chance,,,,
oregon,arugula,Rocket,,,,,Starting Now,Prime Time,Prime Time,Prime Time,Prime Time,Prime Time,Prime Time,Last Chance
oregon,asian-pears,?,,,,,,,,Starting Now,Prime Time,Last Chance,,
oregon,asparagus,Asparagus,,,,Starting Now,Prime Time,Last Chance,,,,,,
oregon,basil,-,,,,,,Starting Now,Prime Time,Prime Time,Prime Time,Prime Time,Last Chance,
oregon,beets,Beetroot,Prime Time,,,,,,Starting Now,Last Chance,,,,
oregon,blackberries,Blackberry,,,,,,,Starting Now,Last Chance,,,,
oregon,blueberries,Blueberry,,,,,,,Starting Now,Prime Time,Last Chance,,,
oregon,bok-choy,Bok Choy?,,,,,,Starting Now,Last Chance,,,,,
oregon,boysenberries,?,,,,,,Starting Now,Prime Time,Prime Time,Prime Time,Last Chance,,
oregon,brambles,--BROAD-CATEGORY--,,,,,,Starting Now,Prime Time,Prime Time,Prime Time,Last Chance,,
oregon,broccoli,Broccoli,,,,,,Starting Now,Prime Time,Prime Time,Prime Time,Prime Time,Prime Time,Last Chance
oregon,brussels-sprouts,Brussels sprouts,,,,,,,Starting Now,Prime Time,Prime Time,Last Chance,,
oregon,cabbage,White cabbage,,,,,,,Starting Now,Prime Time,Prime Time,Last Chance,,
oregon,cantaloupe,Cantaloupe?,,,,,,,,Starting Now,Prime Time,Last Chance,,
oregon,cardoons,Cardoon?,,,,,,,,,,Starting Now,Prime Time,Last Chance
oregon,carrots,Carrot,,,,,,,Starting Now,Prime Time,Prime Time,Prime Time,Prime Time,Last Chance
oregon,cauliflower,Cauliflower,,,,,Starting Now,Prime Time,Prime Time,Prime Time,Prime Time,Prime Time,Prime Time,Last Chance
oregon,celery,Celery,,,,,,,Starting Now,Prime Time,Prime Time,Prime Time,Last Chance,
oregon,celery-root,-,,,,,,,,Starting Now,Prime Time,Prime Time,Last Chance,
oregon,chard,Swiss chard?,Prime Time,Last Chance,,,Starting Now,Prime Time,Prime Time,Prime Time,Prime Time,Prime Time,Prime Time,Prime Time
oregon,cherries,Cherry,,,,,,Starting Now,Last Chance,,,,,
oregon,chicories,?,,,,,Starting Now,Prime Time,Prime Time,Prime Time,Prime Time,Prime Time,Last Chance,
oregon,chili-peppers,-,,,,,,,,Starting Now,Prime Time,Last Chance,,
oregon,chives,-,,,Starting Now,Prime Time,Prime Time,Prime Time,Prime Time,Prime Time,Prime Time,Last Chance,,
oregon,cilantro,-,,,,,Starting Now,Prime Time,Prime Time,Prime Time,Prime Time,Prime Time,Prime Time,Last Chance
oregon,collard-greens,Collard greens?,,,,,Starting Now,Prime Time,Prime Time,Prime Time,Prime Time,Prime Time,Last Chance,
oregon,corn,Corn,,,,,,,,Starting Now,Prime Time,Last Chance,,
oregon,cranberries,-,,,,,,,,,Starting Now,Prime Time,Last Chance,
oregon,cucumbers,Cucumber,,,,,,,Starting Now,Prime Time,Prime Time,Last Chance,,
oregon,eggplant,Aubergine,,,,,,,Starting Now,Prime Time,Prime Time,Last Chance,,
oregon,endive,Endive,,,,,Starting Now,Prime Time,Prime Time,Prime Time,Prime Time,Prime Time,Last Chance,
oregon,fava-beans,-,,,,Starting Now,Prime Time,Last Chance,,,,,,
oregon,fennel,Fennel,Prime Time,Prime Time,Prime Time,Prime Time,Prime Time,Prime Time,Prime Time,Prime Time,Prime Time,Prime Time,Prime Time,Prime Time
oregon,fiddleheads,Fiddleheads,,,,Starting Now,Last Chance,,,,,,,
oregon,figs,Fig,,,,,,,Starting Now,Last Chance,,,,
oregon,garlic,-,Prime Time,Prime Time,Prime Time,Prime Time,Last Chance,,Starting Now,Prime Time,Prime Time,Prime Time,Prime Time,Prime Time
oregon,garlic-scapes,-,,,,,Prime Time,,,,,,,
oregon,gooseberries,Gooseberries,,,,,,,Starting Now,Last Chance,,,,
oregon,grapes,Grapes,,,,,,,,,Starting Now,Last Chance,,
oregon,green-beans,Green bean,,,,,,,Starting Now,Prime Time,Last Chance,,,
oregon,green-onions,-,,,Starting Now,Prime Time,Prime Time,Prime Time,Prime Time,Prime Time,Prime Time,Prime Time,Last Chance,
oregon,ground-cherries,-,,,,,,,Starting Now,Prime Time,Prime Time,Last Chance,,
oregon,horseradish,Horseradish?,,,,,,,Starting Now,Prime Time,Prime Time,Prime Time,Prime Time,Last Chance
oregon,kale,Kale,Prime Time,Last Chance,,,Starting Now,Prime Time,Prime Time,Prime Time,Prime Time,Prime Time,Prime Time,Prime Time
oregon,kiwi,Kiwi,,,,,,,,,Starting Now,Prime Time,Last Chance,
oregon,kohlrabi,Kohlrabi,,,,,,Starting Now,Prime Time,Prime Time,Prime Time,Last Chance,,
oregon,lamb's-quarters,-,,,,,Starting Now,Prime Time,Prime Time,Prime Time,Prime Time,Prime Time,Prime Time,Last Chance
oregon,lavender,-,,,,,,,Starting Now,Prime Time,Prime Time,Last Chance,,
oregon,leeks,Leek,Prime Time,Prime Time,Last Chance,,,,,,Starting Now,Prime Time,Prime Time,Prime Time
oregon,lettuce,Lettuce,,,,,Starting Now,Prime Time,Prime Time,Prime Time,Prime Time,Last Chance,,
oregon,lima-beans,-,,,,,,,,,Starting Now,Last Chance,,
oregon,melons,--BROAD-CATEGORY--,,,,,,,Starting Now,Prime Time,Prime Time,Last Chance,,
oregon,mint,-,,,,,Starting Now,Prime Time,Prime Time,Prime Time,Prime Time,Prime Time,Prime Time,Last Chance
oregon,morels,-,,,,,Prime Time,,,,,,,
oregon,mushrooms,-,Prime Time,Prime Time,Prime Time,Prime Time,Prime Time,Prime Time,Prime Time,Prime Time,Prime Time,Prime Time,Prime Time,Prime Time
oregon,mustard-greens,-,,,,,Starting Now,Prime Time,Prime Time,Prime Time,Prime Time,Prime Time,Last Chance,
oregon,nectarines,Nectarine,,,,,,,Starting Now,Last Chance,,,,
oregon,nettles,-,,,Starting Now,Prime Time,Last Chance,,,,,,,
oregon,onions,-,Prime Time,Prime Time,Prime Time,Last Chance,,,,Starting Now,Prime Time,Prime Time,Prime Time,Prime Time
oregon,oregano,-,,,,,Starting Now,Prime Time,Prime Time,Prime Time,Prime Time,Prime Time,Prime Time,Last Chance
oregon,parsley,-,,,,,Starting Now,Prime Time,Prime Time,Prime Time,Prime Time,Prime Time,Prime Time,Last Chance
oregon,parsnips,Parsnip,,,,,,,Starting Now,Prime Time,Prime Time,Prime Time,Prime Time,Last Chance
oregon,pea-shoots,?,,,,,Prime Time,,,,,,,
oregon,peaches,Peach,,,,,,,Starting Now,Prime Time,Prime Time,Last Chance,,
oregon,pears,Pear,,,,,,,,Starting Now,Prime Time,Prime Time,Last Chance,
oregon,peas,Peas,,,,,,,,Starting Now,Last Chance,,,
oregon,peppers,--BROAD-CATEGORY--,,,,,,,,Starting Now,Prime Time,Last Chance,,
oregon,persimmons,Persimmon,,,,,,,,,Starting Now,Prime Time,Last Chance,
oregon,plums,Plum,,,,,,,,Starting Now,Last Chance,,,
oregon,potatoes,Potato,Prime Time,Prime Time,Prime Time,Prime Time,Prime Time,Prime Time,Prime Time,Prime Time,Prime Time,Prime Time,Prime Time,Prime Time
oregon,pumpkin,Pumpkin,,,,,,,,,,Prime Time,,
oregon,purslane,-,,,,,Starting Now,Prime Time,Prime Time,Prime Time,Prime Time,Prime Time,Prime Time,Last Chance
oregon,quince,-,,,,,,,,,,Starting Now,Last Chance,
oregon,radicchio,Radicchio?,,,,,Starting Now,Prime Time,Prime Time,Prime Time,Prime Time,Prime Time,Last Chance,
oregon,radishes,Radish?,,,,,Starting Now,Prime Time,Prime Time,Prime Time,Prime Time,Last Chance,,
oregon,rapini,Rapini,Prime Time,Last Chance,,,Starting Now,Last Chance,,,,Starting Now,Prime Time,Prime Time
oregon,raspberries,Raspberry,,,,,,Starting Now,Prime Time,Prime Time,Last Chance,,,
oregon,rhubarb,Rhubarb?,,,Starting Now,Prime Time,Prime Time,Prime Time,Prime Time,Last Chance,,,,
oregon,rosemary,-,,,,,Starting Now,Prime Time,Prime Time,Prime Time,Prime Time,Prime Time,Prime Time,Last Chance
oregon,rutabaga,?,Prime Time,Last Chance,,,,,,,Starting Now,Prime Time,Prime Time,Prime Time
oregon,sage,-,,,,,Starting Now,Prime Time,Prime Time,Prime Time,Prime Time,Prime Time,Prime Time,Last Chance
oregon,salsify,-,Last Chance,,,,,,,,Starting Now,Prime Time,Prime Time,Prime Time
oregon,shallots,?,,,,,,,,,Starting Now,Prime Time,Prime Time,Last Chance
oregon,shell-beans,-,,,,,,,,,Starting Now,Last Chance,,
oregon,snap-peas,?,,,,,,Starting Now,Last Chance,,,,,
oregon,snow-peas,?,,,,,,Starting Now,Last Chance,,,,,
oregon,sorrel,-,,,,,Starting Now,Prime Time,Prime Time,Prime Time,Prime Time,Prime Time,Last Chance,
oregon,spinach,Spinach,,,,,Starting Now,Prime Time,Prime Time,Prime Time,Prime Time,Prime Time,Prime Time,Last Chance
oregon,sprouts,-,Prime Time,Prime Time,Prime Time,Prime Time,Prime Time,Prime Time,Prime Time,Prime Time,Prime Time,Prime Time,Prime Time,Prime Time
oregon,strawberries,Strawberry,,,,,Starting Now,Prime Time,Prime Time,Last Chance,,,,
oregon,summer-squash,Summer squash,,,,,,Starting Now,Prime Time,Prime Time,Prime Time,Last Chance,,
oregon,sunchokes,-,,,,,,,Starting Now,Prime Time,Prime Time,Last Chance,,
oregon,sweet-potatoes,Sweet potato,,,,,,,,Starting Now,Last Chance,,,
oregon,tarragon,-,,,,Starting Now,Prime Time,Last Chance,,,,,,
oregon,thyme,-,,,,Starting Now,Prime Time,Prime Time,Prime Time,Prime Time,Prime Time,Prime Time,Last Chance,
oregon,tomatillos,?,,,,,,,Starting Now,Prime Time,Prime Time,Last Chance,,
oregon,tomatoes,Tomato,,,,,,,Starting Now,Prime Time,Prime Time,Last Chance,,
oregon,turnips,Turnip,Last Chance,,,,,Starting Now,Prime Time,Prime Time,Prime Time,Prime Time,Prime Time,Prime Time
oregon,watercress,?,,,,,Starting Now,Prime Time,Prime Time,Prime Time,Prime Time,Prime Time,Prime Time,Last Chance
oregon,watermelon,Watermelon,,,,,,,Starting Now,Prime Time,Last Chance,,,
oregon,winter-squash,Winter squash,Prime Time,Last Chance,,,,,,Starting Now,Prime Time,Prime Time,Prime Time,Prime Time
oregon,zucchini,Zucchini,,,,,,Starting Now,Prime Time,Prime Time,Prime Time,Last Chance,,
pennsylvania,apples,Apple,Prime Time,Prime Time,Prime Time,Prime Time,Prime Time,Prime Time,Prime Time,Prime Time,Prime Time,Prime Time,Prime Time,Prime Time
pennsylvania,apricots,Apricot,,,,,,,Prime Time,,,,,
pennsylvania,arugula,Rocket,,,,,Starting Now,Prime Time,Prime Time,Prime Time,Last Chance,,,
pennsylvania,asparagus,Asparagus,,,,Starting Now,Prime Time,Last Chance,,,,,,
pennsylvania,basil,-,,,,,,,Starting Now,Prime Time,Last Chance,,,
pennsylvania,beets,Beetroot,,,,,,Starting Now,Prime Time,Prime Time,Prime Time,Prime Time,Prime Time,Last Chance
pennsylvania,blackberries,Blackberry,,,,,,,,Prime Time,,,,
pennsylvania,blueberries,Blueberry,,,,,,,Starting Now,Prime Time,Last Chance,,,
pennsylvania,bok-choy,Bok Choy?,,,,,,,,Starting Now,Prime Time,Last Chance,,
pennsylvania,brambles,--BROAD-CATEGORY--,,,,,,,,Prime Time,,,,
pennsylvania,broccoli,Broccoli,,,,,,Starting Now,Last Chance,,Starting Now,Prime Time,Last Chance,
pennsylvania,brussels-sprouts,Brussels sprouts,,,,,,,,,Starting Now,Prime Time,Prime Time,Last Chance
pennsylvania,cabbage,White cabbage,,,,,Starting Now,Prime Time,Prime Time,Prime Time,Prime Time,Prime Time,Prime Time,Last Chance
pennsylvania,cantaloupe,Cantaloupe?,,,,,,,Starting Now,Prime Time,Last Chance,,,
pennsylvania,cardoons,Cardoon?,,,,,,,,,,Starting Now,Prime Time,Last Chance
pennsylvania,carrots,Carrot,,,,,,,Starting Now,Prime Time,Prime Time,Prime Time,Prime Time,Last Chance
pennsylvania,cauliflower,Cauliflower,,,,,,Starting Now,Last Chance,,Starting Now,Prime Time,Last Chance,
pennsylvania,celery,Celery,Prime Time,Last Chance,,,,Starting Now,Prime Time,Prime Time,Prime Time,Prime Time,Prime Time,Prime Time
pennsylvania,celery-root,-,,,,,,,,,Starting Now,Prime Time,Last Chance,
pennsylvania,chard,Swiss chard?,,,,,Starting Now,Prime Time,Prime Time,Prime Time,Prime Time,Prime Time,Last Chance,
pennsylvania,cherries,Cherry,,,,,,Starting Now,Last Chance,,,,,
pennsylvania,chicories,?,,,,,,,,,Starting Now,Last Chance,,
pennsylvania,chili-peppers,-,,,,,,Starting Now,Prime Time,Prime Time,Last Chance,,,
pennsylvania,chives,-,,,Starting Now,Prime Time,Prime Time,Prime Time,Prime Time,Prime Time,Prime Time,Last Chance,,
pennsylvania,cilantro,-,,,,,Starting Now,Prime Time,Prime Time,Prime Time,Prime Time,Prime Time,Last Chance,
pennsylvania,collard-greens,Collard greens?,,,,,Starting Now,Prime Time,Prime Time,Prime Time,Prime Time,Prime Time,Last Chance,
pennsylvania,corn,Corn,,,,,,,Starting Now,Prime Time,Prime Time,Last Chance,,
pennsylvania,cranberries,-,,,,,,,,,,Starting Now,Prime Time,Last Chance
pennsylvania,cucumbers,Cucumber,,,,,,,Starting Now,Prime Time,Last Chance,,,
pennsylvania,currants,Currants,,,,,,,,Prime Time,,,,
pennsylvania,eggplant,Aubergine,,,,,,,Starting Now,Prime Time,Prime Time,Last Chance,,
pennsylvania,endive,Endive,,,,,,,,,Starting Now,Last Chance,,
pennsylvania,fava-beans,-,,,,,Starting Now,Last Chance,,,,,,
pennsylvania,fennel,Fennel,,,,,,,,,,Starting Now,Last Chance,
pennsylvania,fiddleheads,Fiddleheads,,,,Starting Now,Last Chance,,,,,,,
pennsylvania,garlic,-,,,,,,,Starting Now,Prime Time,Prime Time,Last Chance,,
pennsylvania,garlic-scapes,-,,,,,Starting Now,Last Chance,,,,,,
pennsylvania,gooseberries,Gooseberries,,,,,,Starting Now,Last Chance,,,,,
pennsylvania,grapes,Grapes,,,,,,,,,Prime Time,,,
pennsylvania,green-beans,Green bean,,,,,,,Starting Now,Prime Time,Prime Time,Last Chance,,
pennsylvania,green-onions,-,,,,,Starting Now,Prime Time,Prime Time,Prime Time,Last Chance,,,
pennsylvania,ground-cherries,-,,,,,,Starting Now,Prime Time,Prime Time,Prime Time,Last Chance,,
pennsylvania,horseradish,Horseradish?,Prime Time,Prime Time,Prime Time,Last Chance,,,,,,Starting Now,Prime Time,Prime Time
pennsylvania,kale,Kale,,,,,,Starting Now,Prime Time,Prime Time,Prime Time,Prime Time,Last Chance,
pennsylvania,kohlrabi,Kohlrabi,,,,,,Starting Now,Last Chance,,Starting Now,Last Chance,,
pennsylvania,lamb's-quarters,-,,,,Starting Now,Prime Time,Prime Time,Prime Time,Prime Time,Prime Time,Last Chance,,
pennsylvania,lavender,-,,,,,,,Starting Now,Prime Time,Prime Time,Last Chance,,
pennsylvania,leeks,Leek,,,,,,,,Starting Now,Prime Time,Prime Time,Prime Time,Last Chance
pennsylvania,lettuce,Lettuce,,,,,Starting Now,Prime Time,Prime Time,Prime Time,Prime Time,Last Chance,,
pennsylvania,lima-beans,-,,,,,,,Starting Now,Prime Time,Prime Time,Last Chance,,
pennsylvania,melons,--BROAD-CATEGORY--,,,,,,,Starting Now,Prime Time,Prime Time,Last Chance,,
pennsylvania,mint,-,,,Starting Now,Prime Time,Prime Time,Prime Time,Prime Time,Last Chance,,,,
pennsylvania,morels,-,,,Starting Now,Prime Time,Last Chance,,,,,,,
pennsylvania,mushrooms,-,Prime Time,Prime Time,Prime Time,Prime Time,Prime Time,Prime Time,Prime Time,Prime Time,Prime Time,Prime Time,Prime Time,Prime Time
pennsylvania,mustard-greens,-,,,,,,Starting Now,Prime Time,Prime Time,Prime Time,Prime Time,Last Chance,
pennsylvania,nectarines,Nectarine,,,,,,,,Starting Now,Last Chance,,,
pennsylvania,nettles,-,,,Starting Now,Prime Time,Last Chance,,,,,,,
pennsylvania,okra,Okra?,,,,,,,Starting Now,Prime Time,Prime Time,Last Chance,,
pennsylvania,onions,-,,,,,Starting Now,Prime Time,Prime Time,Prime Time,Last Chance,,,
pennsylvania,oregano,-,,,Starting Now,Prime Time,Prime Time,Prime Time,Prime Time,Last Chance,,,,
pennsylvania,parsley,-,,,,,Starting Now,Prime Time,Prime Time,Prime Time,Prime Time,Prime Time,Last Chance,
pennsylvania,parsnips,Parsnip,,,,Starting Now,Last Chance,,,,,Starting Now,Prime Time,Last Chance
pennsylvania,pawpaw,Pawpaw?,,,,,,,,,Starting Now,Last Chance,,
pennsylvania,pea-shoots,?,,,,Starting Now,Prime Time,Last Chance,,,,,,
pennsylvania,peaches,Peach,,,,,,,Starting Now,Prime Time,Last Chance,,,
pennsylvania,pears,Pear,,,,,,,,Starting Now,Prime Time,Last Chance,,
pennsylvania,peas,Peas,,,,,Starting Now,Last Chance,,,,,,
pennsylvania,peppers,--BROAD-CATEGORY--,,,,,,,Starting Now,Prime Time,Prime Time,Last Chance,,
pennsylvania,plums,Plum,,,,,,,,Starting Now,Last Chance,,,
pennsylvania,potatoes,Potato,Prime Time,Prime Time,Prime Time,Last Chance,,,,Starting Now,Prime Time,Prime Time,Prime Time,Prime Time
pennsylvania,pumpkin,Pumpkin,,,,,,,,,Starting Now,Prime Time,Prime Time,Last Chance
pennsylvania,purslane,-,,,,Starting Now,Prime Time,Prime Time,Prime Time,Prime Time,Prime Time,Last Chance,,
pennsylvania,quince,-,,,,,,,,,,Starting Now,Last Chance,
pennsylvania,radicchio,Radicchio?,,,,,,,,,Starting Now,Last Chance,,
pennsylvania,radishes,Radish?,,,,,Starting Now,Prime Time,Prime Time,Last Chance,,,,
pennsylvania,ramps,-,,,,Starting Now,Last Chance,,,,,,,
pennsylvania,rapini,Rapini,Prime Time,Last Chance,,,Starting Now,Last Chance,,,,Starting Now,Prime Time,Prime Time
pennsylvania,raspberries,Raspberry,,,,,,,Starting Now,Prime Time,Last Chance,,,
pennsylvania,rhubarb,Rhubarb?,,,,,Starting Now,Prime Time,Last Chance,,,,,
pennsylvania,rosemary,-,,,,Starting Now,Prime Time,Prime Time,Prime Time,Prime Time,Prime Time,Prime Time,Last Chance,
pennsylvania,rutabaga,?,,,,,,,,Starting Now,Prime Time,Prime Time,Last Chance,
pennsylvania,sage,-,,,Starting Now,Prime Time,Prime Time,Prime Time,Prime Time,Last Chance,,,,
pennsylvania,salsify,-,Last Chance,,,,,,,,,Starting Now,Prime Time,Prime Time
pennsylvania,shallots,?,Last Chance,,,,,Starting Now,Last Chance,,,,,Starting Now
pennsylvania,shell-beans,-,,,,,,,Starting Now,Prime Time,Prime Time,Last Chance,,
pennsylvania,snap-peas,?,,,,,,Starting Now,Prime Time,Prime Time,Last Chance,,,
pennsylvania,snow-peas,?,,,,,,Starting Now,Prime Time,Prime Time,Last Chance,,,
pennsylvania,sorrel,-,,,,Starting Now,Last Chance,,,,Starting Now,Last Chance,,
pennsylvania,spinach,Spinach,,,,Starting Now,Last Chance,,,,Starting Now,Last Chance,,
pennsylvania,sprouts,-,Prime Time,Prime Time,Prime Time,Prime Time,Prime Time,Prime Time,Prime Time,Prime Time,Prime Time,Prime Time,Prime Time,Prime Time
pennsylvania,strawberries,Strawberry,,,,,,Prime Time,,,,,,
pennsylvania,summer-squash,Summer squash,,,,,,Starting Now,Prime Time,Prime Time,Prime Time,Last Chance,,
pennsylvania,sunchokes,-,Prime Time,,,,,,Prime Time,,,,,
pennsylvania,sweet-potatoes,Sweet potato,,,,,,,,Starting Now,Last Chance,,,
pennsylvania,tarragon,-,,,,Starting Now,Prime Time,Last Chance,,,,,,
pennsylvania,thyme,-,,,,Starting Now,Prime Time,Prime Time,Prime Time,Prime Time,Prime Time,Prime Time,Last Chance,
pennsylvania,tomatillos,?,,,,,,Starting Now,Prime Time,Prime Time,Prime Time,Last Chance,,
pennsylvania,tomatoes,Tomato,,,,Starting Now,Prime Time,Prime Time,Prime Time,Prime Time,Prime Time,Prime Time,Prime Time,Last Chance
pennsylvania,turnips,Turnip,Prime Time,Last Chance,,,,,,Starting Now,Prime Time,Prime Time,Prime Time,Prime Time
pennsylvania,watercress,?,,,,Starting Now,Prime Time,Prime Time,Last Chance,,,,,
pennsylvania,watermelon,Watermelon,,,,,,,Starting Now,Prime Time,Prime Time,Last Chance,,
pennsylvania,winter-squash,Winter squash,,,,,,,,,Starting Now,Prime Time,Prime Time,Last Chance
pennsylvania,zucchini,Zucchini,,,,,,,Starting Now,Prime Time,Last Chance,,,
rhode-island,apples,Apple,,,,,,,Starting Now,Prime Time,Prime Time,Prime Time,Last Chance,
rhode-island,apricots,Apricot,,,,,,,,Starting Now,Last Chance,,,
rhode-island,arugula,Rocket,,,,,Starting Now,Prime Time,Prime Time,Prime Time,Prime Time,Prime Time,Last Chance,
rhode-island,asparagus,Asparagus,,,,Starting Now,Prime Time,Prime Time,Last Chance,,,,,
rhode-island,basil,-,,,,,,Starting Now,Prime Time,Prime Time,Prime Time,Prime Time,Last Chance,
rhode-island,beets,Beetroot,,,,,,Starting Now,Prime Time,Prime Time,Prime Time,Prime Time,Last Chance,
rhode-island,blackberries,Blackberry,,,,,,Starting Now,Prime Time,Prime Time,Last Chance,,,
rhode-island,blueberries,Blueberry,,,,,,,Starting Now,Prime Time,Prime Time,Last Chance,,
rhode-island,bok-choy,Bok Choy?,,,,,,Starting Now,Prime Time,Prime Time,Prime Time,Prime Time,Last Chance,
rhode-island,brambles,--BROAD-CATEGORY--,,,,,,Starting Now,Prime Time,Prime Time,Last Chance,,,
rhode-island,broccoli,Broccoli,,,,,,Starting Now,Prime Time,Prime Time,Prime Time,Last Chance,,
rhode-island,brussels-sprouts,Brussels sprouts,Prime Time,Prime Time,Last Chance,,,,,Starting Now,Prime Time,Prime Time,Prime Time,Prime Time
rhode-island,cabbage,White cabbage,Prime Time,Last Chance,,,,Starting Now,Prime Time,Prime Time,Prime Time,Prime Time,Prime Time,Prime Time
rhode-island,cantaloupe,Cantaloupe?,,,,,,,,Starting Now,Last Chance,,,
rhode-island,cardoons,Cardoon?,,,,,,,,,,Starting Now,Prime Time,Last Chance
rhode-island,carrots,Carrot,,,,,,,Starting Now,Prime Time,Prime Time,Prime Time,Prime Time,Last Chance
rhode-island,cauliflower,Cauliflower,,,,,,Starting Now,Last Chance,,Starting Now,Prime Time,Prime Time,Last Chance
rhode-island,celery,Celery,,,,,,,Starting Now,Prime Time,Prime Time,Prime Time,Last Chance,
rhode-island,celery-root,-,,,,,,,,Starting Now,Prime Time,Prime Time,Prime Time,Last Chance
rhode-island,chard,Swiss chard?,,,,,,Starting Now,Prime Time,Prime Time,Prime Time,Prime Time,Prime Time,Last Chance
rhode-island,cherries,Cherry,,,,,,Starting Now,Last Chance,,,,,
rhode-island,chicories,?,,,,,,,,,Starting Now,Last Chance,,
rhode-island,chili-peppers,-,,,,,,,Starting Now,Prime Time,Prime Time,Last Chance,,
rhode-island,chives,-,,,,,Starting Now,Prime Time,Prime Time,Prime Time,Prime Time,Prime Time,Last Chance,
rhode-island,cilantro,-,,,,,,Starting Now,Prime Time,Prime Time,Prime Time,Prime Time,Prime Time,Last Chance
rhode-island,collard-greens,Collard greens?,,,,,,Starting Now,Prime Time,Prime Time,Prime Time,Prime Time,Last Chance,
rhode-island,corn,Corn,,,,,,,Starting Now,Prime Time,Prime Time,Last Chance,,
rhode-island,cranberries,-,,,,,,,,,Starting Now,Prime Time,Prime Time,Last Chance
rhode-island,cucumbers,Cucumber,,,,,,,Starting Now,Prime Time,Prime Time,Last Chance,,
rhode-island,currants,Currants,,,,,,,Starting Now,Last Chance,,,,
rhode-island,edamame,-,,,,,,,,Starting Now,Prime Time,Last Chance,,
rhode-island,eggplant,Aubergine,,,,,,,Starting Now,Prime Time,Prime Time,Last Chance,,
rhode-island,endive,Endive,,,,,,,,,Starting Now,Last Chance,,
rhode-island,fava-beans,-,,,,,,Starting Now,Prime Time,Prime Time,Last Chance,,,
rhode-island,fennel,Fennel,,,,,,Starting Now,Prime Time,Prime Time,Prime Time,Prime Time,Last Chance,
rhode-island,fiddleheads,Fiddleheads,,,,Starting Now,Last Chance,,,,,,,
rhode-island,garlic,-,,,,,,,Starting Now,Prime Time,Prime Time,Last Chance,,
rhode-island,garlic-scapes,-,,,,,Starting Now,Last Chance,,,,,,
rhode-island,gooseberries,Gooseberries,,,,,,Starting Now,Prime Time,Last Chance,,,,
rhode-island,grapes,Grapes,,,,,,,,,Starting Now,Last Chance,,
rhode-island,green-beans,Green bean,,,,,,Starting Now,Prime Time,Prime Time,Prime Time,Prime Time,Last Chance,
rhode-island,green-onions,-,,,,,Starting Now,Prime Time,Prime Time,Prime Time,Prime Time,Prime Time,Prime Time,Last Chance
rhode-island,ground-cherries,-,,,,,,Starting Now,Prime Time,Prime Time,Prime Time,Last Chance,,
rhode-island,horseradish,Horseradish?,,,,,,,,,Starting Now,Prime Time,Last Chance,
rhode-island,kale,Kale,Prime Time,Prime Time,Prime Time,Prime Time,Prime Time,Prime Time,Prime Time,Prime Time,Prime Time,Prime Time,Prime Time,Prime Time
rhode-island,kohlrabi,Kohlrabi,,,,,,Starting Now,Prime Time,Prime Time,Prime Time,Last Chance,,
rhode-island,lamb's-quarters,-,,,,Starting Now,Prime Time,Prime Time,Prime Time,Prime Time,Prime Time,Prime Time,Last Chance,
rhode-island,lavender,-,,,,,,,Starting Now,Prime Time,Prime Time,Last Chance,,
rhode-island,leeks,Leek,Prime Time,Last Chance,,,Starting Now,Prime Time,Prime Time,Prime Time,Prime Time,Prime Time,Prime Time,Prime Time
rhode-island,lettuce,Lettuce,,,,,Starting Now,Prime Time,Prime Time,Prime Time,Prime Time,Last Chance,,
rhode-island,lima-beans,-,,,,,,,,Starting Now,Prime Time,Last Chance,,
rhode-island,melons,--BROAD-CATEGORY--,,,,,,,,Starting Now,Prime Time,Last Chance,,
rhode-island,mint,-,,,,,,Starting Now,Prime Time,Prime Time,Prime Time,Prime Time,Last Chance,
rhode-island,morels,-,,,Starting Now,Prime Time,Last Chance,,,,,,,
rhode-island,mushrooms,-,Prime Time,Prime Time,Prime Time,Prime Time,Prime Time,Prime Time,Prime Time,Prime Time,Prime Time,Prime Time,Prime Time,Prime Time
rhode-island,mustard-greens,-,,,,,,Starting Now,Prime Time,Prime Time,Prime Time,Prime Time,Prime Time,Last Chance
rhode-island,nectarines,Nectarine,,,,,,,Starting Now,Prime Time,Prime Time,Last Chance,,
rhode-island,nettles,-,,,,Starting Now,Prime Time,Last Chance,,,,,,
rhode-island,okra,Okra?,,,,,,,Starting Now,Prime Time,Last Chance,,,
rhode-island,onions,-,,,,,,,Starting Now,Prime Time,Prime Time,Last Chance,,
rhode-island,oregano,-,,,,,,Starting Now,Prime Time,Prime Time,Prime Time,Prime Time,Last Chance,
rhode-island,parsley,-,,,,Starting Now,Prime Time,Prime Time,Prime Time,Prime Time,Prime Time,Prime Time,Last Chance,
rhode-island,parsnips,Parsnip,Last Chance,,,Starting Now,Last Chance,,Starting Now,Prime Time,Prime Time,Prime Time,Prime Time,Prime Time
rhode-island,pawpaw,Pawpaw?,,,,,,,,,,Prime Time,,
rhode-island,pea-shoots,?,,,,Starting Now,Prime Time,Last Chance,,,,,,
rhode-island,peaches,Peach,,,,,,,Starting Now,Prime Time,Last Chance,,,
rhode-island,pears,Pear,,,,,,,,Starting Now,Prime Time,Last Chance,,
rhode-island,peas,Peas,,,,,,Starting Now,Last Chance,,,,,
rhode-island,peppers,--BROAD-CATEGORY--,,,,,,,Starting Now,Prime Time,Prime Time,Last Chance,,
rhode-island,plums,Plum,,,,,,,,Starting Now,Prime Time,Last Chance,,
rhode-island,potatoes,Potato,,,,,,,Starting Now,Prime Time,Prime Time,Last Chance,,
rhode-island,pumpkin,Pumpkin,,,,,,,,,Starting Now,Last Chance,,
rhode-island,purslane,-,,,,Starting Now,Prime Time,Prime Time,Prime Time,Prime Time,Prime Time,Prime Time,Last Chance,
rhode-island,quince,-,,,,,,,,,,Starting Now,Last Chance,
rhode-island,radicchio,Radicchio?,,,,,,Starting Now,Prime Time,Prime Time,Prime Time,Prime Time,Last Chance,
rhode-island,radishes,Radish?,,,,,Starting Now,Prime Time,Prime Time,Prime Time,Prime Time,Prime Time,Prime Time,Last Chance
rhode-island,ramps,-,,,,Starting Now,Prime Time,Last Chance,,,,,,
rhode-island,rapini,Rapini,,,,,,Starting Now,Prime Time,Prime Time,Prime Time,Prime Time,Last Chance,
rhode-island,raspberries,Raspberry,,,,,,,Starting Now,Prime Time,Prime Time,Last Chance,,
rhode-island,rhubarb,Rhubarb?,,,,,Starting Now,Prime Time,Prime Time,Prime Time,Prime Time,Last Chance,,
rhode-island,rosemary,-,,,,Starting Now,Prime Time,Prime Time,Prime Time,Prime Time,Prime Time,Prime Time,Last Chance,
rhode-island,rutabaga,?,,,,,,,,Starting Now,Prime Time,Prime Time,Last Chance,
rhode-island,sage,-,,,,,,Starting Now,Prime Time,Prime Time,Prime Time,Prime Time,Last Chance,
rhode-island,salsify,-,Last Chance,,,,,,,,,Starting Now,Prime Time,Prime Time
rhode-island,shallots,?,,,,,,,Starting Now,Prime Time,Prime Time,Last Chance,,
rhode-island,shell-beans,-,,,,,,,Starting Now,Prime Time,Prime Time,Last Chance,,
rhode-island,snap-peas,?,,,,,,,Starting Now,Prime Time,Prime Time,Last Chance,,
rhode-island,snow-peas,?,,,,,,,Starting Now,Prime Time,Prime Time,Last Chance,,
rhode-island,sorrel,-,,,,Starting Now,Prime Time,Prime Time,Prime Time,Prime Time,Prime Time,Prime Time,Last Chance,
rhode-island,spinach,Spinach,,,,,Starting Now,Prime Time,Prime Time,Prime Time,Prime Time,Last Chance,,
rhode-island,sprouts,-,Prime Time,Prime Time,Prime Time,Prime Time,Prime Time,Prime Time,Prime Time,Prime Time,Prime Time,Prime Time,Prime Time,Prime Time
rhode-island,strawberries,Strawberry,,,,,,Starting Now,Last Chance,,,,,
rhode-island,summer-squash,Summer squash,,,,,Starting Now,Prime Time,Prime Time,Prime Time,Prime Time,Last Chance,,
rhode-island,sunchokes,-,,,,,,,Prime Time,,,,,
rhode-island,sweet-potatoes,Sweet potato,,,,,,,,Starting Now,Prime Time,Last Chance,,
rhode-island,tarragon,-,,,,,,Starting Now,Prime Time,Prime Time,Prime Time,Prime Time,Last Chance,
rhode-island,thyme,-,,,,Starting Now,Prime Time,Prime Time,Prime Time,Prime Time,Prime Time,Prime Time,Last Chance,
rhode-island,tomatillos,?,,,,,,Starting Now,Prime Time,Prime Time,Prime Time,Last Chance,,
rhode-island,tomatoes,Tomato,,,,,,,Starting Now,Prime Time,Prime Time,Last Chance,,
rhode-island,turnips,Turnip,,,,,,,Starting Now,Prime Time,Prime Time,Prime Time,Last Chance,
rhode-island,watercress,?,,,,,,Starting Now,Prime Time,Prime Time,Prime Time,Prime Time,Last Chance,
rhode-island,watermelon,Watermelon,,,,,,,Starting Now,Prime Time,Prime Time,Last Chance,,
rhode-island,winter-squash,Winter squash,,,,,Starting Now,Prime Time,Prime Time,Prime Time,Prime Time,Last Chance,,
rhode-island,zucchini,Zucchini,,,,,,Starting Now,Prime Time,Prime Time,Prime Time,Last Chance,,
south-carolina,apples,Apple,,,,,,,,,Starting Now,Prime Time,Prime Time,Last Chance
south-carolina,arugula,Rocket,,,,Starting Now,Prime Time,Last Chance,,,,,,
south-carolina,asparagus,Asparagus,,,Starting Now,Prime Time,Last Chance,,,,,,,
south-carolina,basil,-,,,,,Starting Now,Prime Time,Prime Time,Prime Time,Last Chance,,,
south-carolina,beets,Beetroot,Prime Time,Prime Time,Prime Time,Prime Time,Prime Time,Prime Time,Prime Time,Prime Time,Prime Time,Prime Time,Prime Time,Prime Time
south-carolina,black-eyed-peas,-,,,,,,Starting Now,Prime Time,Last Chance,,,,
south-carolina,blackberries,Blackberry,,,,,,Starting Now,Last Chance,,,,,
south-carolina,blueberries,Blueberry,,,,,,Starting Now,Last Chance,,,,,
south-carolina,bok-choy,Bok Choy?,,,Starting Now,Prime Time,Prime Time,Last Chance,,,Starting Now,Last Chance,,
south-carolina,brambles,--BROAD-CATEGORY--,,,,,,Starting Now,Last Chance,,,,,
south-carolina,broccoli,Broccoli,,,,,Starting Now,Prime Time,Last Chance,,,Starting Now,Prime Time,Last Chance
south-carolina,brussels-sprouts,Brussels sprouts,Prime Time,Last Chance,,,,,,,,,Starting Now,Prime Time
south-carolina,cabbage,White cabbage,,,,Starting Now,Prime Time,Last Chance,,,,,,
south-carolina,cantaloupe,Cantaloupe?,,,,,,Starting Now,Prime Time,Last Chance,,,,
south-carolina,cardoons,Cardoon?,,,,,,,,,,Starting Now,Prime Time,Last Chance
south-carolina,carrots,Carrot,Prime Time,Prime Time,Prime Time,Prime Time,Last Chance,,,,,Starting Now,Prime Time,Prime Time
south-carolina,cauliflower,Cauliflower,,,,,,,,,,Starting Now,Prime Time,Last Chance
south-carolina,celery,Celery,Prime Time,Last Chance,,,,,,,,Starting Now,Prime Time,Prime Time
south-carolina,celery-root,-,Prime Time,Last Chance,,,,,,,,Starting Now,Prime Time,Prime Time
south-carolina,chard,Swiss chard?,Prime Time,Prime Time,Prime Time,Prime Time,Last Chance,,,,,Starting Now,Prime Time,Prime Time
south-carolina,cherries,Cherry,,,,,,Starting Now,Last Chance,,,,,
south-carolina,chicories,?,,,,,,,,,Starting Now,Prime Time,Prime Time,Last Chance
south-carolina,chili-peppers,-,,,,,Starting Now,Prime Time,Prime Time,Prime Time,Last Chance,,,
south-carolina,chives,-,,,Starting Now,Prime Time,Prime Time,Prime Time,Prime Time,Prime Time,Prime Time,Last Chance,,
south-carolina,cilantro,-,Prime Time,Prime Time,Prime Time,Prime Time,Prime Time,Prime Time,Prime Time,Prime Time,Prime Time,Prime Time,Prime Time,Prime Time
south-carolina,collard-greens,Collard greens?,Prime Time,Prime Time,Prime Time,Prime Time,Prime Time,Prime Time,Prime Time,Prime Time,Prime Time,Prime Time,Prime Time,Prime Time
south-carolina,corn,Corn,,,,,Starting Now,Prime Time,Prime Time,Last Chance,,,,
south-carolina,cucumbers,Cucumber,,,,,Starting Now,Last Chance,,,,Prime Time,,
south-carolina,edamame,-,,,,,,Starting Now,Prime Time,Prime Time,Last Chance,,,
south-carolina,eggplant,Aubergine,,,,,,Starting Now,Prime Time,Prime Time,Prime Time,Last Chance,,
south-carolina,endive,Endive,,,,,,,,,Starting Now,Prime Time,Prime Time,Last Chance
south-carolina,figs,Fig,,,,,,,Starting Now,Last Chance,,,,
south-carolina,garlic,-,,,,,Starting Now,Prime Time,Prime Time,Prime Time,Prime Time,Last Chance,,
south-carolina,garlic-scapes,-,,,Starting Now,Prime Time,Last Chance,,,,,,,
south-carolina,gooseberries,Gooseberries,,,,,,,Starting Now,Last Chance,,,,
south-carolina,grapes,Grapes,,,,,,,,,Starting Now,Prime Time,Last Chance,
south-carolina,green-beans,Green bean,,,,,Starting Now,Prime Time,Prime Time,Prime Time,Prime Time,Last Chance,,
south-carolina,green-onions,-,Starting Now,Prime Time,Prime Time,Prime Time,Prime Time,Prime Time,Prime Time,Prime Time,Prime Time,Prime Time,Last Chance,
south-carolina,ground-cherries,-,,,,,,,,,,Starting Now,Last Chance,
south-carolina,horseradish,Horseradish?,Prime Time,Prime Time,Prime Time,Last Chance,,,,,,Starting Now,Prime Time,Prime Time
south-carolina,kale,Kale,Prime Time,Prime Time,Prime Time,Prime Time,Prime Time,Prime Time,Prime Time,Prime Time,Prime Time,Prime Time,Prime Time,Prime Time
south-carolina,kohlrabi,Kohlrabi,Prime Time,Prime Time,Last Chance,,,,,,,Starting Now,Prime Time,Prime Time
south-carolina,lamb's-quarters,-,,,Starting Now,Prime Time,Prime Time,Prime Time,Prime Time,Prime Time,Prime Time,Prime Time,Last Chance,
south-carolina,lavender,-,,,,,,,Starting Now,Prime Time,Prime Time,Last Chance,,
south-carolina,leeks,Leek,Prime Time,Prime Time,Prime Time,Prime Time,Prime Time,Prime Time,Prime Time,Prime Time,Prime Time,Prime Time,Prime Time,Prime Time
south-carolina,lettuce,Lettuce,Prime Time,Prime Time,Prime Time,Prime Time,Prime Time,Prime Time,Prime Time,Prime Time,Prime Time,Prime Time,Prime Time,Prime Time
south-carolina,lima-beans,-,,,,,,,Starting Now,Prime Time,Prime Time,Prime Time,Last Chance,
south-carolina,loquats,Loquat?,,,,Starting Now,Prime Time,Last Chance,,,,,,
south-carolina,melons,--BROAD-CATEGORY--,,,,,,Starting Now,Prime Time,Prime Time,Last Chance,,,
south-carolina,mint,-,,,,Starting Now,Prime Time,Prime Time,Prime Time,Prime Time,Prime Time,Last Chance,,
south-carolina,mushrooms,-,Prime Time,Prime Time,Prime Time,Prime Time,Prime Time,Prime Time,Prime Time,Prime Time,Prime Time,Prime Time,Prime Time,Prime Time
south-carolina,mustard-greens,-,Prime Time,Prime Time,Prime Time,Prime Time,Prime Time,Prime Time,Prime Time,Prime Time,Prime Time,Prime Time,Prime Time,Prime Time
south-carolina,nectarines,Nectarine,,,,,Starting Now,Prime Time,Prime Time,Last Chance,,,,
south-carolina,okra,Okra?,,,,,,,Starting Now,Prime Time,Prime Time,Last Chance,,
south-carolina,onions,-,,,Starting Now,Prime Time,Prime Time,Prime Time,Prime Time,Prime Time,Prime Time,Prime Time,Last Chance,
south-carolina,oregano,-,,,,Starting Now,Prime Time,Prime Time,Prime Time,Prime Time,Prime Time,Last Chance,,
south-carolina,parsley,-,,Starting Now,Prime Time,Prime Time,Prime Time,Prime Time,Prime Time,Prime Time,Prime Time,Prime Time,Prime Time,Last Chance
south-carolina,parsnips,Parsnip,,,,,,,,,,Starting Now,Prime Time,Last Chance
south-carolina,pawpaw,Pawpaw?,,,,,,,,Starting Now,Last Chance,,,
south-carolina,pea-shoots,?,,,Starting Now,Last Chance,,,,,,,,
south-carolina,peaches,Peach,,,,,Starting Now,Prime Time,Prime Time,Prime Time,Last Chance,,,
south-carolina,peanuts,-,,,,,,,Starting Now,Prime Time,Last Chance,,,
south-carolina,pears,Pear,,,,,,,,Starting Now,Prime Time,Last Chance,,
south-carolina,peas,Peas,,,,,Starting Now,Prime Time,Prime Time,Prime Time,Prime Time,Prime Time,Last Chance,
south-carolina,pecans,-,,,,,,,,,,Starting Now,Prime Time,Last Chance
south-carolina,peppers,--BROAD-CATEGORY--,,,,,,Starting Now,Prime Time,Prime Time,Prime Time,Prime Time,Last Chance,
south-carolina,persimmons,Persimmon,,,,,,,,,Starting Now,Prime Time,Last Chance,
south-carolina,plums,Plum,,,,,Starting Now,Prime Time,Prime Time,Last Chance,,,,
south-carolina,potatoes,Potato,,,,,Starting Now,Prime Time,Prime Time,Prime Time,Last Chance,,,
south-carolina,pumpkin,Pumpkin,,,,,,,,,Starting Now,Prime Time,Last Chance,
south-carolina,purslane,-,,,Starting Now,Prime Time,Prime Time,Prime Time,Prime Time,Prime Time,Prime Time,Prime Time,Last Chance,
south-carolina,quince,-,,,,,,,,,,Starting Now,Last Chance,
south-carolina,radicchio,Radicchio?,,,,,,,,,Starting Now,Prime Time,Prime Time,Last Chance
south-carolina,radishes,Radish?,,Starting Now,Prime Time,Prime Time,Prime Time,Prime Time,Last Chance,,Starting Now,Prime Time,Prime Time,Last Chance
south-carolina,rapini,Rapini,Prime Time,Last Chance,,,Starting Now,Last Chance,,,,Starting Now,Prime Time,Prime Time
south-carolina,raspberries,Raspberry,,,,,,Starting Now,Prime Time,Prime Time,Prime Time,Last Chance,,
south-carolina,rosemary,-,,,,Starting Now,Prime Time,Prime Time,Prime Time,Prime Time,Prime Time,Prime Time,Last Chance,
south-carolina,sage,-,,,,Starting Now,Prime Time,Prime Time,Prime Time,Prime Time,Prime Time,Prime Time,Last Chance,
south-carolina,shallots,?,,Starting Now,Last Chance,,,Starting Now,Last Chance,,,,,
south-carolina,shell-beans,-,,,,,,,Starting Now,Prime Time,Prime Time,Prime Time,Last Chance,
south-carolina,snap-peas,?,,Starting Now,Prime Time,Prime Time,Last Chance,,,,,,,
south-carolina,snow-peas,?,,Starting Now,Prime Time,Prime Time,Last Chance,,,,,,,
south-carolina,sorrel,-,Prime Time,Prime Time,Prime Time,Prime Time,Last Chance,,,,,,Starting Now,Prime Time
south-carolina,spinach,Spinach,Prime Time,Prime Time,Prime Time,Prime Time,Last Chance,,,,,,Starting Now,Prime Time
south-carolina,sprouts,-,Prime Time,Prime Time,Prime Time,Prime Time,Prime Time,Prime Time,Prime Time,Prime Time,Prime Time,Prime Time,Prime Time,Prime Time
south-carolina,strawberries,Strawberry,,,Starting Now,Prime Time,Prime Time,Last Chance,,,,,,
south-carolina,summer-squash,Summer squash,,,,,Starting Now,Prime Time,Prime Time,Prime Time,Prime Time,Last Chance,,
south-carolina,sunchokes,-,Starting Now,Prime Time,Last Chance,,Starting Now,Prime Time,Last Chance,,,,,
south-carolina,sweet-potatoes,Sweet potato,,,,,,,,Starting Now,Prime Time,Prime Time,Prime Time,Last Chance
south-carolina,tarragon,-,,,,Starting Now,Prime Time,Last Chance,,,,,,
south-carolina,thyme,-,,,,Starting Now,Prime Time,Prime Time,Prime Time,Prime Time,Prime Time,Prime Time,Last Chance,
south-carolina,tomatillos,?,,,,,,Starting Now,Last Chance,,,Starting Now,Last Chance,
south-carolina,tomatoes,Tomato,,,,,,Starting Now,Last Chance,,,Starting Now,Last Chance,
south-carolina,turnips,Turnip,Prime Time,Prime Time,Prime Time,Prime Time,Prime Time,Prime Time,Prime Time,Prime Time,Prime Time,Prime Time,Prime Time,Prime Time
south-carolina,watercress,?,,,,Starting Now,Prime Time,Prime Time,Prime Time,Last Chance,,,,
south-carolina,watermelon,Watermelon,,,,,,Starting Now,Last Chance,,Starting Now,Last Chance,,
south-carolina,winter-squash,Winter squash,,,,,,,,Starting Now,Prime Time,Prime Time,Prime Time,Last Chance
south-carolina,zucchini,Zucchini,,,,,Starting Now,Prime Time,Prime Time,Prime Time,Prime Time,Last Chance,,
south-dakota,apples,Apple,,,,,,,,Starting Now,Prime Time,Prime Time,Last Chance,
south-dakota,apricots,Apricot,,,,,,,Starting Now,Last Chance,,,,
south-dakota,arugula,Rocket,,,,,,Starting Now,Prime Time,Prime Time,Last Chance,,,
south-dakota,asian-pears,?,,,,,,,,Starting Now,Last Chance,,,
south-dakota,asparagus,Asparagus,,,,,Starting Now,Last Chance,,,,,,
south-dakota,basil,-,,,,,,,,Starting Now,Last Chance,,,
south-dakota,beets,Beetroot,,,,,,Starting Now,Prime Time,Prime Time,Prime Time,Last Chance,,
south-dakota,blackberries,Blackberry,,,,,,,Starting Now,Last Chance,,,,
south-dakota,blueberries,Blueberry,,,,,,,Starting Now,Last Chance,,,,
south-dakota,bok-choy,Bok Choy?,,,,,,,,Starting Now,Last Chance,,,
south-dakota,boysenberries,?,,,,,,Starting Now,Last Chance,,,,,
south-dakota,brambles,--BROAD-CATEGORY--,,,,,,Starting Now,Prime Time,Last Chance,,,,
south-dakota,broccoli,Broccoli,,,,,,Starting Now,Prime Time,Prime Time,Prime Time,Last Chance,,
south-dakota,brussels-sprouts,Brussels sprouts,,,,,,,,Starting Now,Prime Time,Prime Time,Last Chance,
south-dakota,cabbage,White cabbage,,,,,,Starting Now,Prime Time,Prime Time,Prime Time,Prime Time,Last Chance,
south-dakota,cantaloupe,Cantaloupe?,,,,,,,Starting Now,Prime Time,Last Chance,,,
south-dakota,cardoons,Cardoon?,,,,,,,,,,Starting Now,Prime Time,Last Chance
south-dakota,carrots,Carrot,,,,,,,,Starting Now,Prime Time,Prime Time,Last Chance,
south-dakota,cauliflower,Cauliflower,,,,,,,,Starting Now,Prime Time,Prime Time,Last Chance,
south-dakota,celery,Celery,,,,,,,Starting Now,Prime Time,Prime Time,Last Chance,,
south-dakota,celery-root,-,,,,,,,Starting Now,Prime Time,Prime Time,Last Chance,,
south-dakota,chard,Swiss chard?,,,,,,,Starting Now,Prime Time,Last Chance,,,
south-dakota,cherries,Cherry,,,,,,Starting Now,Last Chance,,,,,
south-dakota,chili-peppers,-,,,,,,,Starting Now,Prime Time,Last Chance,,,
south-dakota,chives,-,,,Starting Now,Prime Time,Prime Time,Prime Time,Prime Time,Prime Time,Prime Time,Last Chance,,
south-dakota,cilantro,-,,,,,,,,Starting Now,Prime Time,Prime Time,Last Chance,
south-dakota,collard-greens,Collard greens?,,,,,Starting Now,Prime Time,Prime Time,Prime Time,Prime Time,Last Chance,,
south-dakota,corn,Corn,,,,,,,Starting Now,Prime Time,Last Chance,,,
south-dakota,cucumbers,Cucumber,,,,,,,Starting Now,Prime Time,Last Chance,,,
south-dakota,eggplant,Aubergine,,,,,,,Starting Now,Prime Time,Prime Time,Last Chance,,
south-dakota,garlic,-,,,,,,,,Starting Now,Prime Time,Prime Time,Last Chance,
south-dakota,garlic-scapes,-,,,,,,Prime Time,,,,,,
south-dakota,gooseberries,Gooseberries,,,,,,,Starting Now,Last Chance,,,,
south-dakota,grapes,Grapes,,,,,,,,Starting Now,Last Chance,,,
south-dakota,green-beans,Green bean,,,,,,,Starting Now,Prime Time,Last Chance,,,
south-dakota,green-onions,-,,,,,,Starting Now,Prime Time,Prime Time,Last Chance,,,
south-dakota,ground-cherries,-,,,,,,,Starting Now,Prime Time,Last Chance,,,
south-dakota,horseradish,Horseradish?,Prime Time,Prime Time,Prime Time,Last Chance,,,,,,Starting Now,Prime Time,Prime Time
south-dakota,kale,Kale,,,,,,,Starting Now,Prime Time,Prime Time,Last Chance,,
south-dakota,kohlrabi,Kohlrabi,,,,,,Starting Now,Prime Time,Prime Time,Last Chance,,,
south-dakota,lamb's-quarters,-,,,,,Starting Now,Prime Time,Prime Time,Prime Time,Prime Time,Last Chance,,
south-dakota,lavender,-,,,,,,,Starting Now,Prime Time,Prime Time,Last Chance,,
south-dakota,leeks,Leek,,,,,,,,Starting Now,Prime Time,Last Chance,,
south-dakota,lettuce,Lettuce,,,,,,Starting Now,Prime Time,Prime Time,Last Chance,,,
south-dakota,lima-beans,-,,,,,,,Starting Now,Prime Time,Last Chance,,,
south-dakota,melons,--BROAD-CATEGORY--,,,,,,,,Starting Now,Last Chance,,,
south-dakota,mint,-,,,,Starting Now,Prime Time,Prime Time,Prime Time,Prime Time,Prime Time,Last Chance,,
south-dakota,mushrooms,-,Prime Time,Prime Time,Prime Time,Prime Time,Prime Time,Prime Time,Prime Time,Prime Time,Prime Time,Prime Time,Prime Time,Prime Time
south-dakota,mustard-greens,-,,,,,,,Starting Now,Prime Time,Prime Time,Last Chance,,
south-dakota,nectarines,Nectarine,,,,,,,Starting Now,Last Chance,,,,
south-dakota,onions,-,,,,,,,,,Starting Now,Prime Time,Last Chance,
south-dakota,oregano,-,,,,Starting Now,Prime Time,Prime Time,Prime Time,Prime Time,Prime Time,Last Chance,,
south-dakota,parsley,-,,,,,,Starting Now,Prime Time,Prime Time,Last Chance,,,
south-dakota,parsnips,Parsnip,,,,Starting Now,Last Chance,,,,,Starting Now,Last Chance,
south-dakota,pea-shoots,?,,,,,,Starting Now,Last Chance,,,,,
south-dakota,pears,Pear,,,,,,,,Starting Now,Prime Time,Last Chance,,
south-dakota,peas,Peas,,,,,,,Starting Now,Last Chance,,,,
south-dakota,peppers,--BROAD-CATEGORY--,,,,,,,Starting Now,Prime Time,Last Chance,,,
south-dakota,plums,Plum,,,,,,,,,Prime Time,,,
south-dakota,potatoes,Potato,,,,,,,,Starting Now,Prime Time,Prime Time,Last Chance,
south-dakota,pumpkin,Pumpkin,,,,,,,,,Starting Now,Last Chance,,
south-dakota,purslane,-,,,,,Starting Now,Prime Time,Prime Time,Prime Time,Prime Time,Last Chance,,
south-dakota,quince,-,,,,,,,,,Starting Now,Last Chance,,
south-dakota,radicchio,Radicchio?,,,,,,,,,Starting Now,Prime Time,Prime Time,Last Chance
south-dakota,radishes,Radish?,,,,,Starting Now,Prime Time,Prime Time,Prime Time,Prime Time,Last Chance,,
south-dakota,ramps,-,,,,Starting Now,Prime Time,Last Chance,,,,,,
south-dakota,rapini,Rapini,Prime Time,Last Chance,,,Starting Now,Last Chance,,,,Starting Now,Prime Time,Prime Time
south-dakota,raspberries,Raspberry,,,,,,Starting Now,Prime Time,Prime Time,Prime Time,Last Chance,,
south-dakota,rhubarb,Rhubarb?,,,,,Starting Now,Prime Time,Prime Time,Prime Time,Last Chance,,,
south-dakota,rosemary,-,,,,Starting Now,Prime Time,Prime Time,Prime Time,Prime Time,Prime Time,Prime Time,Last Chance,
south-dakota,rutabaga,?,,,,,,,,,,Starting Now,Last Chance,
south-dakota,sage,-,,,,Starting Now,Prime Time,Prime Time,Prime Time,Prime Time,Prime Time,Last Chance,,
south-dakota,salsify,-,Last Chance,,,,,,,,,Starting Now,Prime Time,Prime Time
south-dakota,shallots,?,,,,,,,Starting Now,Prime Time,Last Chance,,,
south-dakota,shell-beans,-,,,,,,,Starting Now,Prime Time,Last Chance,,,
south-dakota,snap-peas,?,,,,,,,Starting Now,Last Chance,,,,
south-dakota,snow-peas,?,,,,,,,Starting Now,Last Chance,,,,
south-dakota,sorrel,-,,,,,Starting Now,Prime Time,Prime Time,Prime Time,Prime Time,Last Chance,,
south-dakota,spinach,Spinach,,,,,Starting Now,Prime Time,Prime Time,Prime Time,Prime Time,Last Chance,,
south-dakota,sprouts,-,Prime Time,Prime Time,Prime Time,Prime Time,Prime Time,Prime Time,Prime Time,Prime Time,Prime Time,Prime Time,Prime Time,Prime Time
south-dakota,strawberries,Strawberry,,,,,,Starting Now,Last Chance,,,,,
south-dakota,summer-squash,Summer squash,,,,,,,Starting Now,Prime Time,Prime Time,Prime Time,Last Chance,
south-dakota,sunchokes,-,,,,,,,Starting Now,Last Chance,,,,
south-dakota,tarragon,-,,,,Starting Now,Prime Time,Last Chance,,,,,,
south-dakota,thyme,-,,,,Starting Now,Prime Time,Prime Time,Prime Time,Prime Time,Prime Time,Prime Time,Last Chance,
south-dakota,tomatillos,?,,,,,,,Starting Now,Prime Time,Last Chance,,,
south-dakota,tomatoes,Tomato,,,,,,,Starting Now,Prime Time,Last Chance,,,
south-dakota,turnips,Turnip,,,,,,,,Starting Now,Prime Time,Prime Time,Last Chance,
south-dakota,watercress,?,,,,Starting Now,Prime Time,Prime Time,Last Chance,,,,,
south-dakota,watermelon,Watermelon,,,,,,,,Starting Now,Last Chance,,,
south-dakota,winter-squash,Winter squash,,,,,,,Starting Now,Prime Time,Prime Time,Prime Time,Last Chance,
south-dakota,zucchini,Zucchini,,,,,,,Starting Now,Prime Time,Prime Time,Prime Time,Last Chance,
tennessee,apples,Apple,,,,,,Starting Now,Prime Time,Prime Time,Prime Time,Prime Time,Last Chance,
tennessee,apricots,Apricot,,,,,,,Starting Now,Last Chance,,,,
tennessee,arugula,Rocket,,,Starting Now,Prime Time,Last Chance,,,,Starting Now,Prime Time,Last Chance,
tennessee,asian-pears,?,,,,,,,,Starting Now,Prime Time,Last Chance,,
tennessee,asparagus,Asparagus,,,,Starting Now,Last Chance,,,,,,,
tennessee,basil,-,,,,,Starting Now,Prime Time,Prime Time,Prime Time,Prime Time,Prime Time,Last Chance,
tennessee,beets,Beetroot,,,,,,Starting Now,Prime Time,Prime Time,Prime Time,Prime Time,Last Chance,
tennessee,black-eyed-peas,-,,,,,,Starting Now,Prime Time,Last Chance,,,,
tennessee,blackberries,Blackberry,,,,,,Starting Now,Prime Time,Prime Time,Last Chance,,,
tennessee,blueberries,Blueberry,,,,,,Starting Now,Prime Time,Last Chance,,,,
tennessee,bok-choy,Bok Choy?,,,,Starting Now,Prime Time,Last Chance,,,,Starting Now,Last Chance,
tennessee,boysenberries,?,,,,,,Starting Now,Prime Time,Last Chance,,,,
tennessee,brambles,--BROAD-CATEGORY--,,,,,,Starting Now,Prime Time,Prime Time,Last Chance,,,
tennessee,broccoli,Broccoli,,,,Starting Now,Prime Time,Last Chance,,,,Prime Time,,
tennessee,brussels-sprouts,Brussels sprouts,,,,,,,,,Starting Now,Prime Time,Prime Time,Last Chance
tennessee,cabbage,White cabbage,,,,Starting Now,Prime Time,Prime Time,Prime Time,Prime Time,Prime Time,Prime Time,Last Chance,
tennessee,cantaloupe,Cantaloupe?,,,,,,Starting Now,Prime Time,Prime Time,Last Chance,,,
tennessee,cardoons,Cardoon?,,,,,,,,,,Starting Now,Prime Time,Last Chance
tennessee,carrots,Carrot,,,,,Starting Now,Last Chance,,,,Starting Now,Prime Time,Last Chance
tennessee,cauliflower,Cauliflower,,,,,Starting Now,Last Chance,,,,,,
tennessee,celery,Celery,,,,,,,Starting Now,Prime Time,Prime Time,Prime Time,Last Chance,
tennessee,celery-root,-,Last Chance,,,,,,,,,Starting Now,Prime Time,Prime Time
tennessee,chard,Swiss chard?,,,Starting Now,Prime Time,Prime Time,Prime Time,Prime Time,Prime Time,Prime Time,Prime Time,Prime Time,Last Chance
tennessee,cherries,Cherry,,,,,,Starting Now,Last Chance,,,,,
tennessee,chicories,?,,,,,,,,,,Starting Now,Prime Time,Last Chance
tennessee,chili-peppers,-,,,,,,,,Starting Now,Last Chance,,,
tennessee,chives,-,,,Starting Now,Prime Time,Prime Time,Prime Time,Prime Time,Prime Time,Prime Time,Last Chance,,
tennessee,cilantro,-,Prime Time,Prime Time,Prime Time,Prime Time,Prime Time,Prime Time,Prime Time,Prime Time,Prime Time,Prime Time,Prime Time,Prime Time
tennessee,collard-greens,Collard greens?,,,,Starting Now,Prime Time,Prime Time,Prime Time,Prime Time,Prime Time,Prime Time,Last Chance,
tennessee,corn,Corn,,,,,,Starting Now,Prime Time,Prime Time,Last Chance,,,
tennessee,cucumbers,Cucumber,,,,,,Starting Now,Prime Time,Prime Time,Last Chance,,,
tennessee,eggplant,Aubergine,,,,,,,Starting Now,Prime Time,Last Chance,,,
tennessee,endive,Endive,,,,,,,,,,Starting Now,Prime Time,Last Chance
tennessee,fennel,Fennel,Prime Time,Prime Time,Prime Time,Prime Time,Last Chance,,,,Starting Now,Prime Time,Prime Time,Prime Time
tennessee,garlic,-,,,,,,Starting Now,Prime Time,Last Chance,,,,
tennessee,garlic-scapes,-,,,Starting Now,Last Chance,,,,,,,,
tennessee,gooseberries,Gooseberries,,,,,,Starting Now,Last Chance,,,,,
tennessee,grapes,Grapes,,,,,,,Starting Now,Prime Time,Prime Time,Last Chance,,
tennessee,green-beans,Green bean,,,,,,Starting Now,Prime Time,Prime Time,Prime Time,Last Chance,,
tennessee,green-onions,-,,,Starting Now,Prime Time,Prime Time,Prime Time,Prime Time,Prime Time,Prime Time,Prime Time,Last Chance,
tennessee,ground-cherries,-,,,,,,Starting Now,Prime Time,Prime Time,Prime Time,Prime Time,Last Chance,
tennessee,horseradish,Horseradish?,Prime Time,Prime Time,Prime Time,Last Chance,,,,,,Starting Now,Prime Time,Prime Time
tennessee,kale,Kale,,,,,Starting Now,Last Chance,,,Starting Now,Prime Time,Last Chance,
tennessee,kohlrabi,Kohlrabi,Prime Time,Prime Time,Last Chance,,,,,,,Starting Now,Prime Time,Prime Time
tennessee,lamb's-quarters,-,,,Starting Now,Prime Time,Prime Time,Prime Time,Prime Time,Prime Time,Prime Time,Last Chance,,
tennessee,lavender,-,,,,,,,Starting Now,Prime Time,Prime Time,Last Chance,,
tennessee,leeks,Leek,,,,,,Starting Now,Last Chance,,,,,
tennessee,lettuce,Lettuce,,,,Starting Now,Prime Time,Last Chance,,,,,,
tennessee,lima-beans,-,,,,,,,Starting Now,Prime Time,Prime Time,Last Chance,,
tennessee,melons,--BROAD-CATEGORY--,,,,,,,Starting Now,Prime Time,Last Chance,,,
tennessee,mint,-,Prime Time,Prime Time,Prime Time,Prime Time,Prime Time,Prime Time,Prime Time,Prime Time,Prime Time,Prime Time,Prime Time,Prime Time
tennessee,morels,-,,,Starting Now,Prime Time,Last Chance,,,,,,,
tennessee,mushrooms,-,Prime Time,Prime Time,Prime Time,Prime Time,Prime Time,Prime Time,Prime Time,Prime Time,Prime Time,Prime Time,Prime Time,Prime Time
tennessee,mustard-greens,-,,,,,Starting Now,Last Chance,,,Starting Now,Prime Time,Last Chance,
tennessee,nectarines,Nectarine,,,,,,,Prime Time,,,,,
tennessee,nettles,-,,,Starting Now,Last Chance,,,,,,,,
tennessee,okra,Okra?,,,,,,,Starting Now,Prime Time,Prime Time,Last Chance,,
tennessee,onions,-,,,,,Starting Now,Prime Time,Prime Time,Last Chance,,,,
tennessee,oregano,-,Prime Time,Prime Time,Prime Time,Prime Time,Prime Time,Prime Time,Prime Time,Prime Time,Prime Time,Prime Time,Prime Time,Prime Time
tennessee,parsley,-,Prime Time,Prime Time,Prime Time,Prime Time,Prime Time,Prime Time,Prime Time,Prime Time,Prime Time,Prime Time,Prime Time,Prime Time
tennessee,parsnips,Parsnip,,,,,,,,,,Starting Now,Prime Time,Last Chance
tennessee,pawpaw,Pawpaw?,,,,,,,,Starting Now,Prime Time,Last Chance,,
tennessee,pea-shoots,?,,,Starting Now,Last Chance,,,,,,,,
tennessee,peaches,Peach,,,,,,Starting Now,Prime Time,Prime Time,Last Chance,,,
tennessee,pears,Pear,,,,,,,,,Starting Now,Last Chance,,
tennessee,peas,Peas,,,,,Starting Now,Prime Time,Prime Time,Prime Time,Prime Time,Prime Time,Last Chance,
tennessee,pecans,-,,,,,,,,,,Starting Now,Prime Time,Last Chance
tennessee,peppers,--BROAD-CATEGORY--,,,,,,,Starting Now,Prime Time,Prime Time,Last Chance,,
tennessee,plums,Plum,,,,,,Starting Now,Prime Time,Prime Time,Last Chance,,,
tennessee,potatoes,Potato,,,,,,,Starting Now,Prime Time,Prime Time,Last Chance,,
tennessee,pumpkin,Pumpkin,,,,,,,,,Starting Now,Prime Time,Last Chance,
tennessee,purslane,-,,,Starting Now,Prime Time,Prime Time,Prime Time,Prime Time,Prime Time,Prime Time,Last Chance,,
tennessee,quince,-,,,,,,,,,,Starting Now,Last Chance,
tennessee,radicchio,Radicchio?,,,,,,,,,Starting Now,Prime Time,Prime Time,Last Chance
tennessee,radishes,Radish?,,,Starting Now,Prime Time,Prime Time,Prime Time,Prime Time,Prime Time,Prime Time,Prime Time,Last Chance,
tennessee,ramps,-,,,,Starting Now,Last Chance,,,,,,,
tennessee,rapini,Rapini,,,,,,,,,,Starting Now,Prime Time,Last Chance
tennessee,raspberries,Raspberry,,,,,Starting Now,Prime Time,Prime Time,Prime Time,Last Chance,,,
tennessee,rhubarb,Rhubarb?,,,,,Starting Now,Last Chance,,,,,,
tennessee,rosemary,-,,,,Starting Now,Prime Time,Prime Time,Prime Time,Prime Time,Prime Time,Prime Time,Last Chance,
tennessee,sage,-,Prime Time,Prime Time,Prime Time,Prime Time,Prime Time,Prime Time,Prime Time,Prime Time,Prime Time,Prime Time,Prime Time,Prime Time
tennessee,salsify,-,Last Chance,,,,,,,,,Starting Now,Prime Time,Prime Time
tennessee,shallots,?,,,,,,Starting Now,Prime Time,Prime Time,Prime Time,Prime Time,Last Chance,
tennessee,shell-beans,-,,,,,,Starting Now,Prime Time,Prime Time,Prime Time,Last Chance,,
tennessee,snap-peas,?,,,,,Starting Now,Prime Time,Prime Time,Prime Time,Last Chance,,,
tennessee,snow-peas,?,,,,,Starting Now,Prime Time,Prime Time,Prime Time,Last Chance,,,
tennessee,sorrel,-,,,,,Starting Now,Last Chance,,,,,,
tennessee,spinach,Spinach,,,,,Starting Now,Last Chance,,,,,,
tennessee,sprouts,-,Prime Time,Prime Time,Prime Time,Prime Time,Prime Time,Prime Time,Prime Time,Prime Time,Prime Time,Prime Time,Prime Time,Prime Time
tennessee,strawberries,Strawberry,,,,,Starting Now,Last Chance,,,,,,
tennessee,summer-squash,Summer squash,,,,,,Starting Now,Prime Time,Prime Time,Prime Time,Last Chance,,
tennessee,sunchokes,-,Prime Time,,,,,,Prime Time,,,,,
tennessee,sweet-potatoes,Sweet potato,,,,,,,Starting Now,Prime Time,Prime Time,Last Chance,,
tennessee,tarragon,-,,,,Starting Now,Prime Time,Last Chance,,,,,,
tennessee,thyme,-,,,,Starting Now,Prime Time,Prime Time,Prime Time,Prime Time,Prime Time,Prime Time,Last Chance,
tennessee,tomatillos,?,,,,,,Starting Now,Prime Time,Prime Time,Prime Time,Prime Time,Last Chance,
tennessee,tomatoes,Tomato,,,,,,Starting Now,Prime Time,Prime Time,Prime Time,Prime Time,Last Chance,
tennessee,turnips,Turnip,,,,,Starting Now,Prime Time,Prime Time,Prime Time,Prime Time,Prime Time,Last Chance,
tennessee,watercress,?,,,,Starting Now,Prime Time,Prime Time,Last Chance,,,,,
tennessee,watermelon,Watermelon,,,,,,,Starting Now,Prime Time,Last Chance,,,
tennessee,winter-squash,Winter squash,,,,,,,Starting Now,Prime Time,Prime Time,Prime Time,Last Chance,
tennessee,zucchini,Zucchini,,,,,,Starting Now,Prime Time,Prime Time,Prime Time,Last Chance,,
texas,apples,Apple,,,,,,Starting Now,Prime Time,Prime Time,Prime Time,Prime Time,Last Chance,
texas,arugula,Rocket,,,,Starting Now,Prime Time,Prime Time,Prime Time,Prime Time,Prime Time,Last Chance,,
texas,asparagus,Asparagus,,,Starting Now,Last Chance,,,,,,,,
texas,basil,-,,,,,,Starting Now,Prime Time,Prime Time,Prime Time,Last Chance,,
texas,beets,Beetroot,Prime Time,Prime Time,Prime Time,Last Chance,,,,,,Starting Now,Prime Time,Prime Time
texas,black-eyed-peas,-,,,,,Starting Now,Prime Time,Prime Time,Prime Time,Prime Time,Last Chance,,
texas,blackberries,Blackberry,,,,Starting Now,Prime Time,Last Chance,,,,,,
texas,blueberries,Blueberry,,,,,Starting Now,Prime Time,Last Chance,,,,,
texas,bok-choy,Bok Choy?,,,,,,,,Starting Now,Prime Time,Last Chance,,Prime Time
texas,brambles,--BROAD-CATEGORY--,,,,Starting Now,Prime Time,Last Chance,,,,,,
texas,broccoli,Broccoli,Prime Time,Prime Time,Prime Time,Prime Time,Last Chance,,,,,,,Starting Now
texas,brussels-sprouts,Brussels sprouts,Prime Time,Prime Time,Last Chance,,,,,,,Starting Now,Prime Time,Prime Time
texas,cabbage,White cabbage,Prime Time,Prime Time,Prime Time,Prime Time,Prime Time,Prime Time,Prime Time,Prime Time,Prime Time,Prime Time,Prime Time,Prime Time
texas,cantaloupe,Cantaloupe?,,,,,Starting Now,Prime Time,Last Chance,,,Starting Now,Last Chance,
texas,cardoons,Cardoon?,,,,,,,,,,Starting Now,Prime Time,Last Chance
texas,carrots,Carrot,Prime Time,Prime Time,Prime Time,Prime Time,Prime Time,Prime Time,Prime Time,Prime Time,Prime Time,Prime Time,Prime Time,Prime Time
texas,cauliflower,Cauliflower,Prime Time,Prime Time,Prime Time,Last Chance,,,,,,,Starting Now,Prime Time
texas,celery,Celery,Prime Time,Prime Time,Prime Time,Last Chance,,,,,,,Starting Now,Prime Time
texas,celery-root,-,Prime Time,Prime Time,Prime Time,Last Chance,,,,,,,,Starting Now
texas,chard,Swiss chard?,Prime Time,Prime Time,Prime Time,Last Chance,,,,,,,Starting Now,Prime Time
texas,cherries,Cherry,,,,,,Starting Now,Last Chance,,,,,
texas,chickpeas,-,,,,,,Starting Now,Last Chance,,,,,
texas,chicories,?,,,,,,,,,Starting Now,Prime Time,Prime Time,Last Chance
texas,chili-peppers,-,,,,,,,,Starting Now,Last Chance,,,
texas,chives,-,,,Starting Now,Prime Time,Prime Time,Prime Time,Prime Time,Prime Time,Prime Time,Last Chance,,
texas,cilantro,-,Prime Time,Prime Time,Prime Time,Last Chance,,,,,Starting Now,Prime Time,Prime Time,Prime Time
texas,citrus,--BROAD-CATEGORY--,Prime Time,Prime Time,Prime Time,Last Chance,,,,,Starting Now,Prime Time,Prime Time,Prime Time
texas,collard-greens,Collard greens?,Prime Time,Prime Time,Prime Time,Last Chance,,,,,,Starting Now,Prime Time,Prime Time
texas,corn,Corn,,,,,Starting Now,Prime Time,Prime Time,Prime Time,Last Chance,,,
texas,cucumbers,Cucumber,,,,Starting Now,Prime Time,Prime Time,Prime Time,Prime Time,Prime Time,Prime Time,Prime Time,Last Chance
texas,endive,Endive,,,,,,,,,Starting Now,Prime Time,Prime Time,Last Chance
texas,fava-beans,-,,,,Starting Now,Prime Time,Last Chance,,,,,,
texas,figs,Fig,,,,,,Starting Now,Prime Time,Prime Time,Prime Time,Prime Time,Last Chance,
texas,garlic,-,,,,,,Starting Now,Prime Time,Last Chance,,,,
texas,garlic-scapes,-,,,,,Prime Time,,,,,,,
texas,gooseberries,Gooseberries,,,,,,,Starting Now,Last Chance,,,,
texas,grapefruit,Grapefruit,Prime Time,Prime Time,Prime Time,Prime Time,Last Chance,,,,,Starting Now,Prime Time,Prime Time
texas,grapes,Grapes,,,,,,,Starting Now,Prime Time,Prime Time,Last Chance,,
texas,green-beans,Green bean,,,,Starting Now,Prime Time,Prime Time,Prime Time,Prime Time,Prime Time,Prime Time,Prime Time,Last Chance
texas,green-onions,-,,,,,Starting Now,Prime Time,Prime Time,Prime Time,Prime Time,Last Chance,,
texas,ground-cherries,-,,,,,,Starting Now,Prime Time,Prime Time,Prime Time,Prime Time,Last Chance,
texas,horseradish,Horseradish?,Prime Time,Prime Time,Prime Time,Last Chance,,,,,,Starting Now,Prime Time,Prime Time
texas,jicama,-,Prime Time,Prime Time,Last Chance,,,,,,,,Starting Now,Prime Time
texas,kale,Kale,Prime Time,Prime Time,Prime Time,Last Chance,,,,,,,Starting Now,Prime Time
texas,kohlrabi,Kohlrabi,Prime Time,Prime Time,Prime Time,Last Chance,,,,,,,Starting Now,Prime Time
texas,lamb's-quarters,-,Prime Time,Prime Time,Prime Time,Prime Time,Prime Time,Prime Time,Prime Time,Prime Time,Prime Time,Prime Time,Prime Time,Prime Time
texas,lavender,-,,,,,,,Starting Now,Prime Time,Prime Time,Last Chance,,
texas,leeks,Leek,,,,,,,,Starting Now,Prime Time,Prime Time,Prime Time,Last Chance
texas,lemons,-,Prime Time,Prime Time,Prime Time,Last Chance,,,,,Starting Now,Prime Time,Prime Time,Prime Time
texas,lettuce,Lettuce,,,,Starting Now,Prime Time,Prime Time,Prime Time,Prime Time,Prime Time,Last Chance,,
texas,lima-beans,-,,,,Starting Now,Prime Time,Prime Time,Prime Time,Prime Time,Prime Time,Prime Time,Prime Time,Last Chance
texas,loquats,Loquat?,,,Starting Now,Last Chance,,,,,,,,
texas,mandarins,Mandarin oranges?,Prime Time,Prime Time,Prime Time,Last Chance,,,,,Starting Now,Prime Time,Prime Time,Prime Time
texas,melons,--BROAD-CATEGORY--,Last Chance,,,,Starting Now,Prime Time,Prime Time,Prime Time,Prime Time,Prime Time,Prime Time,Prime Time
texas,mint,-,,,,Starting Now,Prime Time,Prime Time,Prime Time,Prime Time,Prime Time,Prime Time,Last Chance,
texas,mushrooms,-,Prime Time,Prime Time,Prime Time,Prime Time,Prime Time,Prime Time,Prime Time,Prime Time,Prime Time,Prime Time,Prime Time,Prime Time
texas,mustard-greens,-,Prime Time,Prime Time,Prime Time,Last Chance,,,,,,,Starting Now,Prime Time
texas,nectarines,Nectarine,,,,,Starting Now,Prime Time,Last Chance,,,,,
texas,nopales,Prickly pear,,,,,,,,,Starting Now,Prime Time,Prime Time,Last Chance
texas,okra,Okra?,,,,,,,Starting Now,Prime Time,Last Chance,,,
texas,onions,-,,,Starting Now,Prime Time,Prime Time,Prime Time,Prime Time,Last Chance,,,,
texas,oranges,Orange,Prime Time,Prime Time,Prime Time,Last Chance,,,,,Starting Now,Prime Time,Prime Time,Prime Time
texas,oregano,-,,,,Starting Now,Prime Time,Prime Time,Prime Time,Prime Time,Prime Time,Prime Time,Last Chance,
texas,parsley,-,Prime Time,Prime Time,Prime Time,Last Chance,,,,,Starting Now,Prime Time,Prime Time,Prime Time
texas,pawpaw,Pawpaw?,,,,,,,,Starting Now,Last Chance,,,
texas,pea-shoots,?,,,Starting Now,Last Chance,,,,,,,,
texas,peaches,Peach,,,,Starting Now,Prime Time,Prime Time,Prime Time,Last Chance,,,,
texas,peanuts,-,,,,,,,,,Starting Now,Last Chance,,
texas,pears,Pear,,,,,,Starting Now,Prime Time,Prime Time,Last Chance,,,
texas,peas,Peas,,,,Starting Now,Prime Time,Prime Time,Prime Time,Prime Time,Prime Time,Prime Time,Prime Time,Last Chance
texas,pecans,-,Last Chance,,,,,,,,,Starting Now,Prime Time,Prime Time
texas,peppers,--BROAD-CATEGORY--,,,,,Starting Now,Prime Time,Prime Time,Prime Time,Prime Time,Prime Time,Prime Time,Last Chance
texas,persimmons,Persimmon,,,,,,,,Starting Now,Prime Time,Prime Time,Last Chance,
texas,pigeon-peas,-,,,,,,,,,Starting Now,Prime Time,Last Chance,
texas,plums,Plum,,,,,Starting Now,Prime Time,Prime Time,Prime Time,Last Chance,,,
texas,pomegranates,Pomegranate,,,,,,,,,,Starting Now,Prime Time,Last Chance
texas,potatoes,Potato,,,,Starting Now,Prime Time,Prime Time,Prime Time,Prime Time,Last Chance,,,
texas,pummelo,?,Prime Time,Prime Time,Prime Time,Prime Time,Last Chance,,,,,Starting Now,Prime Time,Prime Time
texas,pumpkin,Pumpkin,,,,,,,,,Starting Now,Prime Time,Last Chance,
texas,purslane,-,Prime Time,Prime Time,Prime Time,Prime Time,Prime Time,Prime Time,Prime Time,Prime Time,Prime Time,Prime Time,Prime Time,Prime Time
texas,quince,-,,,,,,,,,,Starting Now,Last Chance,
texas,radicchio,Radicchio?,,,,,,,,,Starting Now,Prime Time,Prime Time,Last Chance
texas,rapini,Rapini,Prime Time,Last Chance,,,Starting Now,Last Chance,,,,Starting Now,Prime Time,Prime Time
texas,raspberries,Raspberry,,,,,,,Starting Now,Prime Time,Prime Time,Last Chance,,
texas,rosemary,-,Prime Time,Prime Time,Prime Time,Prime Time,Prime Time,Prime Time,Prime Time,Prime Time,Prime Time,Prime Time,Prime Time,Prime Time
texas,sage,-,Prime Time,Prime Time,Prime Time,Prime Time,Prime Time,Prime Time,Prime Time,Prime Time,Prime Time,Prime Time,Prime Time,Prime Time
texas,salsify,-,Prime Time,Last Chance,,,,,,,,Starting Now,Prime Time,Prime Time
texas,shallots,?,,Starting Now,Last Chance,,,Starting Now,Last Chance,,,,,
texas,shell-beans,-,,,,Starting Now,Prime Time,Prime Time,Prime Time,Prime Time,Prime Time,Prime Time,Prime Time,Last Chance
texas,sorrel,-,Prime Time,Prime Time,Prime Time,Last Chance,,,,,,,Starting Now,Prime Time
texas,spinach,Spinach,Prime Time,Prime Time,Prime Time,Last Chance,,,,,,,Starting Now,Prime Time
texas,sprouts,-,Prime Time,Prime Time,Prime Time,Prime Time,Prime Time,Prime Time,Prime Time,Prime Time,Prime Time,Prime Time,Prime Time,Prime Time
texas,strawberries,Strawberry,,Starting Now,Prime Time,Last Chance,,,,,,,,
texas,summer-squash,Summer squash,,,,Starting Now,Prime Time,Prime Time,Prime Time,Prime Time,Prime Time,Prime Time,Last Chance,
texas,sunchokes,-,Starting Now,Last Chance,,,Starting Now,Prime Time,Last Chance,,,,,
texas,sweet-potatoes,Sweet potato,Prime Time,Prime Time,Prime Time,Prime Time,Last Chance,,,Starting Now,Prime Time,Prime Time,Prime Time,Prime Time
texas,tangerines,-,Prime Time,Prime Time,Prime Time,Last Chance,,,,,Starting Now,Prime Time,Prime Time,Prime Time
texas,tarragon,-,,,,Starting Now,Prime Time,Last Chance,,,,,,
texas,thyme,-,,,,Starting Now,Prime Time,Prime Time,Prime Time,Prime Time,Prime Time,Prime Time,Last Chance,
texas,tomatillos,?,,,,,,Starting Now,Prime Time,Prime Time,Prime Time,Prime Time,Last Chance,
texas,tomatoes,Tomato,,,,,Starting Now,Prime Time,Prime Time,Prime Time,Prime Time,Prime Time,Last Chance,
texas,turnips,Turnip,Prime Time,Prime Time,Prime Time,Prime Time,Prime Time,Prime Time,Prime Time,Prime Time,Prime Time,Prime Time,Prime Time,Prime Time
texas,watercress,?,,,,Starting Now,Prime Time,Prime Time,Last Chance,,,,,
texas,watermelon,Watermelon,,,,,Starting Now,Prime Time,Prime Time,Prime Time,Prime Time,Prime Time,Last Chance,
texas,winter-squash,Winter squash,,,,Starting Now,Prime Time,Prime Time,Prime Time,Prime Time,Prime Time,Prime Time,Last Chance,
texas,zucchini,Zucchini,,,,Starting Now,Prime Time,Prime Time,Prime Time,Prime Time,Prime Time,Prime Time,Last Chance,
utah,apples,Apple,,,,,,,,,Starting Now,Prime Time,Last Chance,
utah,apricots,Apricot,,,,,,,Starting Now,Prime Time,Last Chance,,,
utah,arugula,Rocket,,,,,,Starting Now,Prime Time,Prime Time,Prime Time,Prime Time,Last Chance,
utah,asian-pears,?,,,,,,,,Starting Now,Last Chance,,,
utah,asparagus,Asparagus,,,,,Starting Now,Last Chance,,,,,,
utah,basil,-,,,,,,Starting Now,Prime Time,Prime Time,Last Chance,,,
utah,beets,Beetroot,,,,,,Starting Now,Prime Time,Prime Time,Last Chance,,,
utah,black-eyed-peas,-,,,,,,Starting Now,Prime Time,Last Chance,,,,
utah,blackberries,Blackberry,,,,,,,,Starting Now,Last Chance,,,
utah,blueberries,Blueberry,,,,,,Starting Now,Prime Time,Last Chance,,,,
utah,bok-choy,Bok Choy?,,,,,,,,Starting Now,Prime Time,Last Chance,,
utah,boysenberries,?,,,,,,Starting Now,Last Chance,,,,,
utah,brambles,--BROAD-CATEGORY--,,,,,,,,Starting Now,Last Chance,,,
utah,broccoli,Broccoli,,,,,,Starting Now,Prime Time,Last Chance,,,,
utah,brussels-sprouts,Brussels sprouts,,,,,,,,,Prime Time,,,
utah,cabbage,White cabbage,,,,,,,Starting Now,Prime Time,Prime Time,Prime Time,Last Chance,
utah,cantaloupe,Cantaloupe?,,,,,,,Starting Now,Prime Time,Prime Time,Last Chance,,
utah,cardoons,Cardoon?,,,,,,,,,,Starting Now,Prime Time,Last Chance
utah,carrots,Carrot,,,,,,,,Starting Now,Prime Time,Prime Time,Last Chance,
utah,cauliflower,Cauliflower,,,,,,,,Starting Now,Prime Time,Last Chance,,
utah,celery,Celery,,,,,,,Starting Now,Prime Time,Prime Time,Last Chance,,
utah,celery-root,-,,,,,,,,,Starting Now,Last Chance,,
utah,chard,Swiss chard?,,,,,,,Starting Now,Prime Time,Prime Time,Last Chance,,
utah,cherries,Cherry,,,,,,Starting Now,Prime Time,Last Chance,,,,
utah,chicories,?,,,,,,,,,Starting Now,Prime Time,Last Chance,
utah,chili-peppers,-,,,,,,,,Starting Now,Prime Time,Last Chance,,
utah,chives,-,,,Starting Now,Prime Time,Prime Time,Prime Time,Prime Time,Prime Time,Prime Time,Last Chance,,
utah,cilantro,-,,,,,,Starting Now,Prime Time,Prime Time,Prime Time,Last Chance,,
utah,collard-greens,Collard greens?,,,,,,Starting Now,Prime Time,Prime Time,Prime Time,Last Chance,,
utah,corn,Corn,,,,,,,Starting Now,Prime Time,Prime Time,Last Chance,,
utah,cucumbers,Cucumber,,,,,,,Starting Now,Prime Time,Last Chance,,,
utah,eggplant,Aubergine,,,,,,,Starting Now,Prime Time,Prime Time,Last Chance,,
utah,endive,Endive,,,,,,,,Starting Now,Prime Time,Prime Time,Last Chance,
utah,fava-beans,-,,,,,Prime Time,,,,,,,
utah,fennel,Fennel,,,,,,Starting Now,Prime Time,Prime Time,Last Chance,,,
utah,garlic,-,,,,,,,Starting Now,Prime Time,Last Chance,,,
utah,garlic-scapes,-,,,,,Starting Now,Last Chance,,,,,,
utah,gooseberries,Gooseberries,,,,,,,Starting Now,Last Chance,,,,
utah,grapes,Grapes,,,,,,,,Starting Now,Last Chance,,,
utah,green-beans,Green bean,,,,,,,Starting Now,Prime Time,Last Chance,,,
utah,green-onions,-,,,,,,Starting Now,Prime Time,Prime Time,Prime Time,Last Chance,,
utah,ground-cherries,-,,,,,,,Starting Now,Prime Time,Last Chance,,,
utah,horseradish,Horseradish?,Prime Time,Prime Time,Prime Time,Last Chance,,,,,,Starting Now,Prime Time,Prime Time
utah,kale,Kale,,,,,,,Starting Now,Prime Time,Prime Time,Prime Time,Last Chance,
utah,kohlrabi,Kohlrabi,,,,,,,Starting Now,Prime Time,Last Chance,,,
utah,lamb's-quarters,-,,,,,Starting Now,Prime Time,Prime Time,Prime Time,Prime Time,Last Chance,,
utah,lavender,-,,,,,,,Starting Now,Prime Time,Prime Time,Last Chance,,
utah,leeks,Leek,Prime Time,Prime Time,Last Chance,,,,,Starting Now,Prime Time,Prime Time,Prime Time,Prime Time
utah,lettuce,Lettuce,,,,,,Starting Now,Prime Time,Prime Time,Prime Time,Prime Time,Last Chance,
utah,lima-beans,-,,,,,,,,,Prime Time,,,
utah,melons,--BROAD-CATEGORY--,,,,,,,,Starting Now,Last Chance,,,
utah,mint,-,,,,,Starting Now,Prime Time,Prime Time,Prime Time,Prime Time,Last Chance,,
utah,morels,-,,,,Starting Now,Prime Time,Last Chance,,,,,,
utah,mushrooms,-,,,Starting Now,Prime Time,Prime Time,Prime Time,Prime Time,Prime Time,Prime Time,Prime Time,Last Chance,
utah,mustard-greens,-,,,,,,,Starting Now,Prime Time,Prime Time,Prime Time,Last Chance,
utah,nectarines,Nectarine,,,,,,,Starting Now,Last Chance,,,,
utah,nettles,-,,,,Starting Now,Prime Time,Last Chance,,,,,,
utah,nopales,Prickly pear,,,,,,,,,Starting Now,Prime Time,Prime Time,Last Chance
utah,onions,-,Prime Time,Prime Time,Last Chance,,,,,Starting Now,Prime Time,Prime Time,Prime Time,Prime Time
utah,oregano,-,,,,,,,,Starting Now,Last Chance,,,
utah,parsley,-,,,,,,Starting Now,Prime Time,Prime Time,Prime Time,Last Chance,,
utah,parsnips,Parsnip,,,,,,,,,Starting Now,Prime Time,Last Chance,
utah,pea-shoots,?,,,Starting Now,Prime Time,Last Chance,,,,,,,
utah,peaches,Peach,,,,,,,Starting Now,Prime Time,Last Chance,,,
utah,pears,Pear,,,,,,,Starting Now,Last Chance,,,,
utah,peas,Peas,,,,,,Starting Now,Last Chance,,,,,
utah,peppers,--BROAD-CATEGORY--,,,,,,,,Starting Now,Prime Time,Last Chance,,
utah,plums,Plum,,,,,,,Starting Now,Prime Time,Prime Time,Last Chance,,
utah,potatoes,Potato,,,,,,,,,Starting Now,Last Chance,,
utah,pumpkin,Pumpkin,,,,,,,,,,Prime Time,,
utah,purslane,-,,,,,Starting Now,Prime Time,Prime Time,Prime Time,Prime Time,Last Chance,,
utah,quince,-,,,,,,,,,,Starting Now,Last Chance,
utah,radicchio,Radicchio?,,,,,,,,Starting Now,Prime Time,Prime Time,Last Chance,
utah,radishes,Radish?,,,,,Starting Now,Prime Time,Prime Time,Prime Time,Prime Time,Prime Time,Last Chance,
utah,rapini,Rapini,,,,,,,,,Starting Now,Last Chance,,
utah,raspberries,Raspberry,,,,,,Starting Now,Prime Time,Prime Time,Last Chance,,,
utah,rhubarb,Rhubarb?,,,,,Starting Now,Prime Time,Prime Time,Last Chance,,,,
utah,rosemary,-,,,,Starting Now,Prime Time,Prime Time,Prime Time,Prime Time,Prime Time,Prime Time,Last Chance,
utah,rutabaga,?,,,,,,,,,,Starting Now,Last Chance,
utah,sage,-,,,,,Starting Now,Prime Time,Prime Time,Prime Time,Prime Time,Last Chance,,
utah,salsify,-,Last Chance,,,,,,,,,Starting Now,Prime Time,Prime Time
utah,shallots,?,,,,,,,Starting Now,Prime Time,Prime Time,Last Chance,,
utah,shell-beans,-,,,,,,,,,Prime Time,,,
utah,snap-peas,?,,,Starting Now,Prime Time,Prime Time,Prime Time,Last Chance,,,,,
utah,snow-peas,?,,,Starting Now,Prime Time,Prime Time,Prime Time,Last Chance,,,,,
utah,sorrel,-,,,,,Starting Now,Prime Time,Prime Time,Prime Time,Prime Time,Last Chance,,
utah,spinach,Spinach,,,,,Starting Now,Prime Time,Prime Time,Prime Time,Prime Time,Last Chance,,
utah,sprouts,-,Prime Time,Prime Time,Prime Time,Prime Time,Prime Time,Prime Time,Prime Time,Prime Time,Prime Time,Prime Time,Prime Time,Prime Time
utah,strawberries,Strawberry,,,,,,Starting Now,Prime Time,Prime Time,Prime Time,Last Chance,,
utah,summer-squash,Summer squash,,,,,,,Starting Now,Prime Time,Prime Time,Last Chance,,
utah,sunchokes,-,Starting Now,Last Chance,,,,Starting Now,Prime Time,Last Chance,,,,
utah,sweet-potatoes,Sweet potato,,,,,,,,,Starting Now,Last Chance,,
utah,tarragon,-,,,,Starting Now,Prime Time,Last Chance,,,,,,
utah,thyme,-,,,,Starting Now,Prime Time,Prime Time,Prime Time,Prime Time,Prime Time,Prime Time,Last Chance,
utah,tomatillos,?,,,,,,,Starting Now,Prime Time,Last Chance,,,
utah,tomatoes,Tomato,,,,,,,Starting Now,Prime Time,Last Chance,,,
utah,turnips,Turnip,,,,,,,,,,Starting Now,Prime Time,Last Chance
utah,watercress,?,,,,Starting Now,Prime Time,Prime Time,Last Chance,,,,,
utah,watermelon,Watermelon,,,,,,,,,Starting Now,Last Chance,,
utah,winter-squash,Winter squash,,,,,,,,Starting Now,Prime Time,Prime Time,Prime Time,Last Chance
utah,zucchini,Zucchini,,,,,,,,Starting Now,Prime Time,Last Chance,,
vermont,apples,Apple,,,,,,,Starting Now,Prime Time,Last Chance,,,
vermont,apricots,Apricot,,,,,,,Starting Now,Last Chance,,,,
vermont,arugula,Rocket,,,,Starting Now,Prime Time,Last Chance,,,Starting Now,Prime Time,Last Chance,
vermont,asian-pears,?,,,,,,,,Starting Now,Prime Time,Last Chance,,
vermont,asparagus,Asparagus,,,,,Starting Now,Last Chance,,,,,,
vermont,basil,-,,,,,,,Starting Now,Prime Time,Last Chance,,,
vermont,beets,Beetroot,,,,,,,Starting Now,Prime Time,Prime Time,Prime Time,Last Chance,
vermont,black-eyed-peas,-,,,,,,Starting Now,Last Chance,,,,,
vermont,blackberries,Blackberry,,,,,,,,Starting Now,Last Chance,,,
vermont,blueberries,Blueberry,,,,,,,Starting Now,Prime Time,Prime Time,Last Chance,,
vermont,bok-choy,Bok Choy?,,,,,,,Starting Now,Prime Time,Prime Time,Last Chance,,
vermont,boysenberries,?,,,,,,Starting Now,Last Chance,,,,,
vermont,brambles,--BROAD-CATEGORY--,,,,,,Starting Now,Prime Time,Prime Time,Last Chance,,,
vermont,broccoli,Broccoli,,,,,Starting Now,Prime Time,Prime Time,Prime Time,Prime Time,Prime Time,Last Chance,
vermont,brussels-sprouts,Brussels sprouts,,,,,,,,,Starting Now,Prime Time,Last Chance,
vermont,cabbage,White cabbage,,,,,,Starting Now,Prime Time,Prime Time,Prime Time,Prime Time,Last Chance,
vermont,cantaloupe,Cantaloupe?,,,,,,,Starting Now,Prime Time,Last Chance,,,
vermont,cardoons,Cardoon?,,,,,,,,,,Starting Now,Prime Time,Last Chance
vermont,carrots,Carrot,,,,,,,Starting Now,Prime Time,Prime Time,Prime Time,Last Chance,
vermont,cauliflower,Cauliflower,,,,,,,Starting Now,Last Chance,,Starting Now,Last Chance,
vermont,celery,Celery,,,,,,,Starting Now,Prime Time,Prime Time,Prime Time,Last Chance,
vermont,celery-root,-,,,,,,,Starting Now,Prime Time,Prime Time,Prime Time,Last Chance,
vermont,chard,Swiss chard?,,,,,,,Starting Now,Prime Time,Prime Time,Last Chance,,
vermont,cherries,Cherry,,,,,,Starting Now,Last Chance,,,,,
vermont,chicories,?,,,,,,,,,Starting Now,Prime Time,Last Chance,
vermont,chili-peppers,-,,,,,,,Starting Now,Prime Time,Last Chance,,,
vermont,chives,-,,,Starting Now,Prime Time,Prime Time,Prime Time,Prime Time,Prime Time,Prime Time,Last Chance,,
vermont,cilantro,-,,,,Starting Now,Last Chance,,,,Starting Now,Prime Time,Last Chance,
vermont,collard-greens,Collard greens?,,,,,,Starting Now,Prime Time,Prime Time,Prime Time,Last Chance,,
vermont,corn,Corn,,,,,,,Starting Now,Prime Time,Prime Time,Last Chance,,
vermont,cranberries,-,,,,,,,,,,Starting Now,Last Chance,
vermont,cucumbers,Cucumber,,,,,,,,Starting Now,Prime Time,Last Chance,,
vermont,eggplant,Aubergine,,,,,,,,Starting Now,Prime Time,Last Chance,,
vermont,endive,Endive,,,,,,,,,Starting Now,Prime Time,Last Chance,
vermont,fiddleheads,Fiddleheads,,,,Starting Now,Last Chance,,,,,,,
vermont,garlic,-,,,,,,,,Starting Now,Prime Time,Last Chance,,
vermont,garlic-scapes,-,,,,,Starting Now,Last Chance,,,,,,
vermont,gooseberries,Gooseberries,,,,,,,Starting Now,Last Chance,,,,
vermont,grapes,Grapes,,,,,,,,,Starting Now,Last Chance,,
vermont,green-beans,Green bean,,,,,,,Starting Now,Prime Time,Last Chance,,,
vermont,green-onions,-,,,,,Starting Now,Prime Time,Prime Time,Prime Time,Prime Time,Last Chance,,
vermont,ground-cherries,-,,,,,,,Starting Now,Prime Time,Prime Time,Last Chance,,
vermont,horseradish,Horseradish?,Prime Time,Prime Time,Prime Time,Last Chance,,,,,,Starting Now,Prime Time,Prime Time
vermont,kale,Kale,,,,,,,Starting Now,Prime Time,Prime Time,Prime Time,Last Chance,
vermont,kohlrabi,Kohlrabi,,,,,,Starting Now,Last Chance,,Starting Now,Last Chance,,
vermont,lamb's-quarters,-,,,,,Starting Now,Prime Time,Prime Time,Prime Time,Prime Time,Last Chance,,
vermont,lavender,-,,,,,,,Starting Now,Prime Time,Prime Time,Last Chance,,
vermont,leeks,Leek,,,,,,,,Starting Now,Prime Time,Prime Time,Last Chance,
vermont,lettuce,Lettuce,,,,,,,Starting Now,Prime Time,Prime Time,Last Chance,,
vermont,lima-beans,-,,,,,,Starting Now,Prime Time,Prime Time,Prime Time,Prime Time,Last Chance,
vermont,melons,--BROAD-CATEGORY--,,,,,,,,Starting Now,Last Chance,,,
vermont,mint,-,,,,,,Starting Now,Prime Time,Prime Time,Prime Time,Last Chance,,
vermont,morels,-,,,Starting Now,Prime Time,Last Chance,,,,,,,
vermont,mushrooms,-,Prime Time,Prime Time,Prime Time,Prime Time,Prime Time,Prime Time,Prime Time,Prime Time,Prime Time,Prime Time,Prime Time,Prime Time
vermont,mustard-greens,-,,,,,,,Starting Now,Prime Time,Prime Time,Prime Time,Last Chance,
vermont,nectarines,Nectarine,,,,,,,Starting Now,Last Chance,,,,
vermont,nettles,-,,,Starting Now,Prime Time,Last Chance,,,,,,,
vermont,onions,-,,,,,,,,Starting Now,Prime Time,Last Chance,,
vermont,oregano,-,,,,,,Starting Now,Prime Time,Prime Time,Prime Time,Last Chance,,
vermont,parsley,-,,,,,,Starting Now,Prime Time,Prime Time,Prime Time,Last Chance,,
vermont,parsnips,Parsnip,,,,,,,,,,Starting Now,Last Chance,
vermont,pea-shoots,?,,,,,Starting Now,Last Chance,,,,,,
vermont,pears,Pear,,,,,,,,Starting Now,Prime Time,Last Chance,,
vermont,peas,Peas,,,,,,Starting Now,Prime Time,Last Chance,,,,
vermont,peppers,--BROAD-CATEGORY--,,,,,,,,Starting Now,Prime Time,Last Chance,,
vermont,plums,Plum,,,,,,,,Starting Now,Last Chance,,,
vermont,potatoes,Potato,,,,,,Starting Now,Prime Time,Prime Time,Prime Time,Last Chance,,
vermont,pumpkin,Pumpkin,,,,,,,,,Starting Now,Last Chance,,
vermont,purslane,-,,,,,Starting Now,Prime Time,Prime Time,Prime Time,Prime Time,Last Chance,,
vermont,quince,-,,,,,,,,,,Starting Now,Last Chance,
vermont,radicchio,Radicchio?,,,,,,,,,Starting Now,Prime Time,Last Chance,
vermont,radishes,Radish?,,,,,Starting Now,Prime Time,Prime Time,Prime Time,Prime Time,Prime Time,Last Chance,
vermont,ramps,-,,,,Starting Now,Prime Time,Last Chance,,,,,,
vermont,rapini,Rapini,Prime Time,Last Chance,,,Starting Now,Last Chance,,,,Starting Now,Prime Time,Prime Time
vermont,raspberries,Raspberry,,,,,,,Starting Now,Prime Time,Prime Time,Last Chance,,
vermont,rhubarb,Rhubarb?,,,,,Starting Now,Prime Time,Prime Time,Last Chance,,,,
vermont,rosemary,-,,,,Starting Now,Prime Time,Prime Time,Prime Time,Prime Time,Prime Time,Prime Time,Last Chance,
vermont,rutabaga,?,,,,,,,,,,Starting Now,Last Chance,
vermont,sage,-,,,,,,Starting Now,Prime Time,Prime Time,Prime Time,Last Chance,,
vermont,salsify,-,Last Chance,,,,,,,,,Starting Now,Prime Time,Prime Time
vermont,shallots,?,,,,,,,,Starting Now,Last Chance,,,
vermont,shell-beans,-,,,,,,Starting Now,Prime Time,Prime Time,Prime Time,Prime Time,Last Chance,
vermont,snap-peas,?,,,,,,Starting Now,Prime Time,Last Chance,,,,
vermont,snow-peas,?,,,,,,Starting Now,Prime Time,Last Chance,,,,
vermont,sorrel,-,,,,,Starting Now,Prime Time,Prime Time,Prime Time,Prime Time,Last Chance,,
vermont,spinach,Spinach,,,,,Starting Now,Prime Time,Prime Time,Prime Time,Prime Time,Last Chance,,
vermont,sprouts,-,Prime Time,Prime Time,Prime Time,Prime Time,Prime Time,Prime Time,Prime Time,Prime Time,Prime Time,Prime Time,Prime Time,Prime Time
vermont,strawberries,Strawberry,,,,,,Prime Time,,,,,,
vermont,summer-squash,Summer squash,,,,,,Starting Now,Prime Time,Prime Time,Prime Time,Last Chance,,
vermont,sunchokes,-,,,,,,,Starting Now,Last Chance,,,,
vermont,sweet-potatoes,Sweet potato,,,,,,,,,Starting Now,Last Chance,,
vermont,tarragon,-,,,,Starting Now,Prime Time,Last Chance,,,,,,
vermont,thyme,-,,,,Starting Now,Prime Time,Prime Time,Prime Time,Prime Time,Prime Time,Prime Time,Last Chance,
vermont,tomatillos,?,,,,,,,Starting Now,Prime Time,Prime Time,Last Chance,,
vermont,tomatoes,Tomato,,,,,,,Starting Now,Prime Time,Prime Time,Last Chance,,
vermont,turnips,Turnip,,,,,,,Starting Now,Prime Time,Prime Time,Prime Time,Last Chance,
vermont,watercress,?,,,,Starting Now,Prime Time,Prime Time,Last Chance,,,,,
vermont,watermelon,Watermelon,,,,,,,,Starting Now,Last Chance,,,
vermont,winter-squash,Winter squash,,,,,,,,Starting Now,Prime Time,Last Chance,,
vermont,zucchini,Zucchini,,,,,,,Starting Now,Prime Time,Last Chance,,,
virginia,apples,Apple,Prime Time,Prime Time,Prime Time,Last Chance,,,Starting Now,Prime Time,Prime Time,Prime Time,Prime Time,Prime Time
virginia,artichokes,Artichoke,,,,,,,,Prime Time,,,,
virginia,arugula,Rocket,,,Starting Now,Prime Time,Last Chance,,,,Starting Now,Prime Time,Last Chance,
virginia,asian-pears,?,,,,,,,,Starting Now,Prime Time,Prime Time,Last Chance,
virginia,asparagus,Asparagus,,,,Starting Now,Prime Time,Last Chance,,,,,,
virginia,basil,-,,,,,Starting Now,Prime Time,Prime Time,Prime Time,Prime Time,Prime Time,Last Chance,
virginia,beets,Beetroot,,,,,Starting Now,Prime Time,Prime Time,Prime Time,Prime Time,Prime Time,Last Chance,
virginia,black-eyed-peas,-,,,,,,Starting Now,Prime Time,Last Chance,,,,
virginia,blackberries,Blackberry,,,,,,,Starting Now,Last Chance,,,,
virginia,blueberries,Blueberry,,,,,,Starting Now,Prime Time,Last Chance,,,,
virginia,bok-choy,Bok Choy?,,,,,,,,Starting Now,Prime Time,Last Chance,,
virginia,brambles,--BROAD-CATEGORY--,,,,,,Starting Now,Prime Time,Last Chance,,,,
virginia,broccoli,Broccoli,,,,,,,,,Starting Now,Prime Time,Last Chance,
virginia,brussels-sprouts,Brussels sprouts,,,,,,,,,,Starting Now,Prime Time,Last Chance
virginia,cabbage,White cabbage,,,,,,Starting Now,Prime Time,Prime Time,Prime Time,Prime Time,Last Chance,
virginia,cantaloupe,Cantaloupe?,,,,,,,Starting Now,Last Chance,,,,
virginia,cardoons,Cardoon?,,,,,,,,,,Starting Now,Prime Time,Last Chance
virginia,carrots,Carrot,Prime Time,Prime Time,Prime Time,Prime Time,Prime Time,Prime Time,Prime Time,Prime Time,Prime Time,Prime Time,Prime Time,Prime Time
virginia,cauliflower,Cauliflower,,,,,,,,,,Starting Now,Prime Time,Last Chance
virginia,celery,Celery,,,,,,,,,Starting Now,Prime Time,Last Chance,
virginia,celery-root,-,Last Chance,,,,,,,,,Starting Now,Prime Time,Prime Time
virginia,chard,Swiss chard?,,,Starting Now,Prime Time,Prime Time,Prime Time,Prime Time,Prime Time,Prime Time,Prime Time,Prime Time,Last Chance
virginia,cherries,Cherry,,,,,Starting Now,Prime Time,Prime Time,Last Chance,,,,
virginia,chestnuts,-,,,,,,,,,,Prime Time,,
virginia,chicories,?,,,,,,,,,,Starting Now,Prime Time,Last Chance
virginia,chili-peppers,-,,,,,,,,Starting Now,Last Chance,,,
virginia,chives,-,,,Starting Now,Prime Time,Prime Time,Prime Time,Prime Time,Prime Time,Prime Time,Last Chance,,
virginia,cilantro,-,Prime Time,Prime Time,Prime Time,Prime Time,Prime Time,Prime Time,Prime Time,Prime Time,Prime Time,Prime Time,Prime Time,Prime Time
virginia,collard-greens,Collard greens?,,,Starting Now,Prime Time,Prime Time,Last Chance,,,,Starting Now,Prime Time,Last Chance
virginia,corn,Corn,,,,,,,Starting Now,Last Chance,,,,
virginia,cucumbers,Cucumber,,,,,,Starting Now,Prime Time,Prime Time,Prime Time,Last Chance,,
virginia,currants,Currants,,,,,,,Starting Now,Last Chance,,,,
virginia,edamame,-,,,,,,,,Starting Now,Prime Time,Last Chance,,
virginia,eggplant,Aubergine,,,,,,,Starting Now,Prime Time,Last Chance,,,
virginia,endive,Endive,,,,,,,,,,Starting Now,Prime Time,Last Chance
virginia,fennel,Fennel,Prime Time,Prime Time,Prime Time,Last Chance,,,,Starting Now,Prime Time,Prime Time,Prime Time,Prime Time
virginia,garlic,-,,,,,,,Starting Now,Last Chance,,,,
virginia,garlic-scapes,-,,,Starting Now,Last Chance,,,,,,,,
virginia,gooseberries,Gooseberries,,,,,,,Starting Now,Last Chance,,,,
virginia,grapes,Grapes,,,,,,,,Starting Now,Prime Time,Last Chance,,
virginia,green-beans,Green bean,,,,,,Starting Now,Prime Time,Prime Time,Prime Time,Last Chance,,
virginia,green-onions,-,,,Starting Now,Prime Time,Prime Time,Prime Time,Prime Time,Prime Time,Prime Time,Prime Time,Last Chance,
virginia,ground-cherries,-,,,,,,,Starting Now,Prime Time,Prime Time,Last Chance,,
virginia,horseradish,Horseradish?,Prime Time,Prime Time,Prime Time,Last Chance,,,,,,Starting Now,Prime Time,Prime Time
virginia,kale,Kale,,,Starting Now,Prime Time,Prime Time,Prime Time,Prime Time,Prime Time,Prime Time,Prime Time,Prime Time,Last Chance
virginia,kohlrabi,Kohlrabi,Prime Time,Prime Time,Last Chance,,,,,,,Starting Now,Prime Time,Prime Time
virginia,lamb's-quarters,-,Prime Time,Prime Time,Prime Time,Prime Time,Prime Time,Prime Time,Prime Time,Prime Time,Prime Time,Prime Time,Prime Time,Prime Time
virginia,lavender,-,,,,,,,Starting Now,Prime Time,Prime Time,Last Chance,,
virginia,leeks,Leek,Prime Time,Prime Time,Prime Time,Prime Time,Prime Time,Prime Time,Prime Time,Prime Time,Prime Time,Prime Time,Prime Time,Prime Time
virginia,lettuce,Lettuce,Prime Time,Prime Time,Prime Time,Prime Time,Prime Time,Prime Time,Prime Time,Prime Time,Prime Time,Prime Time,Prime Time,Prime Time
virginia,lima-beans,-,,,,,,,Starting Now,Last Chance,,,,
virginia,melons,--BROAD-CATEGORY--,,,,,,Starting Now,Prime Time,Last Chance,,,,
virginia,mint,-,Prime Time,Prime Time,Prime Time,Prime Time,Prime Time,Prime Time,Prime Time,Prime Time,Prime Time,Prime Time,Prime Time,Prime Time
virginia,morels,-,,,Starting Now,Prime Time,Last Chance,,,,,,,
virginia,mushrooms,-,Prime Time,Prime Time,Prime Time,Prime Time,Prime Time,Prime Time,Prime Time,Prime Time,Prime Time,Prime Time,Prime Time,Prime Time
virginia,mustard-greens,-,,,Starting Now,Prime Time,Prime Time,Last Chance,,,,Starting Now,Prime Time,Last Chance
virginia,nectarines,Nectarine,,,,,,,Starting Now,Last Chance,,,,
virginia,nettles,-,,,Starting Now,Last Chance,,,,,,,,
virginia,okra,Okra?,,,,,,,,Prime Time,,,,
virginia,onions,-,,,,Starting Now,Prime Time,Last Chance,,,,,,
virginia,oregano,-,Prime Time,Prime Time,Prime Time,Prime Time,Prime Time,Prime Time,Prime Time,Prime Time,Prime Time,Prime Time,Prime Time,Prime Time
virginia,parsley,-,Prime Time,Prime Time,Prime Time,Prime Time,Prime Time,Prime Time,Prime Time,Prime Time,Prime Time,Prime Time,Prime Time,Prime Time
virginia,parsnips,Parsnip,,,,,,,,,,Starting Now,Prime Time,Last Chance
virginia,pawpaw,Pawpaw?,,,,,,,,,Starting Now,Last Chance,,
virginia,pea-shoots,?,,,Starting Now,Last Chance,,,,,,,,
virginia,peaches,Peach,,,,,,,Starting Now,Last Chance,,,,
virginia,pears,Pear,,,,,,,Starting Now,Prime Time,Prime Time,Last Chance,,
virginia,peas,Peas,,,,,,Starting Now,Prime Time,Last Chance,,,,
virginia,peppers,--BROAD-CATEGORY--,,,,,,,Starting Now,Prime Time,Prime Time,Prime Time,Last Chance,
virginia,persimmons,Persimmon,,,,,,,,,,Starting Now,Last Chance,
virginia,plums,Plum,,,,,,,Starting Now,Prime Time,Last Chance,,,
virginia,potatoes,Potato,,,,,,Starting Now,Last Chance,,,Starting Now,Last Chance,
virginia,pumpkin,Pumpkin,,,,,,,,,Starting Now,Last Chance,,
virginia,purslane,-,Prime Time,Prime Time,Prime Time,Prime Time,Prime Time,Prime Time,Prime Time,Prime Time,Prime Time,Prime Time,Prime Time,Prime Time
virginia,quince,-,,,,,,,,,,Starting Now,Last Chance,
virginia,radicchio,Radicchio?,,,,,,,,,Starting Now,Prime Time,Prime Time,Last Chance
virginia,radishes,Radish?,,,Starting Now,Prime Time,Prime Time,Prime Time,Prime Time,Prime Time,Prime Time,Prime Time,Last Chance,
virginia,ramps,-,,,,Starting Now,Last Chance,,,,,,,
virginia,rapini,Rapini,Prime Time,Last Chance,,,Starting Now,Last Chance,,,,Starting Now,Prime Time,Prime Time
virginia,raspberries,Raspberry,,,,,,Starting Now,Prime Time,Prime Time,Prime Time,Last Chance,,
virginia,rhubarb,Rhubarb?,,,,Starting Now,Prime Time,Prime Time,Last Chance,,,,,
virginia,rosemary,-,,,,Starting Now,Prime Time,Prime Time,Prime Time,Prime Time,Prime Time,Prime Time,Last Chance,
virginia,sage,-,Prime Time,Prime Time,Prime Time,Prime Time,Prime Time,Prime Time,Prime Time,Prime Time,Prime Time,Prime Time,Prime Time,Prime Time
virginia,salsify,-,Last Chance,,,,,,,,,Starting Now,Prime Time,Prime Time
virginia,shallots,?,,,,,,Starting Now,Prime Time,Prime Time,Prime Time,Prime Time,Last Chance,
virginia,shell-beans,-,,,,,,,,Starting Now,Last Chance,,,
virginia,snap-peas,?,,,,,,Starting Now,Prime Time,Last Chance,,,,
virginia,snow-peas,?,,,,,,Starting Now,Prime Time,Last Chance,,,,
virginia,sorrel,-,Prime Time,Prime Time,Prime Time,Prime Time,Prime Time,Prime Time,Prime Time,Prime Time,Prime Time,Prime Time,Prime Time,Prime Time
virginia,spinach,Spinach,,,Starting Now,Prime Time,Prime Time,Last Chance,,,,Starting Now,Prime Time,Last Chance
virginia,sprouts,-,Prime Time,Prime Time,Prime Time,Prime Time,Prime Time,Prime Time,Prime Time,Prime Time,Prime Time,Prime Time,Prime Time,Prime Time
virginia,strawberries,Strawberry,,,,Starting Now,Prime Time,Last Chance,,,,,,
virginia,summer-squash,Summer squash,,,,,,Starting Now,Prime Time,Prime Time,Prime Time,Last Chance,,
virginia,sunchokes,-,Starting Now,Last Chance,,,,Starting Now,Last Chance,,,,,
virginia,sweet-potatoes,Sweet potato,Prime Time,Last Chance,,,,,,,,Starting Now,Prime Time,Prime Time
virginia,tarragon,-,,,,Starting Now,Prime Time,Last Chance,,,,,,
virginia,thyme,-,,,,Starting Now,Prime Time,Prime Time,Prime Time,Prime Time,Prime Time,Prime Time,Last Chance,
virginia,tomatillos,?,,,,,,,Starting Now,Prime Time,Prime Time,Last Chance,,
virginia,tomatoes,Tomato,,,,,,,Starting Now,Prime Time,Prime Time,Last Chance,,
virginia,turnips,Turnip,Prime Time,Prime Time,Last Chance,,,,,,Starting Now,Prime Time,Prime Time,Prime Time
virginia,watercress,?,,,,Starting Now,Prime Time,Prime Time,Last Chance,,,,,
virginia,watermelon,Watermelon,,,,,,,Starting Now,Prime Time,Last Chance,,,
virginia,winter-squash,Winter squash,,,,,,Starting Now,Prime Time,Prime Time,Prime Time,Last Chance,,
virginia,zucchini,Zucchini,,,,,,Starting Now,Prime Time,Prime Time,Prime Time,Last Chance,,
washington,apples,Apple,,,,,,,,Starting Now,Prime Time,Prime Time,Prime Time,Last Chance
washington,apricots,Apricot,,,,,,Starting Now,Prime Time,Last Chance,,,,
washington,arugula,Rocket,,,,,Starting Now,Prime Time,Prime Time,Prime Time,Prime Time,Last Chance,,
washington,asian-pears,?,,,,,,,,Starting Now,Prime Time,Prime Time,Last Chance,
washington,asparagus,Asparagus,,,,Starting Now,Prime Time,Last Chance,,,,,,
washington,basil,-,,,,,,,Starting Now,Prime Time,Prime Time,Last Chance,,
washington,beets,Beetroot,,,,,Starting Now,Prime Time,Prime Time,Prime Time,Last Chance,,,
washington,black-eyed-peas,-,,,,,Starting Now,Prime Time,Last Chance,,,,,
washington,blackberries,Blackberry,,,,,,,,Starting Now,Last Chance,,,
washington,blueberries,Blueberry,,,,,,,Starting Now,Prime Time,Last Chance,,,
washington,bok-choy,Bok Choy?,,,,,,Starting Now,Prime Time,Prime Time,Prime Time,Last Chance,,
washington,boysenberries,?,,,,,,,Starting Now,Last Chance,,,,
washington,brambles,--BROAD-CATEGORY--,,,,,,,Starting Now,Prime Time,Last Chance,,,
washington,broccoli,Broccoli,,,,,,Starting Now,Prime Time,Prime Time,Prime Time,Prime Time,Last Chance,
washington,brussels-sprouts,Brussels sprouts,Prime Time,Prime Time,Last Chance,,,,,,Starting Now,Prime Time,Prime Time,Prime Time
washington,cabbage,White cabbage,,,,,,,Starting Now,Prime Time,Prime Time,Prime Time,Prime Time,Last Chance
washington,cantaloupe,Cantaloupe?,,,,,,,,Starting Now,Prime Time,Last Chance,,
washington,cardoons,Cardoon?,,,,,,,,,,Starting Now,Prime Time,Last Chance
washington,carrots,Carrot,,,,,,Starting Now,Prime Time,Prime Time,Prime Time,Last Chance,,
washington,cauliflower,Cauliflower,,,,,,Starting Now,Prime Time,Prime Time,Prime Time,Prime Time,Last Chance,
washington,celery,Celery,,,,,,,,,,Starting Now,Last Chance,
washington,celery-root,-,Prime Time,Prime Time,Last Chance,,,,,,,Starting Now,Prime Time,Prime Time
washington,chard,Swiss chard?,Last Chance,,,,Starting Now,Prime Time,Prime Time,Prime Time,Prime Time,Prime Time,Prime Time,Prime Time
washington,cherries,Cherry,,,,,,Starting Now,Prime Time,Last Chance,,,,
washington,chickpeas,-,,,,Starting Now,Last Chance,,,,,,,
washington,chicories,?,,,,,,Starting Now,Prime Time,Prime Time,Prime Time,Last Chance,,
washington,chili-peppers,-,,,,,,,,Starting Now,Prime Time,Last Chance,,
washington,chives,-,,,,,Starting Now,Prime Time,Prime Time,Prime Time,Last Chance,,,
washington,cilantro,-,,,,,,Starting Now,Prime Time,Prime Time,Prime Time,Last Chance,,
washington,collard-greens,Collard greens?,,,,,Starting Now,Prime Time,Prime Time,Prime Time,Prime Time,Prime Time,Prime Time,Last Chance
washington,corn,Corn,,,,,,,Starting Now,Prime Time,Prime Time,Last Chance,,
washington,cranberries,-,,,,,,,,,Starting Now,Prime Time,Last Chance,
washington,cucumbers,Cucumber,,,,,,Starting Now,Prime Time,Prime Time,Prime Time,Last Chance,,
washington,currants,Currants,,,,,,Starting Now,Prime Time,Last Chance,,,,
washington,eggplant,Aubergine,,,,,,Starting Now,Prime Time,Prime Time,Prime Time,Prime Time,Last Chance,
washington,endive,Endive,,,,,,Starting Now,Prime Time,Prime Time,Prime Time,Last Chance,,
washington,fava-beans,-,,,,Starting Now,Prime Time,Prime Time,Last Chance,,,,,
washington,fennel,Fennel,,,,,,Starting Now,Prime Time,Prime Time,Prime Time,Prime Time,Last Chance,
washington,fiddleheads,Fiddleheads,,,,Starting Now,Last Chance,,,,,,,
washington,figs,Fig,,,,,,,Starting Now,Last Chance,,,,
washington,garlic,-,,,,,,,,Starting Now,Prime Time,Prime Time,Last Chance,
washington,garlic-scapes,-,,,Starting Now,Prime Time,Last Chance,,,,,,,
washington,gooseberries,Gooseberries,,,,,,,Starting Now,Last Chance,,,,
washington,grapes,Grapes,,,,,,,,Starting Now,Prime Time,Last Chance,,
washington,green-beans,Green bean,,,,,,,Starting Now,Prime Time,Prime Time,Last Chance,,
washington,green-onions,-,,,,Starting Now,Prime Time,Prime Time,Prime Time,Prime Time,Prime Time,Last Chance,,
washington,ground-cherries,-,,,,,,,Starting Now,Prime Time,Prime Time,Prime Time,Last Chance,
washington,horseradish,Horseradish?,Prime Time,Prime Time,Prime Time,Last Chance,,,,,,Starting Now,Prime Time,Prime Time
washington,kale,Kale,,,,,,,,,Starting Now,Prime Time,Last Chance,
washington,kiwi,Kiwi,,,,,,,,,Starting Now,Prime Time,Last Chance,
washington,kohlrabi,Kohlrabi,,,,,,Starting Now,Prime Time,Prime Time,Prime Time,Prime Time,Last Chance,
washington,lamb's-quarters,-,,,Starting Now,Prime Time,Prime Time,Prime Time,Prime Time,Prime Time,Prime Time,Prime Time,Last Chance,
washington,lavender,-,,,,,,,Starting Now,Prime Time,Last Chance,,,
washington,leeks,Leek,Prime Time,Prime Time,Prime Time,Last Chance,,,,,Starting Now,Prime Time,Prime Time,Prime Time
washington,lettuce,Lettuce,,,,,Starting Now,Prime Time,Prime Time,Prime Time,Prime Time,Prime Time,Last Chance,
washington,lima-beans,-,,,,,,,Starting Now,Prime Time,Prime Time,Last Chance,,
washington,melons,--BROAD-CATEGORY--,,,,,,,,Starting Now,Prime Time,Last Chance,,
washington,mint,-,,,,,Starting Now,Prime Time,Prime Time,Prime Time,Prime Time,Last Chance,,
washington,morels,-,,,,,Prime Time,,,,,,,
washington,mushrooms,-,Prime Time,Prime Time,Prime Time,Prime Time,Prime Time,Prime Time,Prime Time,Prime Time,Prime Time,Prime Time,Prime Time,Prime Time
washington,mustard-greens,-,,,,,,Starting Now,Prime Time,Prime Time,Prime Time,Prime Time,Last Chance,
washington,nectarines,Nectarine,,,,,,Starting Now,Prime Time,Prime Time,Last Chance,,,
washington,nettles,-,,,Starting Now,Prime Time,Last Chance,,,,,,,
washington,onions,-,,,,,,Starting Now,Prime Time,Prime Time,Last Chance,,,
washington,oregano,-,,,,,Starting Now,Prime Time,Prime Time,Prime Time,Prime Time,Prime Time,Prime Time,Last Chance
washington,parsley,-,,,,,,Starting Now,Prime Time,Prime Time,Prime Time,Prime Time,Last Chance,
washington,parsnips,Parsnip,Prime Time,Prime Time,Prime Time,Last Chance,,,,,,Starting Now,Prime Time,Prime Time
washington,pea-shoots,?,,,,,Starting Now,Prime Time,Prime Time,Last Chance,,,,
washington,peaches,Peach,,,,,,Starting Now,Prime Time,Prime Time,Last Chance,,,
washington,pears,Pear,,,,,,,,Starting Now,Prime Time,Prime Time,Last Chance,
washington,peas,Peas,,,,,,,Starting Now,Prime Time,Prime Time,Last Chance,,
washington,peppers,--BROAD-CATEGORY--,,,,,,,Starting Now,Prime Time,Prime Time,Last Chance,,
washington,persimmons,Persimmon,,,,,,,,,Starting Now,Prime Time,Last Chance,
washington,plums,Plum,,,,,,,,Starting Now,Last Chance,,,
washington,potatoes,Potato,Prime Time,Prime Time,Prime Time,Prime Time,Last Chance,,,Starting Now,Prime Time,Prime Time,Prime Time,Prime Time
washington,pumpkin,Pumpkin,Last Chance,,,,,,,,Starting Now,Prime Time,Prime Time,Prime Time
washington,purslane,-,,,Starting Now,Prime Time,Prime Time,Prime Time,Prime Time,Prime Time,Prime Time,Prime Time,Last Chance,
washington,quince,-,,,,,,,,,,Prime Time,,
washington,radicchio,Radicchio?,,,,,,Starting Now,Prime Time,Prime Time,Prime Time,Prime Time,Last Chance,
washington,radishes,Radish?,,,,Starting Now,Prime Time,Prime Time,Prime Time,Prime Time,Prime Time,Prime Time,Last Chance,
washington,rapini,Rapini,,,Starting Now,Prime Time,Last Chance,,,,Starting Now,Prime Time,Last Chance,
washington,raspberries,Raspberry,,,,,,Starting Now,Prime Time,Prime Time,Prime Time,Last Chance,,
washington,rhubarb,Rhubarb?,,,,Starting Now,Prime Time,Prime Time,Prime Time,Last Chance,,,,
washington,rosemary,-,,,,,,Starting Now,Prime Time,Prime Time,Prime Time,Prime Time,Last Chance,
washington,rutabaga,?,Prime Time,Last Chance,,,,Starting Now,Prime Time,Prime Time,Prime Time,Prime Time,Prime Time,Prime Time
washington,sage,-,,,,,,Starting Now,Prime Time,Prime Time,Prime Time,Prime Time,Last Chance,
washington,salsify,-,Last Chance,,,,,,,,Starting Now,Prime Time,Prime Time,Prime Time
washington,shallots,?,,,,,,,,,Starting Now,Prime Time,Prime Time,Last Chance
washington,shell-beans,-,,,,,,,Starting Now,Prime Time,Prime Time,Last Chance,,
washington,snap-peas,?,,,,,Starting Now,Prime Time,Prime Time,Last Chance,,,,
washington,snow-peas,?,,,,,Starting Now,Prime Time,Prime Time,Last Chance,,,,
washington,sorrel,-,,,Starting Now,Prime Time,Prime Time,Prime Time,Prime Time,Prime Time,Prime Time,Prime Time,Last Chance,
washington,spinach,Spinach,,,,Starting Now,Prime Time,Prime Time,Prime Time,Prime Time,Prime Time,Prime Time,Prime Time,Last Chance
washington,sprouts,-,Prime Time,Prime Time,Prime Time,Prime Time,Prime Time,Prime Time,Prime Time,Prime Time,Prime Time,Prime Time,Prime Time,Prime Time
washington,strawberries,Strawberry,,,,,,Starting Now,Prime Time,Prime Time,Last Chance,,,
washington,summer-squash,Summer squash,,,,,,Starting Now,Prime Time,Prime Time,Prime Time,Last Chance,,
washington,sunchokes,-,Prime Time,Prime Time,Prime Time,Prime Time,Last Chance,,,,,Starting Now,Prime Time,Prime Time
washington,sweet-potatoes,Sweet potato,,,,,,,,,Starting Now,Prime Time,Last Chance,
washington,tarragon,-,,,,,,Starting Now,Prime Time,Prime Time,Last Chance,,,
washington,thyme,-,,,,,,Starting Now,Prime Time,Prime Time,Prime Time,Last Chance,,
washington,tomatillos,?,,,,,,,Starting Now,Prime Time,Prime Time,Prime Time,Last Chance,
washington,tomatoes,Tomato,,,,,,,Starting Now,Prime Time,Prime Time,Prime Time,Last Chance,
washington,turnips,Turnip,Prime Time,Prime Time,Prime Time,Prime Time,Prime Time,Prime Time,Prime Time,Prime Time,Prime Time,Prime Time,Prime Time,Prime Time
washington,watercress,?,,,,,Starting Now,Prime Time,Prime Time,Last Chance,,,,
washington,watermelon,Watermelon,,,,,,,,Starting Now,Prime Time,Last Chance,,
washington,winter-squash,Winter squash,,,,,,,,,,Starting Now,Prime Time,Last Chance
washington,zucchini,Zucchini,,,,,,Starting Now,Prime Time,Prime Time,Prime Time,Last Chance,,
washington-dc,apples,Apple,Prime Time,Prime Time,Prime Time,Last Chance,,,Starting Now,Prime Time,Prime Time,Prime Time,Prime Time,Prime Time
washington-dc,apricots,Apricot,,,,,,Starting Now,Last Chance,,,,,
washington-dc,artichokes,Artichoke,,,,,,,,Prime Time,,,,
washington-dc,arugula,Rocket,,Prime Time,,Starting Now,Last Chance,,,,Starting Now,Last Chance,,
washington-dc,asian-pears,?,,,,,,,,Starting Now,Prime Time,Prime Time,Last Chance,
washington-dc,asparagus,Asparagus,,,,Starting Now,Prime Time,Last Chance,,,,,,
washington-dc,basil,-,,,,,Starting Now,Prime Time,Prime Time,Prime Time,Prime Time,Prime Time,Last Chance,
washington-dc,beets,Beetroot,Prime Time,Last Chance,,Starting Now,Prime Time,Prime Time,Prime Time,Prime Time,Prime Time,Prime Time,Prime Time,Prime Time
washington-dc,black-eyed-peas,-,,,,,,Starting Now,Prime Time,Last Chance,,,,
washington-dc,blackberries,Blackberry,,,,,,,Starting Now,Last Chance,,,,
washington-dc,blueberries,Blueberry,,,,,,Starting Now,Prime Time,Last Chance,,,,
washington-dc,bok-choy,Bok Choy?,,,,,,,,Starting Now,Prime Time,Last Chance,,
washington-dc,brambles,--BROAD-CATEGORY--,,,,,,Starting Now,Prime Time,Prime Time,Last Chance,,,
washington-dc,broccoli,Broccoli,,,,,,,,,Starting Now,Prime Time,Last Chance,
washington-dc,brussels-sprouts,Brussels sprouts,Last Chance,,,Prime Time,,,,,Starting Now,Prime Time,Prime Time,Prime Time
washington-dc,cabbage,White cabbage,Prime Time,Prime Time,Last Chance,,,Starting Now,Prime Time,Prime Time,Prime Time,Prime Time,Prime Time,Prime Time
washington-dc,cantaloupe,Cantaloupe?,,,,,,,Starting Now,Prime Time,Last Chance,,,
washington-dc,cardoons,Cardoon?,,,,,,,,,,Starting Now,Prime Time,Last Chance
washington-dc,carrots,Carrot,Prime Time,Prime Time,Prime Time,Prime Time,Prime Time,Prime Time,Prime Time,Prime Time,Prime Time,Prime Time,Prime Time,Prime Time
washington-dc,cauliflower,Cauliflower,Last Chance,,,,,,Starting Now,Prime Time,Prime Time,Prime Time,Prime Time,Prime Time
washington-dc,celery,Celery,,,,,,,,Starting Now,Prime Time,Prime Time,Prime Time,Last Chance
washington-dc,celery-root,-,Last Chance,,,,,,,,Starting Now,Prime Time,Prime Time,Prime Time
washington-dc,chard,Swiss chard?,,Starting Now,Prime Time,Prime Time,Prime Time,Prime Time,Prime Time,Prime Time,Prime Time,Prime Time,Last Chance,
washington-dc,cherries,Cherry,,,,,,Starting Now,Last Chance,,,,,
washington-dc,chestnuts,-,,,,,,,,,,Prime Time,,
washington-dc,chicories,?,,,,,,,,,Starting Now,Prime Time,Prime Time,Last Chance
washington-dc,chili-peppers,-,,,,,,Starting Now,Prime Time,Prime Time,Last Chance,,,
washington-dc,chives,-,,,Starting Now,Prime Time,Prime Time,Prime Time,Prime Time,Prime Time,Prime Time,Last Chance,,
washington-dc,cilantro,-,Prime Time,Prime Time,Prime Time,Prime Time,Prime Time,Prime Time,Prime Time,Prime Time,Prime Time,Prime Time,Prime Time,Prime Time
washington-dc,collard-greens,Collard greens?,,,,,Starting Now,Prime Time,Prime Time,Prime Time,Prime Time,Prime Time,Last Chance,
washington-dc,corn,Corn,,,,,,,Starting Now,Prime Time,Last Chance,,,
washington-dc,cucumbers,Cucumber,,,,,,Starting Now,Prime Time,Prime Time,Last Chance,,,
washington-dc,currants,Currants,,,,,,,Starting Now,Last Chance,,,,
washington-dc,edamame,-,,,,,,,,Starting Now,Prime Time,Last Chance,,
washington-dc,eggplant,Aubergine,,,,,,,Starting Now,Prime Time,Prime Time,Last Chance,,
washington-dc,endive,Endive,,,,,,,,,Starting Now,Prime Time,Prime Time,Last Chance
washington-dc,fennel,Fennel,,,,,,,Starting Now,Prime Time,Prime Time,Prime Time,Last Chance,
washington-dc,garlic,-,Prime Time,Last Chance,,,,,Starting Now,Prime Time,Prime Time,Prime Time,Prime Time,Prime Time
washington-dc,garlic-scapes,-,,,,,Starting Now,Last Chance,,,,,,
washington-dc,gooseberries,Gooseberries,,,,,,Starting Now,Last Chance,,,,,
washington-dc,grapes,Grapes,,,,,,,,Starting Now,Last Chance,,,
washington-dc,green-beans,Green bean,,,,,,Prime Time,,,,Prime Time,,
washington-dc,green-onions,-,,,Starting Now,Prime Time,Prime Time,Prime Time,Prime Time,Prime Time,Prime Time,Prime Time,Last Chance,
washington-dc,ground-cherries,-,,,,,,,Starting Now,Prime Time,Prime Time,Last Chance,,
washington-dc,horseradish,Horseradish?,Prime Time,Prime Time,Prime Time,Last Chance,,,,,,Starting Now,Prime Time,Prime Time
washington-dc,kale,Kale,Prime Time,Prime Time,Last Chance,,Starting Now,Prime Time,Prime Time,Prime Time,Prime Time,Prime Time,Prime Time,Prime Time
washington-dc,kohlrabi,Kohlrabi,,,,,Starting Now,Prime Time,Prime Time,Prime Time,Prime Time,Prime Time,Prime Time,Last Chance
washington-dc,lamb's-quarters,-,Prime Time,Prime Time,Prime Time,Prime Time,Prime Time,Prime Time,Prime Time,Prime Time,Prime Time,Prime Time,Prime Time,Prime Time
washington-dc,lavender,-,,,,,,,Starting Now,Prime Time,Prime Time,Last Chance,,
washington-dc,leeks,Leek,Prime Time,Prime Time,Last Chance,,,,Starting Now,Prime Time,Prime Time,Prime Time,Prime Time,Prime Time
washington-dc,lettuce,Lettuce,Prime Time,Prime Time,Prime Time,Prime Time,Prime Time,Prime Time,Prime Time,Prime Time,Prime Time,Prime Time,Prime Time,Prime Time
washington-dc,lima-beans,-,,,,,,,,Prime Time,,,,
washington-dc,melons,--BROAD-CATEGORY--,,,,,,,Starting Now,Prime Time,Last Chance,,,
washington-dc,mint,-,Prime Time,Prime Time,Prime Time,Prime Time,Prime Time,Prime Time,Prime Time,Prime Time,Prime Time,Prime Time,Prime Time,Prime Time
washington-dc,morels,-,,,,Starting Now,Last Chance,,,,,,,
washington-dc,mushrooms,-,Prime Time,Prime Time,Prime Time,Prime Time,Prime Time,Prime Time,Prime Time,Prime Time,Prime Time,Prime Time,Prime Time,Prime Time
washington-dc,mustard-greens,-,,,Starting Now,Prime Time,Prime Time,Last Chance,,,,Starting Now,Prime Time,Last Chance
washington-dc,nectarines,Nectarine,,,,,,Starting Now,Prime Time,Last Chance,,,,
washington-dc,nettles,-,,,,Prime Time,,,,,,,,
washington-dc,okra,Okra?,,,,,,,Prime Time,,,,,
washington-dc,onions,-,Prime Time,Prime Time,Prime Time,Prime Time,Prime Time,Prime Time,Prime Time,Prime Time,Prime Time,Prime Time,Prime Time,Prime Time
washington-dc,oregano,-,Prime Time,Prime Time,Prime Time,Prime Time,Prime Time,Prime Time,Prime Time,Prime Time,Prime Time,Prime Time,Prime Time,Prime Time
washington-dc,parsley,-,Prime Time,Prime Time,Prime Time,Prime Time,Prime Time,Prime Time,Prime Time,Prime Time,Prime Time,Prime Time,Prime Time,Prime Time
washington-dc,parsnips,Parsnip,Prime Time,Prime Time,Last Chance,,Prime Time,,,,Starting Now,Prime Time,Prime Time,Prime Time
washington-dc,pea-shoots,?,,,Starting Now,Prime Time,Prime Time,Last Chance,,,,,,
washington-dc,peaches,Peach,,,,,,,Starting Now,Prime Time,Last Chance,,,
washington-dc,pears,Pear,Last Chance,,,,,,,Starting Now,Prime Time,Prime Time,Prime Time,Prime Time
washington-dc,peas,Peas,,,,,Starting Now,Prime Time,Prime Time,Prime Time,Last Chance,,,
washington-dc,peppers,--BROAD-CATEGORY--,,,,,,,Starting Now,Prime Time,Prime Time,Last Chance,,
washington-dc,persimmons,Persimmon,,,,,,,,,,Starting Now,Last Chance,
washington-dc,plums,Plum,,,,,,,Starting Now,Prime Time,Last Chance,,,
washington-dc,potatoes,Potato,Prime Time,Prime Time,Prime Time,Last Chance,,Starting Now,Prime Time,Prime Time,Prime Time,Prime Time,Prime Time,Prime Time
washington-dc,pumpkin,Pumpkin,Last Chance,,,,,,,,Starting Now,Prime Time,Prime Time,Prime Time
washington-dc,purslane,-,Prime Time,Prime Time,Prime Time,Prime Time,Prime Time,Prime Time,Prime Time,Prime Time,Prime Time,Prime Time,Prime Time,Prime Time
washington-dc,quince,-,,,,,,,,,Starting Now,Prime Time,Last Chance,
washington-dc,radicchio,Radicchio?,,,,,,,,,Starting Now,Prime Time,Prime Time,Last Chance
washington-dc,radishes,Radish?,Prime Time,Prime Time,Last Chance,,Starting Now,Last Chance,,,Starting Now,Prime Time,Prime Time,Prime Time
washington-dc,ramps,-,,,,,Prime Time,,,,,,,
washington-dc,rapini,Rapini,,,,Starting Now,Last Chance,,Starting Now,Last Chance,,Starting Now,Last Chance,
washington-dc,raspberries,Raspberry,,,,,,Starting Now,Prime Time,Prime Time,Prime Time,Last Chance,,
washington-dc,rhubarb,Rhubarb?,,,,Starting Now,Prime Time,Prime Time,Last Chance,,,,,
washington-dc,rosemary,-,,,,Starting Now,Prime Time,Prime Time,Prime Time,Prime Time,Prime Time,Prime Time,Last Chance,
washington-dc,sage,-,Prime Time,Prime Time,Prime Time,Prime Time,Prime Time,Prime Time,Prime Time,Prime Time,Prime Time,Prime Time,Prime Time,Prime Time
washington-dc,salsify,-,Last Chance,,,,,,,,,Starting Now,Prime Time,Prime Time
washington-dc,shallots,?,Prime Time,,,,,,Prime Time,,,,,
washington-dc,shell-beans,-,,,,,,,Starting Now,Prime Time,Last Chance,,Prime Time,
washington-dc,snap-peas,?,,,,,Starting Now,Prime Time,Last Chance,,Prime Time,,,
washington-dc,snow-peas,?,,,,,,Starting Now,Prime Time,Prime Time,Last Chance,,,
washington-dc,sorrel,-,Prime Time,Prime Time,Prime Time,Prime Time,Prime Time,Prime Time,Prime Time,Prime Time,Prime Time,Prime Time,Prime Time,Prime Time
washington-dc,spinach,Spinach,,,Starting Now,Prime Time,Prime Time,Last Chance,,,Starting Now,Prime Time,Last Chance,
washington-dc,sprouts,-,Prime Time,Prime Time,Prime Time,Prime Time,Prime Time,Prime Time,Prime Time,Prime Time,Prime Time,Prime Time,Prime Time,Prime Time
washington-dc,strawberries,Strawberry,,,,,Starting Now,Last Chance,,,,,,
washington-dc,summer-squash,Summer squash,,,,,,Starting Now,Prime Time,Prime Time,Prime Time,Last Chance,,
washington-dc,sunchokes,-,Last Chance,,,,,,,,,,,Starting Now
washington-dc,sweet-potatoes,Sweet potato,Prime Time,Prime Time,Prime Time,Last Chance,,,,,Starting Now,Prime Time,Prime Time,Prime Time
washington-dc,tarragon,-,,,,Starting Now,Prime Time,Prime Time,Prime Time,Prime Time,Prime Time,Last Chance,,
washington-dc,thyme,-,,,,Starting Now,Prime Time,Prime Time,Prime Time,Prime Time,Prime Time,Prime Time,Last Chance,
washington-dc,tomatillos,?,,,,,,,Starting Now,Prime Time,Last Chance,,,
washington-dc,tomatoes,Tomato,,,,,,,Starting Now,Prime Time,Prime Time,Last Chance,,
washington-dc,turnips,Turnip,Starting Now,Prime Time,Prime Time,Prime Time,Prime Time,Last Chance,,Starting Now,Prime Time,Prime Time,Last Chance,
washington-dc,watercress,?,,,Prime Time,,,,,,,,,
washington-dc,watermelon,Watermelon,,,,,,,Starting Now,Prime Time,Last Chance,,,
washington-dc,winter-squash,Winter squash,Prime Time,Prime Time,Prime Time,Last Chance,,,,Starting Now,Prime Time,Prime Time,Prime Time,Prime Time
washington-dc,zucchini,Zucchini,,,,,,Starting Now,Prime Time,Prime Time,Prime Time,Last Chance,,
west-virginia,apples,Apple,,,,,,,,,Starting Now,Last Chance,,
west-virginia,apricots,Apricot,,,,,,,Starting Now,Last Chance,,,,
west-virginia,arugula,Rocket,,,,,Starting Now,Last Chance,,,Starting Now,Last Chance,,
west-virginia,asian-pears,?,,,,,,,,Starting Now,Prime Time,Last Chance,,
west-virginia,asparagus,Asparagus,,,,,Starting Now,Last Chance,,,,,,
west-virginia,basil,-,,,,,,,Starting Now,Prime Time,Last Chance,,,
west-virginia,beets,Beetroot,,,,,,,,Starting Now,Prime Time,Last Chance,,
west-virginia,black-eyed-peas,-,,,,,,Starting Now,Prime Time,Last Chance,,,,
west-virginia,blackberries,Blackberry,,,,,,,Starting Now,Last Chance,,,,
west-virginia,blueberries,Blueberry,,,,,,,Starting Now,Last Chance,,,,
west-virginia,bok-choy,Bok Choy?,,,,,,,,Prime Time,,,,
west-virginia,boysenberries,?,,,,,,Starting Now,Last Chance,,,,,
west-virginia,brambles,--BROAD-CATEGORY--,,,,,,,Starting Now,Last Chance,,,,
west-virginia,broccoli,Broccoli,,,,,,Starting Now,Last Chance,,,,,
west-virginia,brussels-sprouts,Brussels sprouts,,,,,,,,,Starting Now,Last Chance,,
west-virginia,cabbage,White cabbage,,,,,,,Starting Now,Prime Time,Last Chance,,,
west-virginia,cantaloupe,Cantaloupe?,,,,,,,,Starting Now,Prime Time,Last Chance,,
west-virginia,cardoons,Cardoon?,,,,,,,,,,Starting Now,Prime Time,Last Chance
west-virginia,carrots,Carrot,,,,,,,Starting Now,Prime Time,Prime Time,Last Chance,,
west-virginia,cauliflower,Cauliflower,,,,,,,,Starting Now,Last Chance,,,
west-virginia,celery,Celery,,,,,,,Starting Now,Prime Time,Prime Time,Last Chance,,
west-virginia,celery-root,-,,,,,,,,Starting Now,Prime Time,Last Chance,,
west-virginia,chard,Swiss chard?,,,,,,Starting Now,Prime Time,Prime Time,Last Chance,,,
west-virginia,cherries,Cherry,,,,,,Starting Now,Last Chance,,,,,
west-virginia,chicories,?,,,,,,,,,Starting Now,Prime Time,Last Chance,
west-virginia,chili-peppers,-,,,,,,Starting Now,Prime Time,Prime Time,Last Chance,,,
west-virginia,chives,-,,,Starting Now,Prime Time,Prime Time,Prime Time,Prime Time,Prime Time,Prime Time,Last Chance,,
west-virginia,cilantro,-,,,,,,Starting Now,Prime Time,Prime Time,Last Chance,,,
west-virginia,collard-greens,Collard greens?,,,,,,Starting Now,Prime Time,Prime Time,Prime Time,Last Chance,,
west-virginia,corn,Corn,,,,,,,Starting Now,Prime Time,Last Chance,,,
west-virginia,cucumbers,Cucumber,,,,,,Starting Now,Prime Time,Prime Time,Last Chance,,,
west-virginia,eggplant,Aubergine,,,,,,,,Starting Now,Prime Time,Last Chance,,
west-virginia,endive,Endive,,,,,,,,,Starting Now,Prime Time,Last Chance,
west-virginia,fava-beans,-,,,,,Prime Time,,,,,,,
west-virginia,garlic,-,,,,,,,,Starting Now,Prime Time,Last Chance,,
west-virginia,garlic-scapes,-,,,,,Starting Now,Last Chance,,,,,,
west-virginia,gooseberries,Gooseberries,,,,,,,Starting Now,Last Chance,,,,
west-virginia,grapes,Grapes,,,,,,,,Starting Now,Last Chance,,,
west-virginia,green-beans,Green bean,,,,,,,,Starting Now,Last Chance,,,
west-virginia,green-onions,-,,,,,,Starting Now,Prime Time,Prime Time,Last Chance,,,
west-virginia,ground-cherries,-,,,,,,Starting Now,Prime Time,Prime Time,Prime Time,Last Chance,,
west-virginia,horseradish,Horseradish?,Prime Time,Prime Time,Prime Time,Last Chance,,,,,,Starting Now,Prime Time,Prime Time
west-virginia,kale,Kale,,,,,Starting Now,Prime Time,Prime Time,Prime Time,Prime Time,Last Chance,,
west-virginia,kohlrabi,Kohlrabi,,,,,,Starting Now,Last Chance,,Starting Now,Last Chance,,
west-virginia,lamb's-quarters,-,,,,,Starting Now,Prime Time,Prime Time,Prime Time,Prime Time,Last Chance,,
west-virginia,lavender,-,,,,,,,Starting Now,Prime Time,Prime Time,Last Chance,,
west-virginia,leeks,Leek,,,,,,,,Starting Now,Prime Time,Last Chance,,
west-virginia,lettuce,Lettuce,,,,,Starting Now,Prime Time,Prime Time,Prime Time,Prime Time,Last Chance,,
west-virginia,lima-beans,-,,,,,,,,,Starting Now,Last Chance,,
west-virginia,melons,--BROAD-CATEGORY--,,,,,,,Starting Now,Prime Time,Last Chance,,,
west-virginia,mint,-,,,,Starting Now,Prime Time,Prime Time,Prime Time,Prime Time,Prime Time,Last Chance,,
west-virginia,morels,-,,,Starting Now,Prime Time,Last Chance,,,,,,,
west-virginia,mushrooms,-,,,,,Starting Now,Last Chance,,,Starting Now,Last Chance,,
west-virginia,mustard-greens,-,,,,,,Starting Now,Prime Time,Prime Time,Prime Time,Last Chance,,
west-virginia,nectarines,Nectarine,,,,,,,,Starting Now,Last Chance,,,
west-virginia,onions,-,,,,,,,,Starting Now,Prime Time,Last Chance,,
west-virginia,oregano,-,,,,Starting Now,Prime Time,Prime Time,Prime Time,Prime Time,Prime Time,Last Chance,,
west-virginia,parsley,-,,,,,Starting Now,Prime Time,Prime Time,Prime Time,Last Chance,,,
west-virginia,parsnips,Parsnip,,,,,,,,,Starting Now,Last Chance,,
west-virginia,pawpaw,Pawpaw?,,,,,,,,Starting Now,Last Chance,,,
west-virginia,pea-shoots,?,,,,,Starting Now,Last Chance,,,,,,
west-virginia,peaches,Peach,,,,,,,Starting Now,Prime Time,Last Chance,,,
west-virginia,pears,Pear,,,,,,,,Starting Now,Prime Time,Last Chance,,
west-virginia,peas,Peas,,,,,,,Starting Now,Last Chance,,,,
west-virginia,peppers,--BROAD-CATEGORY--,,,,,,,Starting Now,Prime Time,Prime Time,Last Chance,,
west-virginia,persimmons,Persimmon,,,,,,,,,,Prime Time,,
west-virginia,plums,Plum,,,,,,,Starting Now,Last Chance,,,,
west-virginia,potatoes,Potato,,,,,,,,Starting Now,Prime Time,Last Chance,,
west-virginia,pumpkin,Pumpkin,,,,,,,,,Starting Now,Last Chance,,
west-virginia,purslane,-,,,,,Starting Now,Prime Time,Prime Time,Prime Time,Prime Time,Last Chance,,
west-virginia,quince,-,,,,,,,,,,Starting Now,Last Chance,
west-virginia,radicchio,Radicchio?,,,,,,,,,Starting Now,Prime Time,Last Chance,
west-virginia,radishes,Radish?,,,,,,Prime Time,,,,,,
west-virginia,ramps,-,,,,Starting Now,Last Chance,,,,,,,
west-virginia,rapini,Rapini,Prime Time,Last Chance,,,Starting Now,Last Chance,,,,Starting Now,Prime Time,Prime Time
west-virginia,raspberries,Raspberry,,,,,,,,Starting Now,Last Chance,,,
west-virginia,rhubarb,Rhubarb?,,,,,,Prime Time,,,Prime Time,,,
west-virginia,rosemary,-,,,,Starting Now,Prime Time,Prime Time,Prime Time,Prime Time,Prime Time,Prime Time,Last Chance,
west-virginia,sage,-,,,,Starting Now,Prime Time,Prime Time,Prime Time,Prime Time,Prime Time,Last Chance,,
west-virginia,salsify,-,Last Chance,,,,,,,,,Starting Now,Prime Time,Prime Time
west-virginia,shallots,?,Last Chance,,,,,Starting Now,Last Chance,,,,,Starting Now
west-virginia,shell-beans,-,,,,,,,,,Starting Now,Last Chance,,
west-virginia,snap-peas,?,,,,,,Starting Now,Prime Time,Last Chance,,,,
west-virginia,snow-peas,?,,,,,,Starting Now,Prime Time,Last Chance,,,,
west-virginia,sorrel,-,,,,,Starting Now,Prime Time,Prime Time,Prime Time,Prime Time,Last Chance,,
west-virginia,spinach,Spinach,,,,,Starting Now,Prime Time,Prime Time,Prime Time,Prime Time,Last Chance,,
west-virginia,sprouts,-,Prime Time,Prime Time,Prime Time,Prime Time,Prime Time,Prime Time,Prime Time,Prime Time,Prime Time,Prime Time,Prime Time,Prime Time
west-virginia,strawberries,Strawberry,,,,,,Prime Time,,,Prime Time,,,
west-virginia,summer-squash,Summer squash,,,,,,,Starting Now,Prime Time,Prime Time,Last Chance,,
west-virginia,sunchokes,-,,,,,,,Prime Time,,,,,
west-virginia,sweet-potatoes,Sweet potato,,,,,,,,,Starting Now,Last Chance,,
west-virginia,tarragon,-,,,,Starting Now,Prime Time,Last Chance,,,,,,
west-virginia,thyme,-,,,,Starting Now,Prime Time,Prime Time,Prime Time,Prime Time,Prime Time,Prime Time,Last Chance,
west-virginia,tomatillos,?,,,,,,Starting Now,Prime Time,Prime Time,Prime Time,Last Chance,,
west-virginia,tomatoes,Tomato,,,,,,Starting Now,Prime Time,Prime Time,Prime Time,Last Chance,,
west-virginia,turnips,Turnip,,,,,,,,,Starting Now,Last Chance,,
west-virginia,watercress,?,,,,Starting Now,Prime Time,Prime Time,Last Chance,,,,,
west-virginia,watermelon,Watermelon,,,,,,,,Starting Now,Last Chance,,,
west-virginia,winter-squash,Winter squash,,,,,,,,Starting Now,Prime Time,Last Chance,,
west-virginia,zucchini,Zucchini,,,,,,,Starting Now,Prime Time,Prime Time,Last Chance,,
wisconsin,apples,Apple,,,,,,,Starting Now,Prime Time,Prime Time,Last Chance,,
wisconsin,arugula,Rocket,,,,,Starting Now,Prime Time,Prime Time,Prime Time,Prime Time,Prime Time,Last Chance,
wisconsin,asian-pears,?,,,,,,,,Starting Now,Prime Time,Last Chance,,
wisconsin,asparagus,Asparagus,,,,,Starting Now,Last Chance,,,,,,
wisconsin,basil,-,,,,,,,,Starting Now,Last Chance,,,
wisconsin,beets,Beetroot,,,,,,Starting Now,Prime Time,Prime Time,Prime Time,Last Chance,,
wisconsin,black-eyed-peas,-,,,,,,Starting Now,Last Chance,,,,,
wisconsin,blackberries,Blackberry,,,,,,Starting Now,Last Chance,,,,,
wisconsin,blueberries,Blueberry,,,,,,,Starting Now,Last Chance,,,,
wisconsin,bok-choy,Bok Choy?,,,,,,Starting Now,Prime Time,Prime Time,Prime Time,Last Chance,,
wisconsin,brambles,--BROAD-CATEGORY--,,,,,,Starting Now,Last Chance,,,,,
wisconsin,broccoli,Broccoli,,,,,,Starting Now,Prime Time,Prime Time,Prime Time,Last Chance,,
wisconsin,brussels-sprouts,Brussels sprouts,,,,,,,,,Starting Now,Prime Time,Prime Time,Last Chance
wisconsin,cabbage,White cabbage,,,,,,Starting Now,Prime Time,Prime Time,Prime Time,Prime Time,Last Chance,
wisconsin,cantaloupe,Cantaloupe?,,,,,,,Starting Now,Prime Time,Last Chance,,,
wisconsin,cardoons,Cardoon?,,,,,,,,,,Starting Now,Prime Time,Last Chance
wisconsin,carrots,Carrot,,,,,,,Starting Now,Prime Time,Prime Time,Prime Time,Last Chance,
wisconsin,cauliflower,Cauliflower,,,,,,,Starting Now,Prime Time,Prime Time,Last Chance,,
wisconsin,celery,Celery,,,,,,,,Starting Now,Prime Time,Last Chance,,
wisconsin,celery-root,-,,,,,,,,Starting Now,Prime Time,Last Chance,,
wisconsin,chard,Swiss chard?,,,,,,,Starting Now,Prime Time,Prime Time,Prime Time,Last Chance,
wisconsin,cherries,Cherry,,,,,,Starting Now,Last Chance,,,,,
wisconsin,chicories,?,,,,,,,,,Starting Now,Prime Time,Last Chance,
wisconsin,chili-peppers,-,,,,,,,Starting Now,Prime Time,Last Chance,,,
wisconsin,chives,-,,,Starting Now,Prime Time,Prime Time,Prime Time,Prime Time,Prime Time,Prime Time,Last Chance,,
wisconsin,cilantro,-,,,,,,,,Starting Now,Prime Time,Prime Time,Last Chance,
wisconsin,collard-greens,Collard greens?,,,,,,Starting Now,Prime Time,Prime Time,Prime Time,Last Chance,,
wisconsin,corn,Corn,,,,,,,Starting Now,Prime Time,Last Chance,,,
wisconsin,cranberries,-,,,,,,,,,Starting Now,Last Chance,,
wisconsin,cucumbers,Cucumber,,,,,,,Starting Now,Prime Time,Prime Time,Last Chance,,
wisconsin,currants,Currants,,,,,,Starting Now,Prime Time,Last Chance,,,,
wisconsin,eggplant,Aubergine,,,,,,,Starting Now,Prime Time,Prime Time,Last Chance,,
wisconsin,endive,Endive,,,,,,,,,Starting Now,Prime Time,Last Chance,
wisconsin,garlic,-,,,,,,,,Prime Time,,,,
wisconsin,garlic-scapes,-,,,,,,Prime Time,,,,,,
wisconsin,gooseberries,Gooseberries,,,,,,,Starting Now,Last Chance,,,,
wisconsin,grapes,Grapes,,,,,,,,Starting Now,Last Chance,,,
wisconsin,green-beans,Green bean,,,,,,,Starting Now,Prime Time,Last Chance,,,
wisconsin,green-onions,-,,,,,,Starting Now,Prime Time,Prime Time,Prime Time,Last Chance,,
wisconsin,ground-cherries,-,,,,,,,Starting Now,Prime Time,Prime Time,Last Chance,,
wisconsin,horseradish,Horseradish?,Prime Time,Prime Time,Prime Time,Last Chance,,,,,,Starting Now,Prime Time,Prime Time
wisconsin,kale,Kale,,,,,,Starting Now,Prime Time,Prime Time,Prime Time,Last Chance,,
wisconsin,kohlrabi,Kohlrabi,,,,,,Starting Now,Prime Time,Prime Time,Prime Time,Last Chance,,
wisconsin,lamb's-quarters,-,,,,,Starting Now,Prime Time,Prime Time,Prime Time,Prime Time,Last Chance,,
wisconsin,lavender,-,,,,,,,Starting Now,Prime Time,Prime Time,Last Chance,,
wisconsin,leeks,Leek,Last Chance,,,,,,,Starting Now,Prime Time,Prime Time,Prime Time,Prime Time
wisconsin,lettuce,Lettuce,,,,,,Starting Now,Last Chance,,,Prime Time,,
wisconsin,lima-beans,-,,,,,,,,,Starting Now,Last Chance,,
wisconsin,melons,--BROAD-CATEGORY--,,,,,,,Starting Now,Last Chance,,,,
wisconsin,mint,-,,,,Starting Now,Prime Time,Prime Time,Prime Time,Prime Time,Prime Time,Last Chance,,
wisconsin,mushrooms,-,Prime Time,Prime Time,Prime Time,Prime Time,Prime Time,Prime Time,Prime Time,Prime Time,Prime Time,Prime Time,Prime Time,Prime Time
wisconsin,mustard-greens,-,,,,,,Starting Now,Prime Time,Prime Time,Prime Time,Last Chance,,
wisconsin,nectarines,Nectarine,,,,,,,Starting Now,Last Chance,,,,
wisconsin,okra,Okra?,,,,,,,Starting Now,Prime Time,Last Chance,,,
wisconsin,onions,-,,,,,,,Starting Now,Prime Time,Last Chance,,,
wisconsin,oregano,-,,,,Starting Now,Prime Time,Prime Time,Prime Time,Prime Time,Prime Time,Last Chance,,
wisconsin,parsley,-,,,,,,Starting Now,Prime Time,Prime Time,Last Chance,,,
wisconsin,parsnips,Parsnip,,,,Prime Time,,,,,,Starting Now,Last Chance,
wisconsin,pea-shoots,?,,,,,,Starting Now,Last Chance,,,,,
wisconsin,peaches,Peach,,,,,,,Starting Now,Last Chance,,,,
wisconsin,pears,Pear,,,,,,,Starting Now,Prime Time,Prime Time,Last Chance,,
wisconsin,peas,Peas,,,,,,Starting Now,Last Chance,,,,,
wisconsin,peppers,--BROAD-CATEGORY--,,,,,,,Starting Now,Prime Time,Prime Time,Last Chance,,
wisconsin,plums,Plum,,,,,,,,,Starting Now,Last Chance,,
wisconsin,potatoes,Potato,,,,,,Starting Now,Prime Time,Prime Time,Prime Time,Last Chance,,
wisconsin,pumpkin,Pumpkin,,,,,,,,,Starting Now,Last Chance,,
wisconsin,purslane,-,,,,,Starting Now,Prime Time,Prime Time,Prime Time,Prime Time,Last Chance,,
wisconsin,quince,-,,,,,,,,,,Starting Now,Last Chance,
wisconsin,radicchio,Radicchio?,,,,,,,,,Starting Now,Prime Time,Last Chance,
wisconsin,radishes,Radish?,,,,,Starting Now,Last Chance,,,Starting Now,Last Chance,,
wisconsin,ramps,-,,,,Starting Now,Last Chance,,,,,,,
wisconsin,rapini,Rapini,Prime Time,Last Chance,,,Starting Now,Last Chance,,,,Starting Now,Prime Time,Prime Time
wisconsin,raspberries,Raspberry,,,,,,Starting Now,Prime Time,Prime Time,Prime Time,Prime Time,Last Chance,
wisconsin,rhubarb,Rhubarb?,,,,,Starting Now,Last Chance,,,,,,
wisconsin,rosemary,-,,,,Starting Now,Prime Time,Prime Time,Prime Time,Prime Time,Prime Time,Prime Time,Last Chance,
wisconsin,rutabaga,?,,,,,,,,,Starting Now,Prime Time,Last Chance,
wisconsin,sage,-,,,,Starting Now,Prime Time,Prime Time,Prime Time,Prime Time,Prime Time,Last Chance,,
wisconsin,salsify,-,Last Chance,,,,,,,,,Starting Now,Prime Time,Prime Time
wisconsin,shallots,?,,,,,,,Starting Now,Prime Time,Last Chance,,,
wisconsin,shell-beans,-,,,,,,,,,Starting Now,Last Chance,,
wisconsin,sorrel,-,,,,,Starting Now,Last Chance,,,Starting Now,Last Chance,,
wisconsin,spinach,Spinach,,,,,Starting Now,Last Chance,,,Starting Now,Last Chance,,
wisconsin,sprouts,-,Prime Time,Prime Time,Prime Time,Prime Time,Prime Time,Prime Time,Prime Time,Prime Time,Prime Time,Prime Time,Prime Time,Prime Time
wisconsin,strawberries,Strawberry,,,,,Starting Now,Last Chance,,,,,,
wisconsin,summer-squash,Summer squash,,,,,,,Starting Now,Prime Time,Last Chance,,,
wisconsin,sunchokes,-,,,,,,,Starting Now,Last Chance,,,,
wisconsin,sweet-potatoes,Sweet potato,,,,,,,,,Starting Now,Last Chance,,
wisconsin,tarragon,-,,,,Starting Now,Prime Time,Last Chance,,,,,,
wisconsin,thyme,-,,,,Starting Now,Prime Time,Prime Time,Prime Time,Prime Time,Prime Time,Prime Time,Last Chance,
wisconsin,tomatillos,?,,,,,,,Starting Now,Prime Time,Prime Time,Last Chance,,
wisconsin,tomatoes,Tomato,,,,,,,Starting Now,Prime Time,Prime Time,Last Chance,,
wisconsin,turnips,Turnip,,,,,,Starting Now,Last Chance,,,Starting Now,Prime Time,Last Chance
wisconsin,watercress,?,,,,Starting Now,Prime Time,Prime Time,Last Chance,,,,,
wisconsin,watermelon,Watermelon,,,,,,,,Starting Now,Prime Time,Last Chance,,
wisconsin,winter-squash,Winter squash,,,,,,,,Starting Now,Prime Time,Last Chance,,
wisconsin,zucchini,Zucchini,,,,,,,Starting Now,Prime Time,Prime Time,Last Chance,,
wyoming,apples,Apple,,,,,,,Starting Now,Prime Time,Prime Time,Last Chance,,
wyoming,arugula,Rocket,,,,,Starting Now,Prime Time,Prime Time,Prime Time,Last Chance,,,
wyoming,asparagus,Asparagus,,,,Starting Now,Prime Time,Last Chance,,,,,,
wyoming,basil,-,,,,,,,Starting Now,Prime Time,Last Chance,,,
wyoming,beets,Beetroot,,,,,Starting Now,Prime Time,Prime Time,Prime Time,Prime Time,Last Chance,,
wyoming,black-eyed-peas,-,,,,,,Starting Now,Last Chance,,,,,
wyoming,blackberries,Blackberry,,,,,,,Starting Now,Last Chance,,,,
wyoming,blueberries,Blueberry,,,,,,,Starting Now,Last Chance,,,,
wyoming,bok-choy,Bok Choy?,,,,,,,,Starting Now,Last Chance,,,
wyoming,brambles,--BROAD-CATEGORY--,,,,,,,Starting Now,Last Chance,,,,
wyoming,broccoli,Broccoli,,,,,,Starting Now,Prime Time,Prime Time,Prime Time,Last Chance,,
wyoming,brussels-sprouts,Brussels sprouts,,,,,,,,Starting Now,Prime Time,Prime Time,Last Chance,
wyoming,cabbage,White cabbage,,,,,,Starting Now,Prime Time,Prime Time,Prime Time,Prime Time,Last Chance,
wyoming,cantaloupe,Cantaloupe?,,,,,,,,Starting Now,Last Chance,,,
wyoming,cardoons,Cardoon?,,,,,,,,,,Starting Now,Prime Time,Last Chance
wyoming,carrots,Carrot,,,,,Starting Now,Prime Time,Prime Time,Prime Time,Prime Time,Prime Time,Last Chance,
wyoming,cauliflower,Cauliflower,,,,,,,,Starting Now,Prime Time,Prime Time,Last Chance,
wyoming,celery,Celery,,,,,,,,Starting Now,Prime Time,Last Chance,,
wyoming,celery-root,-,,,,,,,,Starting Now,Prime Time,Last Chance,,
wyoming,chard,Swiss chard?,,,,,Starting Now,Prime Time,Prime Time,Prime Time,Last Chance,,,
wyoming,cherries,Cherry,,,,,,Starting Now,Last Chance,,,,,
wyoming,chicories,?,,,,,,,,,Starting Now,Prime Time,Last Chance,
wyoming,chili-peppers,-,,,,,,,Starting Now,Prime Time,Last Chance,,,
wyoming,chives,-,,,Starting Now,Prime Time,Prime Time,Prime Time,Prime Time,Prime Time,Prime Time,Last Chance,,
wyoming,cilantro,-,,,,,,Starting Now,Prime Time,Prime Time,Last Chance,,,
wyoming,collard-greens,Collard greens?,,,,,Starting Now,Prime Time,Prime Time,Prime Time,Prime Time,Prime Time,Last Chance,
wyoming,corn,Corn,,,,,,Starting Now,Prime Time,Last Chance,,,,
wyoming,cucumbers,Cucumber,,,,,,,Starting Now,Prime Time,Prime Time,Last Chance,,
wyoming,eggplant,Aubergine,,,,,,,Starting Now,Prime Time,Prime Time,Last Chance,,
wyoming,endive,Endive,,,,,,,,,Starting Now,Prime Time,Last Chance,
wyoming,fava-beans,-,,,,,Prime Time,,,,,,,
wyoming,fennel,Fennel,,,,Starting Now,Last Chance,,Starting Now,Last Chance,,,,
wyoming,garlic,-,,,,,,,,Starting Now,Prime Time,Prime Time,Last Chance,
wyoming,garlic-scapes,-,,,,,Starting Now,Last Chance,,,,,,
wyoming,gooseberries,Gooseberries,,,,,,,Starting Now,Last Chance,,,,
wyoming,grapes,Grapes,,,,,,,,Starting Now,Last Chance,,,
wyoming,green-beans,Green bean,,,,,,,Starting Now,Prime Time,Last Chance,,,
wyoming,green-onions,-,,,,,,Starting Now,Prime Time,Prime Time,Last Chance,,,
wyoming,ground-cherries,-,,,,,,,Starting Now,Prime Time,Prime Time,Prime Time,Last Chance,
wyoming,horseradish,Horseradish?,Prime Time,Prime Time,Prime Time,Last Chance,,,,,,Starting Now,Prime Time,Prime Time
wyoming,kale,Kale,,,,,,Starting Now,Prime Time,Prime Time,Prime Time,Prime Time,Last Chance,
wyoming,kohlrabi,Kohlrabi,,,,,,Starting Now,Prime Time,Prime Time,Last Chance,,,
wyoming,lamb's-quarters,-,,,,,Starting Now,Prime Time,Prime Time,Prime Time,Prime Time,Last Chance,,
wyoming,lavender,-,,,,,,,Starting Now,Prime Time,Prime Time,Last Chance,,
wyoming,leeks,Leek,,,,,,,,Starting Now,Prime Time,Last Chance,,
wyoming,lettuce,Lettuce,,,,,Starting Now,Prime Time,Prime Time,Prime Time,Prime Time,Last Chance,,
wyoming,lima-beans,-,,,,,,,,,Starting Now,Last Chance,,
wyoming,melons,--BROAD-CATEGORY--,,,,,,,Starting Now,Prime Time,Last Chance,,,
wyoming,mint,-,,,,Starting Now,Prime Time,Prime Time,Prime Time,Prime Time,Prime Time,Last Chance,,
wyoming,morels,-,,,Starting Now,Prime Time,Last Chance,,,,,,,
wyoming,mushrooms,-,Prime Time,Prime Time,Prime Time,Prime Time,Prime Time,Prime Time,Prime Time,Prime Time,Prime Time,Prime Time,Prime Time,Prime Time
wyoming,mustard-greens,-,,,,,Starting Now,Prime Time,Prime Time,Prime Time,Prime Time,Prime Time,Last Chance,
wyoming,nectarines,Nectarine,,,,,,,Starting Now,Last Chance,,,,
wyoming,onions,-,,,,,,,,Starting Now,Prime Time,Last Chance,,
wyoming,oregano,-,,,,Starting Now,Prime Time,Prime Time,Prime Time,Prime Time,Prime Time,Last Chance,,
wyoming,parsley,-,,,,,Starting Now,Prime Time,Prime Time,Prime Time,Last Chance,,,
wyoming,parsnips,Parsnip,,,,Starting Now,Last Chance,,,,,Starting Now,Last Chance,
wyoming,pea-shoots,?,,,,Starting Now,Last Chance,,,,,,,
wyoming,peaches,Peach,,,,,,,Starting Now,Last Chance,,,,
wyoming,pears,Pear,,,,,,,,Starting Now,Prime Time,Last Chance,,
wyoming,peas,Peas,,,,,,Starting Now,Prime Time,Last Chance,,,,
wyoming,peppers,--BROAD-CATEGORY--,,,,,,Starting Now,Prime Time,Prime Time,Last Chance,,,
wyoming,persimmons,Persimmon,,,,,,,,,,Prime Time,,
wyoming,plums,Plum,,,,,,,Starting Now,Last Chance,,,,
wyoming,potatoes,Potato,,,,,,,Starting Now,Prime Time,Prime Time,Prime Time,Last Chance,
wyoming,pumpkin,Pumpkin,,,,,,,,,Starting Now,Last Chance,,
wyoming,purslane,-,,,,,Starting Now,Prime Time,Prime Time,Prime Time,Prime Time,Last Chance,,
wyoming,quince,-,,,,,,,,,,Starting Now,Last Chance,
wyoming,radicchio,Radicchio?,,,,,,,,,Starting Now,Prime Time,Last Chance,
wyoming,radishes,Radish?,,,,,Starting Now,Prime Time,Prime Time,Prime Time,Prime Time,Last Chance,,
wyoming,rapini,Rapini,Prime Time,Last Chance,,,Starting Now,Last Chance,,,,Starting Now,Prime Time,Prime Time
wyoming,raspberries,Raspberry,,,,,,Starting Now,Prime Time,Last Chance,,,,
wyoming,rhubarb,Rhubarb?,,,,Starting Now,Prime Time,Last Chance,,,,,,
wyoming,rosemary,-,,,,Starting Now,Prime Time,Prime Time,Prime Time,Prime Time,Prime Time,Prime Time,Last Chance,
wyoming,rutabaga,?,,,,,,,,,Starting Now,Prime Time,Last Chance,
wyoming,sage,-,,,,Starting Now,Prime Time,Prime Time,Prime Time,Prime Time,Prime Time,Prime Time,Last Chance,
wyoming,salsify,-,Last Chance,,,,,,,,,Starting Now,Prime Time,Prime Time
wyoming,shallots,?,,,,,,,Starting Now,Prime Time,Last Chance,,,
wyoming,shell-beans,-,,,,,,,,,Starting Now,Last Chance,,
wyoming,snap-peas,?,,,,,,Starting Now,Prime Time,Last Chance,,,,
wyoming,snow-peas,?,,,,,,Starting Now,Prime Time,Last Chance,,,,
wyoming,sorrel,-,,,,,Starting Now,Prime Time,Prime Time,Prime Time,Prime Time,Last Chance,,
wyoming,spinach,Spinach,,,,,Starting Now,Prime Time,Prime Time,Prime Time,Prime Time,Last Chance,,
wyoming,sprouts,-,Prime Time,Prime Time,Prime Time,Prime Time,Prime Time,Prime Time,Prime Time,Prime Time,Prime Time,Prime Time,Prime Time,Prime Time
wyoming,strawberries,Strawberry,,,,,,Starting Now,Last Chance,,,,,
wyoming,summer-squash,Summer squash,,,,,,,Starting Now,Prime Time,Prime Time,Last Chance,,
wyoming,sunchokes,-,,,,,,,Starting Now,Last Chance,,,,
wyoming,tarragon,-,,,,Starting Now,Prime Time,Last Chance,,,,,,
wyoming,thyme,-,,,,Starting Now,Prime Time,Prime Time,Prime Time,Prime Time,Prime Time,Prime Time,Last Chance,
wyoming,tomatillos,?,,,,,,,Starting Now,Prime Time,Prime Time,Prime Time,Last Chance,
wyoming,tomatoes,Tomato,,,,,,,Starting Now,Prime Time,Prime Time,Prime Time,Last Chance,
wyoming,turnips,Turnip,,,,,,,,Starting Now,Prime Time,Prime Time,Last Chance,
wyoming,watercress,?,,,,Starting Now,Prime Time,Prime Time,Last Chance,,,,,
wyoming,watermelon,Watermelon,,,,,,,,Starting Now,Last Chance,,,
wyoming,winter-squash,Winter squash,,,,,,,,Starting Now,Prime Time,Prime Time,Last Chance,
wyoming,zucchini,Zucchini,,,,,,,Starting Now,Prime Time,Prime Time,Last Chance,,
